id1	id2	path1	path2
GCST90079736	GCST90083722	/gpfs/chencao/qinminzhang/workflow/ldsc/GWAS/all/GCST90079736.txt.gz	/gpfs/chencao/qinminzhang/workflow/catalog_lof/run_all/data/GCST90083722_buildGRCh38_M1_001_ensg_beta_se.csv
GCST90079737	GCST90083723	/gpfs/chencao/qinminzhang/workflow/ldsc/GWAS/all/GCST90079737.txt.gz	/gpfs/chencao/qinminzhang/workflow/catalog_lof/run_all/data/GCST90083723_buildGRCh38_M1_001_ensg_beta_se.csv
GCST90080060	GCST90084046	/gpfs/chencao/qinminzhang/workflow/ldsc/GWAS/all/GCST90080060.txt.gz	/gpfs/chencao/qinminzhang/workflow/catalog_lof/run_all/data/GCST90084046_buildGRCh38_M1_001_ensg_beta_se.csv
GCST90079734	GCST90083720	/gpfs/chencao/qinminzhang/workflow/ldsc/GWAS/all/GCST90079734.txt.gz	/gpfs/chencao/qinminzhang/workflow/catalog_lof/run_all/data/GCST90083720_buildGRCh38_M1_001_ensg_beta_se.csv
GCST90081171	GCST90085157	/gpfs/chencao/qinminzhang/workflow/ldsc/GWAS/all/GCST90081171.txt.gz	/gpfs/chencao/qinminzhang/workflow/catalog_lof/run_all/data/GCST90085157_buildGRCh38_M1_001_ensg_beta_se.csv
GCST90081058	GCST90085044	/gpfs/chencao/qinminzhang/workflow/ldsc/GWAS/all/GCST90081058.txt.gz	/gpfs/chencao/qinminzhang/workflow/catalog_lof/run_all/data/GCST90085044_buildGRCh38_M1_001_ensg_beta_se.csv
GCST90080920	GCST90084906	/gpfs/chencao/qinminzhang/workflow/ldsc/GWAS/all/GCST90080920.txt.gz	/gpfs/chencao/qinminzhang/workflow/catalog_lof/run_all/data/GCST90084906_buildGRCh38_M1_001_ensg_beta_se.csv
GCST90081073	GCST90085059	/gpfs/chencao/qinminzhang/workflow/ldsc/GWAS/all/GCST90081073.txt.gz	/gpfs/chencao/qinminzhang/workflow/catalog_lof/run_all/data/GCST90085059_buildGRCh38_M1_001_ensg_beta_se.csv
GCST90080833	GCST90084819	/gpfs/chencao/qinminzhang/workflow/ldsc/GWAS/all/GCST90080833.txt.gz	/gpfs/chencao/qinminzhang/workflow/catalog_lof/run_all/data/GCST90084819_buildGRCh38_M1_001_ensg_beta_se.csv
GCST90081375	GCST90085361	/gpfs/chencao/qinminzhang/workflow/ldsc/GWAS/all/GCST90081375.txt.gz	/gpfs/chencao/qinminzhang/workflow/catalog_lof/run_all/data/GCST90085361_buildGRCh38_M1_001_ensg_beta_se.csv
GCST90079864	GCST90083850	/gpfs/chencao/qinminzhang/workflow/ldsc/GWAS/all/GCST90079864.txt.gz	/gpfs/chencao/qinminzhang/workflow/catalog_lof/run_all/data/GCST90083850_buildGRCh38_M1_001_ensg_beta_se.csv
GCST90077940	GCST90081926	/gpfs/chencao/qinminzhang/workflow/ldsc/GWAS/all/GCST90077940.txt.gz	/gpfs/chencao/qinminzhang/workflow/catalog_lof/run_all/data/GCST90081926_buildGRCh38_M1_001_ensg_beta_se.csv
GCST90081230	GCST90085216	/gpfs/chencao/qinminzhang/workflow/ldsc/GWAS/all/GCST90081230.txt.gz	/gpfs/chencao/qinminzhang/workflow/catalog_lof/run_all/data/GCST90085216_buildGRCh38_M1_001_ensg_beta_se.csv
GCST90079954	GCST90083940	/gpfs/chencao/qinminzhang/workflow/ldsc/GWAS/all/GCST90079954.txt.gz	/gpfs/chencao/qinminzhang/workflow/catalog_lof/run_all/data/GCST90083940_buildGRCh38_M1_001_ensg_beta_se.csv
GCST90081040	GCST90085026	/gpfs/chencao/qinminzhang/workflow/ldsc/GWAS/all/GCST90081040.txt.gz	/gpfs/chencao/qinminzhang/workflow/catalog_lof/run_all/data/GCST90085026_buildGRCh38_M1_001_ensg_beta_se.csv
GCST90079743	GCST90083729	/gpfs/chencao/qinminzhang/workflow/ldsc/GWAS/all/GCST90079743.txt.gz	/gpfs/chencao/qinminzhang/workflow/catalog_lof/run_all/data/GCST90083729_buildGRCh38_M1_001_ensg_beta_se.csv
GCST90079947	GCST90083933	/gpfs/chencao/qinminzhang/workflow/ldsc/GWAS/all/GCST90079947.txt.gz	/gpfs/chencao/qinminzhang/workflow/catalog_lof/run_all/data/GCST90083933_buildGRCh38_M1_001_ensg_beta_se.csv
GCST90080915	GCST90084901	/gpfs/chencao/qinminzhang/workflow/ldsc/GWAS/all/GCST90080915.txt.gz	/gpfs/chencao/qinminzhang/workflow/catalog_lof/run_all/data/GCST90084901_buildGRCh38_M1_001_ensg_beta_se.csv
GCST90079795	GCST90083781	/gpfs/chencao/qinminzhang/workflow/ldsc/GWAS/all/GCST90079795.txt.gz	/gpfs/chencao/qinminzhang/workflow/catalog_lof/run_all/data/GCST90083781_buildGRCh38_M1_001_ensg_beta_se.csv
GCST90080458	GCST90084444	/gpfs/chencao/qinminzhang/workflow/ldsc/GWAS/all/GCST90080458.txt.gz	/gpfs/chencao/qinminzhang/workflow/catalog_lof/run_all/data/GCST90084444_buildGRCh38_M1_001_ensg_beta_se.csv
GCST90080135	GCST90084121	/gpfs/chencao/qinminzhang/workflow/ldsc/GWAS/all/GCST90080135.txt.gz	/gpfs/chencao/qinminzhang/workflow/catalog_lof/run_all/data/GCST90084121_buildGRCh38_M1_001_ensg_beta_se.csv
GCST90077686	GCST90081672	/gpfs/chencao/qinminzhang/workflow/ldsc/GWAS/all/GCST90077686.txt.gz	/gpfs/chencao/qinminzhang/workflow/catalog_lof/run_all/data/GCST90081672_buildGRCh38_M1_001_ensg_beta_se.csv
GCST90080919	GCST90084905	/gpfs/chencao/qinminzhang/workflow/ldsc/GWAS/all/GCST90080919.txt.gz	/gpfs/chencao/qinminzhang/workflow/catalog_lof/run_all/data/GCST90084905_buildGRCh38_M1_001_ensg_beta_se.csv
GCST90081377	GCST90085363	/gpfs/chencao/qinminzhang/workflow/ldsc/GWAS/all/GCST90081377.txt.gz	/gpfs/chencao/qinminzhang/workflow/catalog_lof/run_all/data/GCST90085363_buildGRCh38_M1_001_ensg_beta_se.csv
GCST90081437	GCST90085423	/gpfs/chencao/qinminzhang/workflow/ldsc/GWAS/all/GCST90081437.txt.gz	/gpfs/chencao/qinminzhang/workflow/catalog_lof/run_all/data/GCST90085423_buildGRCh38_M1_001_ensg_beta_se.csv
GCST90077674	GCST90081660	/gpfs/chencao/qinminzhang/workflow/ldsc/GWAS/all/GCST90077674.txt.gz	/gpfs/chencao/qinminzhang/workflow/catalog_lof/run_all/data/GCST90081660_buildGRCh38_M1_001_ensg_beta_se.csv
GCST90077866	GCST90081852	/gpfs/chencao/qinminzhang/workflow/ldsc/GWAS/all/GCST90077866.txt.gz	/gpfs/chencao/qinminzhang/workflow/catalog_lof/run_all/data/GCST90081852_buildGRCh38_M1_001_ensg_beta_se.csv
GCST90079710	GCST90083696	/gpfs/chencao/qinminzhang/workflow/ldsc/GWAS/all/GCST90079710.txt.gz	/gpfs/chencao/qinminzhang/workflow/catalog_lof/run_all/data/GCST90083696_buildGRCh38_M1_001_ensg_beta_se.csv
GCST90077713	GCST90081699	/gpfs/chencao/qinminzhang/workflow/ldsc/GWAS/all/GCST90077713.txt.gz	/gpfs/chencao/qinminzhang/workflow/catalog_lof/run_all/data/GCST90081699_buildGRCh38_M1_001_ensg_beta_se.csv
GCST90077768	GCST90081754	/gpfs/chencao/qinminzhang/workflow/ldsc/GWAS/all/GCST90077768.txt.gz	/gpfs/chencao/qinminzhang/workflow/catalog_lof/run_all/data/GCST90081754_buildGRCh38_M1_001_ensg_beta_se.csv
GCST90077654	GCST90081640	/gpfs/chencao/qinminzhang/workflow/ldsc/GWAS/all/GCST90077654.txt.gz	/gpfs/chencao/qinminzhang/workflow/catalog_lof/run_all/data/GCST90081640_buildGRCh38_M1_001_ensg_beta_se.csv
GCST90080136	GCST90084122	/gpfs/chencao/qinminzhang/workflow/ldsc/GWAS/all/GCST90080136.txt.gz	/gpfs/chencao/qinminzhang/workflow/catalog_lof/run_all/data/GCST90084122_buildGRCh38_M1_001_ensg_beta_se.csv
GCST90077858	GCST90081844	/gpfs/chencao/qinminzhang/workflow/ldsc/GWAS/all/GCST90077858.txt.gz	/gpfs/chencao/qinminzhang/workflow/catalog_lof/run_all/data/GCST90081844_buildGRCh38_M1_001_ensg_beta_se.csv
GCST90077807	GCST90081793	/gpfs/chencao/qinminzhang/workflow/ldsc/GWAS/all/GCST90077807.txt.gz	/gpfs/chencao/qinminzhang/workflow/catalog_lof/run_all/data/GCST90081793_buildGRCh38_M1_001_ensg_beta_se.csv
GCST90077864	GCST90081850	/gpfs/chencao/qinminzhang/workflow/ldsc/GWAS/all/GCST90077864.txt.gz	/gpfs/chencao/qinminzhang/workflow/catalog_lof/run_all/data/GCST90081850_buildGRCh38_M1_001_ensg_beta_se.csv
GCST90077658	GCST90081644	/gpfs/chencao/qinminzhang/workflow/ldsc/GWAS/all/GCST90077658.txt.gz	/gpfs/chencao/qinminzhang/workflow/catalog_lof/run_all/data/GCST90081644_buildGRCh38_M1_001_ensg_beta_se.csv
GCST90077792	GCST90081778	/gpfs/chencao/qinminzhang/workflow/ldsc/GWAS/all/GCST90077792.txt.gz	/gpfs/chencao/qinminzhang/workflow/catalog_lof/run_all/data/GCST90081778_buildGRCh38_M1_001_ensg_beta_se.csv
GCST90081325	GCST90085311	/gpfs/chencao/qinminzhang/workflow/ldsc/GWAS/all/GCST90081325.txt.gz	/gpfs/chencao/qinminzhang/workflow/catalog_lof/run_all/data/GCST90085311_buildGRCh38_M1_001_ensg_beta_se.csv
GCST90077695	GCST90081681	/gpfs/chencao/qinminzhang/workflow/ldsc/GWAS/all/GCST90077695.txt.gz	/gpfs/chencao/qinminzhang/workflow/catalog_lof/run_all/data/GCST90081681_buildGRCh38_M1_001_ensg_beta_se.csv
GCST90077969	GCST90081955	/gpfs/chencao/qinminzhang/workflow/ldsc/GWAS/all/GCST90077969.txt.gz	/gpfs/chencao/qinminzhang/workflow/catalog_lof/run_all/data/GCST90081955_buildGRCh38_M1_001_ensg_beta_se.csv
GCST90080159	GCST90084145	/gpfs/chencao/qinminzhang/workflow/ldsc/GWAS/all/GCST90080159.txt.gz	/gpfs/chencao/qinminzhang/workflow/catalog_lof/run_all/data/GCST90084145_buildGRCh38_M1_001_ensg_beta_se.csv
GCST90077666	GCST90081652	/gpfs/chencao/qinminzhang/workflow/ldsc/GWAS/all/GCST90077666.txt.gz	/gpfs/chencao/qinminzhang/workflow/catalog_lof/run_all/data/GCST90081652_buildGRCh38_M1_001_ensg_beta_se.csv
GCST90077717	GCST90081703	/gpfs/chencao/qinminzhang/workflow/ldsc/GWAS/all/GCST90077717.txt.gz	/gpfs/chencao/qinminzhang/workflow/catalog_lof/run_all/data/GCST90081703_buildGRCh38_M1_001_ensg_beta_se.csv
GCST90077721	GCST90081707	/gpfs/chencao/qinminzhang/workflow/ldsc/GWAS/all/GCST90077721.txt.gz	/gpfs/chencao/qinminzhang/workflow/catalog_lof/run_all/data/GCST90081707_buildGRCh38_M1_001_ensg_beta_se.csv
GCST90077738	GCST90081724	/gpfs/chencao/qinminzhang/workflow/ldsc/GWAS/all/GCST90077738.txt.gz	/gpfs/chencao/qinminzhang/workflow/catalog_lof/run_all/data/GCST90081724_buildGRCh38_M1_001_ensg_beta_se.csv
GCST90077868	GCST90081854	/gpfs/chencao/qinminzhang/workflow/ldsc/GWAS/all/GCST90077868.txt.gz	/gpfs/chencao/qinminzhang/workflow/catalog_lof/run_all/data/GCST90081854_buildGRCh38_M1_001_ensg_beta_se.csv
GCST90077973	GCST90081959	/gpfs/chencao/qinminzhang/workflow/ldsc/GWAS/all/GCST90077973.txt.gz	/gpfs/chencao/qinminzhang/workflow/catalog_lof/run_all/data/GCST90081959_buildGRCh38_M1_001_ensg_beta_se.csv
GCST90080456	GCST90084442	/gpfs/chencao/qinminzhang/workflow/ldsc/GWAS/all/GCST90080456.txt.gz	/gpfs/chencao/qinminzhang/workflow/catalog_lof/run_all/data/GCST90084442_buildGRCh38_M1_001_ensg_beta_se.csv
GCST90077860	GCST90081846	/gpfs/chencao/qinminzhang/workflow/ldsc/GWAS/all/GCST90077860.txt.gz	/gpfs/chencao/qinminzhang/workflow/catalog_lof/run_all/data/GCST90081846_buildGRCh38_M1_001_ensg_beta_se.csv
GCST90077967	GCST90081953	/gpfs/chencao/qinminzhang/workflow/ldsc/GWAS/all/GCST90077967.txt.gz	/gpfs/chencao/qinminzhang/workflow/catalog_lof/run_all/data/GCST90081953_buildGRCh38_M1_001_ensg_beta_se.csv
GCST90081069	GCST90085055	/gpfs/chencao/qinminzhang/workflow/ldsc/GWAS/all/GCST90081069.txt.gz	/gpfs/chencao/qinminzhang/workflow/catalog_lof/run_all/data/GCST90085055_buildGRCh38_M1_001_ensg_beta_se.csv
GCST90077676	GCST90081662	/gpfs/chencao/qinminzhang/workflow/ldsc/GWAS/all/GCST90077676.txt.gz	/gpfs/chencao/qinminzhang/workflow/catalog_lof/run_all/data/GCST90081662_buildGRCh38_M1_001_ensg_beta_se.csv
GCST90077650	GCST90081636	/gpfs/chencao/qinminzhang/workflow/ldsc/GWAS/all/GCST90077650.txt.gz	/gpfs/chencao/qinminzhang/workflow/catalog_lof/run_all/data/GCST90081636_buildGRCh38_M1_001_ensg_beta_se.csv
GCST90077719	GCST90081705	/gpfs/chencao/qinminzhang/workflow/ldsc/GWAS/all/GCST90077719.txt.gz	/gpfs/chencao/qinminzhang/workflow/catalog_lof/run_all/data/GCST90081705_buildGRCh38_M1_001_ensg_beta_se.csv
GCST90077938	GCST90081924	/gpfs/chencao/qinminzhang/workflow/ldsc/GWAS/all/GCST90077938.txt.gz	/gpfs/chencao/qinminzhang/workflow/catalog_lof/run_all/data/GCST90081924_buildGRCh38_M1_001_ensg_beta_se.csv
GCST90077680	GCST90081666	/gpfs/chencao/qinminzhang/workflow/ldsc/GWAS/all/GCST90077680.txt.gz	/gpfs/chencao/qinminzhang/workflow/catalog_lof/run_all/data/GCST90081666_buildGRCh38_M1_001_ensg_beta_se.csv
GCST90077698	GCST90081684	/gpfs/chencao/qinminzhang/workflow/ldsc/GWAS/all/GCST90077698.txt.gz	/gpfs/chencao/qinminzhang/workflow/catalog_lof/run_all/data/GCST90081684_buildGRCh38_M1_001_ensg_beta_se.csv
GCST90077715	GCST90081701	/gpfs/chencao/qinminzhang/workflow/ldsc/GWAS/all/GCST90077715.txt.gz	/gpfs/chencao/qinminzhang/workflow/catalog_lof/run_all/data/GCST90081701_buildGRCh38_M1_001_ensg_beta_se.csv
GCST90077727	GCST90081713	/gpfs/chencao/qinminzhang/workflow/ldsc/GWAS/all/GCST90077727.txt.gz	/gpfs/chencao/qinminzhang/workflow/catalog_lof/run_all/data/GCST90081713_buildGRCh38_M1_001_ensg_beta_se.csv
GCST90077816	GCST90081802	/gpfs/chencao/qinminzhang/workflow/ldsc/GWAS/all/GCST90077816.txt.gz	/gpfs/chencao/qinminzhang/workflow/catalog_lof/run_all/data/GCST90081802_buildGRCh38_M1_001_ensg_beta_se.csv
GCST90077843	GCST90081829	/gpfs/chencao/qinminzhang/workflow/ldsc/GWAS/all/GCST90077843.txt.gz	/gpfs/chencao/qinminzhang/workflow/catalog_lof/run_all/data/GCST90081829_buildGRCh38_M1_001_ensg_beta_se.csv
GCST90077703	GCST90081689	/gpfs/chencao/qinminzhang/workflow/ldsc/GWAS/all/GCST90077703.txt.gz	/gpfs/chencao/qinminzhang/workflow/catalog_lof/run_all/data/GCST90081689_buildGRCh38_M1_001_ensg_beta_se.csv
GCST90077934	GCST90081920	/gpfs/chencao/qinminzhang/workflow/ldsc/GWAS/all/GCST90077934.txt.gz	/gpfs/chencao/qinminzhang/workflow/catalog_lof/run_all/data/GCST90081920_buildGRCh38_M1_001_ensg_beta_se.csv
AT481	GCST90081686	/gpfs/chencao/qinminzhang/workflow/ldsc/GWAS/all/AT481.txt.gz	/gpfs/chencao/qinminzhang/workflow/catalog_lof/run_all/data/GCST90081686_buildGRCh38_M1_001_ensg_beta_se.csv
GCST90077944	GCST90081930	/gpfs/chencao/qinminzhang/workflow/ldsc/GWAS/all/GCST90077944.txt.gz	/gpfs/chencao/qinminzhang/workflow/catalog_lof/run_all/data/GCST90081930_buildGRCh38_M1_001_ensg_beta_se.csv
GCST90077950	GCST90081936	/gpfs/chencao/qinminzhang/workflow/ldsc/GWAS/all/GCST90077950.txt.gz	/gpfs/chencao/qinminzhang/workflow/catalog_lof/run_all/data/GCST90081936_buildGRCh38_M1_001_ensg_beta_se.csv
GCST90077979	GCST90081965	/gpfs/chencao/qinminzhang/workflow/ldsc/GWAS/all/GCST90077979.txt.gz	/gpfs/chencao/qinminzhang/workflow/catalog_lof/run_all/data/GCST90081965_buildGRCh38_M1_001_ensg_beta_se.csv
GCST90077993	GCST90081979	/gpfs/chencao/qinminzhang/workflow/ldsc/GWAS/all/GCST90077993.txt.gz	/gpfs/chencao/qinminzhang/workflow/catalog_lof/run_all/data/GCST90081979_buildGRCh38_M1_001_ensg_beta_se.csv
AT320	GCST90081774	/gpfs/chencao/qinminzhang/workflow/ldsc/GWAS/all/AT320.txt.gz	/gpfs/chencao/qinminzhang/workflow/catalog_lof/run_all/data/GCST90081774_buildGRCh38_M1_001_ensg_beta_se.csv
GCST90077835	GCST90081821	/gpfs/chencao/qinminzhang/workflow/ldsc/GWAS/all/GCST90077835.txt.gz	/gpfs/chencao/qinminzhang/workflow/catalog_lof/run_all/data/GCST90081821_buildGRCh38_M1_001_ensg_beta_se.csv
GCST90077652	GCST90081638	/gpfs/chencao/qinminzhang/workflow/ldsc/GWAS/all/GCST90077652.txt.gz	/gpfs/chencao/qinminzhang/workflow/catalog_lof/run_all/data/GCST90081638_buildGRCh38_M1_001_ensg_beta_se.csv
GCST90077696	GCST90081682	/gpfs/chencao/qinminzhang/workflow/ldsc/GWAS/all/GCST90077696.txt.gz	/gpfs/chencao/qinminzhang/workflow/catalog_lof/run_all/data/GCST90081682_buildGRCh38_M1_001_ensg_beta_se.csv
GCST90474065	GCST90081772	/gpfs/chencao/qinminzhang/workflow/ldsc/GWAS/all/GCST90474065.txt.gz	/gpfs/chencao/qinminzhang/workflow/catalog_lof/run_all/data/GCST90081772_buildGRCh38_M1_001_ensg_beta_se.csv
GCST90077809	GCST90081795	/gpfs/chencao/qinminzhang/workflow/ldsc/GWAS/all/GCST90077809.txt.gz	/gpfs/chencao/qinminzhang/workflow/catalog_lof/run_all/data/GCST90081795_buildGRCh38_M1_001_ensg_beta_se.csv
GCST90077845	GCST90081831	/gpfs/chencao/qinminzhang/workflow/ldsc/GWAS/all/GCST90077845.txt.gz	/gpfs/chencao/qinminzhang/workflow/catalog_lof/run_all/data/GCST90081831_buildGRCh38_M1_001_ensg_beta_se.csv
GCST90077908	GCST90081894	/gpfs/chencao/qinminzhang/workflow/ldsc/GWAS/all/GCST90077908.txt.gz	/gpfs/chencao/qinminzhang/workflow/catalog_lof/run_all/data/GCST90081894_buildGRCh38_M1_001_ensg_beta_se.csv
GCST90077930	GCST90081916	/gpfs/chencao/qinminzhang/workflow/ldsc/GWAS/all/GCST90077930.txt.gz	/gpfs/chencao/qinminzhang/workflow/catalog_lof/run_all/data/GCST90081916_buildGRCh38_M1_001_ensg_beta_se.csv
GCST90077946	GCST90081932	/gpfs/chencao/qinminzhang/workflow/ldsc/GWAS/all/GCST90077946.txt.gz	/gpfs/chencao/qinminzhang/workflow/catalog_lof/run_all/data/GCST90081932_buildGRCh38_M1_001_ensg_beta_se.csv
GCST90077648	GCST90081634	/gpfs/chencao/qinminzhang/workflow/ldsc/GWAS/all/GCST90077648.txt.gz	/gpfs/chencao/qinminzhang/workflow/catalog_lof/run_all/data/GCST90081634_buildGRCh38_M1_001_ensg_beta_se.csv
GCST90077794	GCST90081780	/gpfs/chencao/qinminzhang/workflow/ldsc/GWAS/all/GCST90077794.txt.gz	/gpfs/chencao/qinminzhang/workflow/catalog_lof/run_all/data/GCST90081780_buildGRCh38_M1_001_ensg_beta_se.csv
GCST90077890	GCST90081876	/gpfs/chencao/qinminzhang/workflow/ldsc/GWAS/all/GCST90077890.txt.gz	/gpfs/chencao/qinminzhang/workflow/catalog_lof/run_all/data/GCST90081876_buildGRCh38_M1_001_ensg_beta_se.csv
GCST90077910	GCST90081896	/gpfs/chencao/qinminzhang/workflow/ldsc/GWAS/all/GCST90077910.txt.gz	/gpfs/chencao/qinminzhang/workflow/catalog_lof/run_all/data/GCST90081896_buildGRCh38_M1_001_ensg_beta_se.csv
GCST90077942	GCST90081928	/gpfs/chencao/qinminzhang/workflow/ldsc/GWAS/all/GCST90077942.txt.gz	/gpfs/chencao/qinminzhang/workflow/catalog_lof/run_all/data/GCST90081928_buildGRCh38_M1_001_ensg_beta_se.csv
GCST90077753	GCST90081739	/gpfs/chencao/qinminzhang/workflow/ldsc/GWAS/all/GCST90077753.txt.gz	/gpfs/chencao/qinminzhang/workflow/catalog_lof/run_all/data/GCST90081739_buildGRCh38_M1_001_ensg_beta_se.csv
GCST90077833	GCST90081819	/gpfs/chencao/qinminzhang/workflow/ldsc/GWAS/all/GCST90077833.txt.gz	/gpfs/chencao/qinminzhang/workflow/catalog_lof/run_all/data/GCST90081819_buildGRCh38_M1_001_ensg_beta_se.csv
GCST90077874	GCST90081860	/gpfs/chencao/qinminzhang/workflow/ldsc/GWAS/all/GCST90077874.txt.gz	/gpfs/chencao/qinminzhang/workflow/catalog_lof/run_all/data/GCST90081860_buildGRCh38_M1_001_ensg_beta_se.csv
GCST90077880	GCST90081866	/gpfs/chencao/qinminzhang/workflow/ldsc/GWAS/all/GCST90077880.txt.gz	/gpfs/chencao/qinminzhang/workflow/catalog_lof/run_all/data/GCST90081866_buildGRCh38_M1_001_ensg_beta_se.csv
GCST90077892	GCST90081878	/gpfs/chencao/qinminzhang/workflow/ldsc/GWAS/all/GCST90077892.txt.gz	/gpfs/chencao/qinminzhang/workflow/catalog_lof/run_all/data/GCST90081878_buildGRCh38_M1_001_ensg_beta_se.csv
GCST90077898	GCST90081884	/gpfs/chencao/qinminzhang/workflow/ldsc/GWAS/all/GCST90077898.txt.gz	/gpfs/chencao/qinminzhang/workflow/catalog_lof/run_all/data/GCST90081884_buildGRCh38_M1_001_ensg_beta_se.csv
GCST90077850	GCST90081836	/gpfs/chencao/qinminzhang/workflow/ldsc/GWAS/all/GCST90077850.txt.gz	/gpfs/chencao/qinminzhang/workflow/catalog_lof/run_all/data/GCST90081836_buildGRCh38_M1_001_ensg_beta_se.csv
GCST90077882	GCST90081868	/gpfs/chencao/qinminzhang/workflow/ldsc/GWAS/all/GCST90077882.txt.gz	/gpfs/chencao/qinminzhang/workflow/catalog_lof/run_all/data/GCST90081868_buildGRCh38_M1_001_ensg_beta_se.csv
AT459	GCST90081726	/gpfs/chencao/qinminzhang/workflow/ldsc/GWAS/all/AT459.txt.gz	/gpfs/chencao/qinminzhang/workflow/catalog_lof/run_all/data/GCST90081726_buildGRCh38_M1_001_ensg_beta_se.csv
GCST90077742	GCST90081728	/gpfs/chencao/qinminzhang/workflow/ldsc/GWAS/all/GCST90077742.txt.gz	/gpfs/chencao/qinminzhang/workflow/catalog_lof/run_all/data/GCST90081728_buildGRCh38_M1_001_ensg_beta_se.csv
GCST90077760	GCST90081746	/gpfs/chencao/qinminzhang/workflow/ldsc/GWAS/all/GCST90077760.txt.gz	/gpfs/chencao/qinminzhang/workflow/catalog_lof/run_all/data/GCST90081746_buildGRCh38_M1_001_ensg_beta_se.csv
GCST90077790	GCST90081776	/gpfs/chencao/qinminzhang/workflow/ldsc/GWAS/all/GCST90077790.txt.gz	/gpfs/chencao/qinminzhang/workflow/catalog_lof/run_all/data/GCST90081776_buildGRCh38_M1_001_ensg_beta_se.csv
GCST90077829	GCST90081815	/gpfs/chencao/qinminzhang/workflow/ldsc/GWAS/all/GCST90077829.txt.gz	/gpfs/chencao/qinminzhang/workflow/catalog_lof/run_all/data/GCST90081815_buildGRCh38_M1_001_ensg_beta_se.csv
AT344	GCST90081858	/gpfs/chencao/qinminzhang/workflow/ldsc/GWAS/all/AT344.txt.gz	/gpfs/chencao/qinminzhang/workflow/catalog_lof/run_all/data/GCST90081858_buildGRCh38_M1_001_ensg_beta_se.csv
GCST90077906	GCST90081892	/gpfs/chencao/qinminzhang/workflow/ldsc/GWAS/all/GCST90077906.txt.gz	/gpfs/chencao/qinminzhang/workflow/catalog_lof/run_all/data/GCST90081892_buildGRCh38_M1_001_ensg_beta_se.csv
GCST90077990	GCST90081976	/gpfs/chencao/qinminzhang/workflow/ldsc/GWAS/all/GCST90077990.txt.gz	/gpfs/chencao/qinminzhang/workflow/catalog_lof/run_all/data/GCST90081976_buildGRCh38_M1_001_ensg_beta_se.csv
GCST90080138	GCST90084124	/gpfs/chencao/qinminzhang/workflow/ldsc/GWAS/all/GCST90080138.txt.gz	/gpfs/chencao/qinminzhang/workflow/catalog_lof/run_all/data/GCST90084124_buildGRCh38_M1_001_ensg_beta_se.csv
GCST90077818	GCST90081804	/gpfs/chencao/qinminzhang/workflow/ldsc/GWAS/all/GCST90077818.txt.gz	/gpfs/chencao/qinminzhang/workflow/catalog_lof/run_all/data/GCST90081804_buildGRCh38_M1_001_ensg_beta_se.csv
AT208	GCST90081823	/gpfs/chencao/qinminzhang/workflow/ldsc/GWAS/all/AT208.txt.gz	/gpfs/chencao/qinminzhang/workflow/catalog_lof/run_all/data/GCST90081823_buildGRCh38_M1_001_ensg_beta_se.csv
GCST90077922	GCST90081908	/gpfs/chencao/qinminzhang/workflow/ldsc/GWAS/all/GCST90077922.txt.gz	/gpfs/chencao/qinminzhang/workflow/catalog_lof/run_all/data/GCST90081908_buildGRCh38_M1_001_ensg_beta_se.csv
GCST90077954	GCST90081940	/gpfs/chencao/qinminzhang/workflow/ldsc/GWAS/all/GCST90077954.txt.gz	/gpfs/chencao/qinminzhang/workflow/catalog_lof/run_all/data/GCST90081940_buildGRCh38_M1_001_ensg_beta_se.csv
GCST90080794	GCST90084780	/gpfs/chencao/qinminzhang/workflow/ldsc/GWAS/all/GCST90080794.txt.gz	/gpfs/chencao/qinminzhang/workflow/catalog_lof/run_all/data/GCST90084780_buildGRCh38_M1_001_ensg_beta_se.csv
GCST90077660	GCST90081646	/gpfs/chencao/qinminzhang/workflow/ldsc/GWAS/all/GCST90077660.txt.gz	/gpfs/chencao/qinminzhang/workflow/catalog_lof/run_all/data/GCST90081646_buildGRCh38_M1_001_ensg_beta_se.csv
GCST90077688	GCST90081674	/gpfs/chencao/qinminzhang/workflow/ldsc/GWAS/all/GCST90077688.txt.gz	/gpfs/chencao/qinminzhang/workflow/catalog_lof/run_all/data/GCST90081674_buildGRCh38_M1_001_ensg_beta_se.csv
GCST90077797	GCST90081783	/gpfs/chencao/qinminzhang/workflow/ldsc/GWAS/all/GCST90077797.txt.gz	/gpfs/chencao/qinminzhang/workflow/catalog_lof/run_all/data/GCST90081783_buildGRCh38_M1_001_ensg_beta_se.csv
GCST90077841	GCST90081827	/gpfs/chencao/qinminzhang/workflow/ldsc/GWAS/all/GCST90077841.txt.gz	/gpfs/chencao/qinminzhang/workflow/catalog_lof/run_all/data/GCST90081827_buildGRCh38_M1_001_ensg_beta_se.csv
GCST90077884	GCST90081870	/gpfs/chencao/qinminzhang/workflow/ldsc/GWAS/all/GCST90077884.txt.gz	/gpfs/chencao/qinminzhang/workflow/catalog_lof/run_all/data/GCST90081870_buildGRCh38_M1_001_ensg_beta_se.csv
GCST90077725	GCST90081711	/gpfs/chencao/qinminzhang/workflow/ldsc/GWAS/all/GCST90077725.txt.gz	/gpfs/chencao/qinminzhang/workflow/catalog_lof/run_all/data/GCST90081711_buildGRCh38_M1_001_ensg_beta_se.csv
GCST90077751	GCST90081737	/gpfs/chencao/qinminzhang/workflow/ldsc/GWAS/all/GCST90077751.txt.gz	/gpfs/chencao/qinminzhang/workflow/catalog_lof/run_all/data/GCST90081737_buildGRCh38_M1_001_ensg_beta_se.csv
GCST90077847	GCST90081833	/gpfs/chencao/qinminzhang/workflow/ldsc/GWAS/all/GCST90077847.txt.gz	/gpfs/chencao/qinminzhang/workflow/catalog_lof/run_all/data/GCST90081833_buildGRCh38_M1_001_ensg_beta_se.csv
GCST90077894	GCST90081880	/gpfs/chencao/qinminzhang/workflow/ldsc/GWAS/all/GCST90077894.txt.gz	/gpfs/chencao/qinminzhang/workflow/catalog_lof/run_all/data/GCST90081880_buildGRCh38_M1_001_ensg_beta_se.csv
AT018	GCST90081899	/gpfs/chencao/qinminzhang/workflow/ldsc/GWAS/all/AT018.txt.gz	/gpfs/chencao/qinminzhang/workflow/catalog_lof/run_all/data/GCST90081899_buildGRCh38_M1_001_ensg_beta_se.csv
AT281	GCST90081664	/gpfs/chencao/qinminzhang/workflow/ldsc/GWAS/all/AT281.txt.gz	/gpfs/chencao/qinminzhang/workflow/catalog_lof/run_all/data/GCST90081664_buildGRCh38_M1_001_ensg_beta_se.csv
GCST90077774	GCST90081760	/gpfs/chencao/qinminzhang/workflow/ldsc/GWAS/all/GCST90077774.txt.gz	/gpfs/chencao/qinminzhang/workflow/catalog_lof/run_all/data/GCST90081760_buildGRCh38_M1_001_ensg_beta_se.csv
GCST90077799	GCST90081785	/gpfs/chencao/qinminzhang/workflow/ldsc/GWAS/all/GCST90077799.txt.gz	/gpfs/chencao/qinminzhang/workflow/catalog_lof/run_all/data/GCST90081785_buildGRCh38_M1_001_ensg_beta_se.csv
AT298	GCST90081848	/gpfs/chencao/qinminzhang/workflow/ldsc/GWAS/all/AT298.txt.gz	/gpfs/chencao/qinminzhang/workflow/catalog_lof/run_all/data/GCST90081848_buildGRCh38_M1_001_ensg_beta_se.csv
GCST90077870	GCST90081856	/gpfs/chencao/qinminzhang/workflow/ldsc/GWAS/all/GCST90077870.txt.gz	/gpfs/chencao/qinminzhang/workflow/catalog_lof/run_all/data/GCST90081856_buildGRCh38_M1_001_ensg_beta_se.csv
GCST90077876	GCST90081862	/gpfs/chencao/qinminzhang/workflow/ldsc/GWAS/all/GCST90077876.txt.gz	/gpfs/chencao/qinminzhang/workflow/catalog_lof/run_all/data/GCST90081862_buildGRCh38_M1_001_ensg_beta_se.csv
GCST90077900	GCST90081886	/gpfs/chencao/qinminzhang/workflow/ldsc/GWAS/all/GCST90077900.txt.gz	/gpfs/chencao/qinminzhang/workflow/catalog_lof/run_all/data/GCST90081886_buildGRCh38_M1_001_ensg_beta_se.csv
GCST90077770	GCST90081756	/gpfs/chencao/qinminzhang/workflow/ldsc/GWAS/all/GCST90077770.txt.gz	/gpfs/chencao/qinminzhang/workflow/catalog_lof/run_all/data/GCST90081756_buildGRCh38_M1_001_ensg_beta_se.csv
AT628	GCST90081764	/gpfs/chencao/qinminzhang/workflow/ldsc/GWAS/all/AT628.txt.gz	/gpfs/chencao/qinminzhang/workflow/catalog_lof/run_all/data/GCST90081764_buildGRCh38_M1_001_ensg_beta_se.csv
PE05078	GCST90081808	/gpfs/chencao/qinminzhang/workflow/ldsc/GWAS/all/PE05078.txt.gz	/gpfs/chencao/qinminzhang/workflow/catalog_lof/run_all/data/GCST90081808_buildGRCh38_M1_001_ensg_beta_se.csv
GCST90077886	GCST90081872	/gpfs/chencao/qinminzhang/workflow/ldsc/GWAS/all/GCST90077886.txt.gz	/gpfs/chencao/qinminzhang/workflow/catalog_lof/run_all/data/GCST90081872_buildGRCh38_M1_001_ensg_beta_se.csv
GCST90077928	GCST90081914	/gpfs/chencao/qinminzhang/workflow/ldsc/GWAS/all/GCST90077928.txt.gz	/gpfs/chencao/qinminzhang/workflow/catalog_lof/run_all/data/GCST90081914_buildGRCh38_M1_001_ensg_beta_se.csv
GCST90077646	GCST90081632	/gpfs/chencao/qinminzhang/workflow/ldsc/GWAS/all/GCST90077646.txt.gz	/gpfs/chencao/qinminzhang/workflow/catalog_lof/run_all/data/GCST90081632_buildGRCh38_M1_001_ensg_beta_se.csv
GCST90077682	GCST90081668	/gpfs/chencao/qinminzhang/workflow/ldsc/GWAS/all/GCST90077682.txt.gz	/gpfs/chencao/qinminzhang/workflow/catalog_lof/run_all/data/GCST90081668_buildGRCh38_M1_001_ensg_beta_se.csv
GCST90077707	GCST90081693	/gpfs/chencao/qinminzhang/workflow/ldsc/GWAS/all/GCST90077707.txt.gz	/gpfs/chencao/qinminzhang/workflow/catalog_lof/run_all/data/GCST90081693_buildGRCh38_M1_001_ensg_beta_se.csv
GCST90077772	GCST90081758	/gpfs/chencao/qinminzhang/workflow/ldsc/GWAS/all/GCST90077772.txt.gz	/gpfs/chencao/qinminzhang/workflow/catalog_lof/run_all/data/GCST90081758_buildGRCh38_M1_001_ensg_beta_se.csv
GCST90077780	GCST90081766	/gpfs/chencao/qinminzhang/workflow/ldsc/GWAS/all/GCST90077780.txt.gz	/gpfs/chencao/qinminzhang/workflow/catalog_lof/run_all/data/GCST90081766_buildGRCh38_M1_001_ensg_beta_se.csv
GCST90077803	GCST90081789	/gpfs/chencao/qinminzhang/workflow/ldsc/GWAS/all/GCST90077803.txt.gz	/gpfs/chencao/qinminzhang/workflow/catalog_lof/run_all/data/GCST90081789_buildGRCh38_M1_001_ensg_beta_se.csv
GCST90077839	GCST90081825	/gpfs/chencao/qinminzhang/workflow/ldsc/GWAS/all/GCST90077839.txt.gz	/gpfs/chencao/qinminzhang/workflow/catalog_lof/run_all/data/GCST90081825_buildGRCh38_M1_001_ensg_beta_se.csv
GCST90077904	GCST90081890	/gpfs/chencao/qinminzhang/workflow/ldsc/GWAS/all/GCST90077904.txt.gz	/gpfs/chencao/qinminzhang/workflow/catalog_lof/run_all/data/GCST90081890_buildGRCh38_M1_001_ensg_beta_se.csv
GCST90077932	GCST90081918	/gpfs/chencao/qinminzhang/workflow/ldsc/GWAS/all/GCST90077932.txt.gz	/gpfs/chencao/qinminzhang/workflow/catalog_lof/run_all/data/GCST90081918_buildGRCh38_M1_001_ensg_beta_se.csv
GCST90077958	GCST90081944	/gpfs/chencao/qinminzhang/workflow/ldsc/GWAS/all/GCST90077958.txt.gz	/gpfs/chencao/qinminzhang/workflow/catalog_lof/run_all/data/GCST90081944_buildGRCh38_M1_001_ensg_beta_se.csv
AT587	GCST90081695	/gpfs/chencao/qinminzhang/workflow/ldsc/GWAS/all/AT587.txt.gz	/gpfs/chencao/qinminzhang/workflow/catalog_lof/run_all/data/GCST90081695_buildGRCh38_M1_001_ensg_beta_se.csv
AT071	GCST90081791	/gpfs/chencao/qinminzhang/workflow/ldsc/GWAS/all/AT071.txt.gz	/gpfs/chencao/qinminzhang/workflow/catalog_lof/run_all/data/GCST90081791_buildGRCh38_M1_001_ensg_beta_se.csv
GCST90077936	GCST90081922	/gpfs/chencao/qinminzhang/workflow/ldsc/GWAS/all/GCST90077936.txt.gz	/gpfs/chencao/qinminzhang/workflow/catalog_lof/run_all/data/GCST90081922_buildGRCh38_M1_001_ensg_beta_se.csv
GCST90077735	GCST90081721	/gpfs/chencao/qinminzhang/workflow/ldsc/GWAS/all/GCST90077735.txt.gz	/gpfs/chencao/qinminzhang/workflow/catalog_lof/run_all/data/GCST90081721_buildGRCh38_M1_001_ensg_beta_se.csv
GCST90077762	GCST90081748	/gpfs/chencao/qinminzhang/workflow/ldsc/GWAS/all/GCST90077762.txt.gz	/gpfs/chencao/qinminzhang/workflow/catalog_lof/run_all/data/GCST90081748_buildGRCh38_M1_001_ensg_beta_se.csv
GCST90077831	GCST90081817	/gpfs/chencao/qinminzhang/workflow/ldsc/GWAS/all/GCST90077831.txt.gz	/gpfs/chencao/qinminzhang/workflow/catalog_lof/run_all/data/GCST90081817_buildGRCh38_M1_001_ensg_beta_se.csv
GCST90077926	GCST90081912	/gpfs/chencao/qinminzhang/workflow/ldsc/GWAS/all/GCST90077926.txt.gz	/gpfs/chencao/qinminzhang/workflow/catalog_lof/run_all/data/GCST90081912_buildGRCh38_M1_001_ensg_beta_se.csv
GCST90077948	GCST90081934	/gpfs/chencao/qinminzhang/workflow/ldsc/GWAS/all/GCST90077948.txt.gz	/gpfs/chencao/qinminzhang/workflow/catalog_lof/run_all/data/GCST90081934_buildGRCh38_M1_001_ensg_beta_se.csv
GCST90077962	GCST90081948	/gpfs/chencao/qinminzhang/workflow/ldsc/GWAS/all/GCST90077962.txt.gz	/gpfs/chencao/qinminzhang/workflow/catalog_lof/run_all/data/GCST90081948_buildGRCh38_M1_001_ensg_beta_se.csv
GCST90077820	GCST90081806	/gpfs/chencao/qinminzhang/workflow/ldsc/GWAS/all/GCST90077820.txt.gz	/gpfs/chencao/qinminzhang/workflow/catalog_lof/run_all/data/GCST90081806_buildGRCh38_M1_001_ensg_beta_se.csv
AT548	GCST90081842	/gpfs/chencao/qinminzhang/workflow/ldsc/GWAS/all/AT548.txt.gz	/gpfs/chencao/qinminzhang/workflow/catalog_lof/run_all/data/GCST90081842_buildGRCh38_M1_001_ensg_beta_se.csv
GCST90077924	GCST90081910	/gpfs/chencao/qinminzhang/workflow/ldsc/GWAS/all/GCST90077924.txt.gz	/gpfs/chencao/qinminzhang/workflow/catalog_lof/run_all/data/GCST90081910_buildGRCh38_M1_001_ensg_beta_se.csv
GCST90077956	GCST90081942	/gpfs/chencao/qinminzhang/workflow/ldsc/GWAS/all/GCST90077956.txt.gz	/gpfs/chencao/qinminzhang/workflow/catalog_lof/run_all/data/GCST90081942_buildGRCh38_M1_001_ensg_beta_se.csv
GCST90077723	GCST90081709	/gpfs/chencao/qinminzhang/workflow/ldsc/GWAS/all/GCST90077723.txt.gz	/gpfs/chencao/qinminzhang/workflow/catalog_lof/run_all/data/GCST90081709_buildGRCh38_M1_001_ensg_beta_se.csv
AT194	GCST90081730	/gpfs/chencao/qinminzhang/workflow/ldsc/GWAS/all/AT194.txt.gz	/gpfs/chencao/qinminzhang/workflow/catalog_lof/run_all/data/GCST90081730_buildGRCh38_M1_001_ensg_beta_se.csv
AT195	GCST90081732	/gpfs/chencao/qinminzhang/workflow/ldsc/GWAS/all/AT195.txt.gz	/gpfs/chencao/qinminzhang/workflow/catalog_lof/run_all/data/GCST90081732_buildGRCh38_M1_001_ensg_beta_se.csv
AT654	GCST90081741	/gpfs/chencao/qinminzhang/workflow/ldsc/GWAS/all/AT654.txt.gz	/gpfs/chencao/qinminzhang/workflow/catalog_lof/run_all/data/GCST90081741_buildGRCh38_M1_001_ensg_beta_se.csv
GCST90077757	GCST90081743	/gpfs/chencao/qinminzhang/workflow/ldsc/GWAS/all/GCST90077757.txt.gz	/gpfs/chencao/qinminzhang/workflow/catalog_lof/run_all/data/GCST90081743_buildGRCh38_M1_001_ensg_beta_se.csv
GCST90077888	GCST90081874	/gpfs/chencao/qinminzhang/workflow/ldsc/GWAS/all/GCST90077888.txt.gz	/gpfs/chencao/qinminzhang/workflow/catalog_lof/run_all/data/GCST90081874_buildGRCh38_M1_001_ensg_beta_se.csv
AT527	GCST90081901	/gpfs/chencao/qinminzhang/workflow/ldsc/GWAS/all/AT527.txt.gz	/gpfs/chencao/qinminzhang/workflow/catalog_lof/run_all/data/GCST90081901_buildGRCh38_M1_001_ensg_beta_se.csv
GCST90077919	GCST90081905	/gpfs/chencao/qinminzhang/workflow/ldsc/GWAS/all/GCST90077919.txt.gz	/gpfs/chencao/qinminzhang/workflow/catalog_lof/run_all/data/GCST90081905_buildGRCh38_M1_001_ensg_beta_se.csv
GCST90077952	GCST90081938	/gpfs/chencao/qinminzhang/workflow/ldsc/GWAS/all/GCST90077952.txt.gz	/gpfs/chencao/qinminzhang/workflow/catalog_lof/run_all/data/GCST90081938_buildGRCh38_M1_001_ensg_beta_se.csv
GCST90077852	GCST90081838	/gpfs/chencao/qinminzhang/workflow/ldsc/GWAS/all/GCST90077852.txt.gz	/gpfs/chencao/qinminzhang/workflow/catalog_lof/run_all/data/GCST90081838_buildGRCh38_M1_001_ensg_beta_se.csv
GCST90077902	GCST90081888	/gpfs/chencao/qinminzhang/workflow/ldsc/GWAS/all/GCST90077902.txt.gz	/gpfs/chencao/qinminzhang/workflow/catalog_lof/run_all/data/GCST90081888_buildGRCh38_M1_001_ensg_beta_se.csv
PE04978	GCST90081972	/gpfs/chencao/qinminzhang/workflow/ldsc/GWAS/all/PE04978.txt.gz	/gpfs/chencao/qinminzhang/workflow/catalog_lof/run_all/data/GCST90081972_buildGRCh38_M1_001_ensg_beta_se.csv
GCST90077656	GCST90081642	/gpfs/chencao/qinminzhang/workflow/ldsc/GWAS/all/GCST90077656.txt.gz	/gpfs/chencao/qinminzhang/workflow/catalog_lof/run_all/data/GCST90081642_buildGRCh38_M1_001_ensg_beta_se.csv
GCST90077664	GCST90081650	/gpfs/chencao/qinminzhang/workflow/ldsc/GWAS/all/GCST90077664.txt.gz	/gpfs/chencao/qinminzhang/workflow/catalog_lof/run_all/data/GCST90081650_buildGRCh38_M1_001_ensg_beta_se.csv
AT413	GCST90081658	/gpfs/chencao/qinminzhang/workflow/ldsc/GWAS/all/AT413.txt.gz	/gpfs/chencao/qinminzhang/workflow/catalog_lof/run_all/data/GCST90081658_buildGRCh38_M1_001_ensg_beta_se.csv
GCST90077960	GCST90081946	/gpfs/chencao/qinminzhang/workflow/ldsc/GWAS/all/GCST90077960.txt.gz	/gpfs/chencao/qinminzhang/workflow/catalog_lof/run_all/data/GCST90081946_buildGRCh38_M1_001_ensg_beta_se.csv
AT268	GCST90081864	/gpfs/chencao/qinminzhang/workflow/ldsc/GWAS/all/AT268.txt.gz	/gpfs/chencao/qinminzhang/workflow/catalog_lof/run_all/data/GCST90081864_buildGRCh38_M1_001_ensg_beta_se.csv
GCST90081158	GCST90085144	/gpfs/chencao/qinminzhang/workflow/ldsc/GWAS/all/GCST90081158.txt.gz	/gpfs/chencao/qinminzhang/workflow/catalog_lof/run_all/data/GCST90085144_buildGRCh38_M1_001_ensg_beta_se.csv
GCST90081159	GCST90085145	/gpfs/chencao/qinminzhang/workflow/ldsc/GWAS/all/GCST90081159.txt.gz	/gpfs/chencao/qinminzhang/workflow/catalog_lof/run_all/data/GCST90085145_buildGRCh38_M1_001_ensg_beta_se.csv
GCST90081160	GCST90085146	/gpfs/chencao/qinminzhang/workflow/ldsc/GWAS/all/GCST90081160.txt.gz	/gpfs/chencao/qinminzhang/workflow/catalog_lof/run_all/data/GCST90085146_buildGRCh38_M1_001_ensg_beta_se.csv
PE05387	GCST90085151	/gpfs/chencao/qinminzhang/workflow/ldsc/GWAS/all/PE05387.txt.gz	/gpfs/chencao/qinminzhang/workflow/catalog_lof/run_all/data/GCST90085151_buildGRCh38_M1_001_ensg_beta_se.csv
GCST90081162	GCST90085148	/gpfs/chencao/qinminzhang/workflow/ldsc/GWAS/all/GCST90081162.txt.gz	/gpfs/chencao/qinminzhang/workflow/catalog_lof/run_all/data/GCST90085148_buildGRCh38_M1_001_ensg_beta_se.csv
GCST90081166	GCST90085152	/gpfs/chencao/qinminzhang/workflow/ldsc/GWAS/all/GCST90081166.txt.gz	/gpfs/chencao/qinminzhang/workflow/catalog_lof/run_all/data/GCST90085152_buildGRCh38_M1_001_ensg_beta_se.csv
GCST90081161	GCST90085147	/gpfs/chencao/qinminzhang/workflow/ldsc/GWAS/all/GCST90081161.txt.gz	/gpfs/chencao/qinminzhang/workflow/catalog_lof/run_all/data/GCST90085147_buildGRCh38_M1_001_ensg_beta_se.csv
GCST90081163	GCST90085149	/gpfs/chencao/qinminzhang/workflow/ldsc/GWAS/all/GCST90081163.txt.gz	/gpfs/chencao/qinminzhang/workflow/catalog_lof/run_all/data/GCST90085149_buildGRCh38_M1_001_ensg_beta_se.csv
GCST90081168	GCST90085154	/gpfs/chencao/qinminzhang/workflow/ldsc/GWAS/all/GCST90081168.txt.gz	/gpfs/chencao/qinminzhang/workflow/catalog_lof/run_all/data/GCST90085154_buildGRCh38_M1_001_ensg_beta_se.csv
PE05388	GCST90085155	/gpfs/chencao/qinminzhang/workflow/ldsc/GWAS/all/PE05388.txt.gz	/gpfs/chencao/qinminzhang/workflow/catalog_lof/run_all/data/GCST90085155_buildGRCh38_M1_001_ensg_beta_se.csv
GCST90081164	GCST90085150	/gpfs/chencao/qinminzhang/workflow/ldsc/GWAS/all/GCST90081164.txt.gz	/gpfs/chencao/qinminzhang/workflow/catalog_lof/run_all/data/GCST90085150_buildGRCh38_M1_001_ensg_beta_se.csv
GCST90081167	GCST90085153	/gpfs/chencao/qinminzhang/workflow/ldsc/GWAS/all/GCST90081167.txt.gz	/gpfs/chencao/qinminzhang/workflow/catalog_lof/run_all/data/GCST90085153_buildGRCh38_M1_001_ensg_beta_se.csv
GCST90081143	GCST90085129	/gpfs/chencao/qinminzhang/workflow/ldsc/GWAS/all/GCST90081143.txt.gz	/gpfs/chencao/qinminzhang/workflow/catalog_lof/run_all/data/GCST90085129_buildGRCh38_M1_001_ensg_beta_se.csv
GCST90081149	GCST90085135	/gpfs/chencao/qinminzhang/workflow/ldsc/GWAS/all/GCST90081149.txt.gz	/gpfs/chencao/qinminzhang/workflow/catalog_lof/run_all/data/GCST90085135_buildGRCh38_M1_001_ensg_beta_se.csv
GCST90081212	GCST90085198	/gpfs/chencao/qinminzhang/workflow/ldsc/GWAS/all/GCST90081212.txt.gz	/gpfs/chencao/qinminzhang/workflow/catalog_lof/run_all/data/GCST90085198_buildGRCh38_M1_001_ensg_beta_se.csv
GCST90081289	GCST90085275	/gpfs/chencao/qinminzhang/workflow/ldsc/GWAS/all/GCST90081289.txt.gz	/gpfs/chencao/qinminzhang/workflow/catalog_lof/run_all/data/GCST90085275_buildGRCh38_M1_001_ensg_beta_se.csv
GCST90081061	GCST90085047	/gpfs/chencao/qinminzhang/workflow/ldsc/GWAS/all/GCST90081061.txt.gz	/gpfs/chencao/qinminzhang/workflow/catalog_lof/run_all/data/GCST90085047_buildGRCh38_M1_001_ensg_beta_se.csv
GCST90081357	GCST90085343	/gpfs/chencao/qinminzhang/workflow/ldsc/GWAS/all/GCST90081357.txt.gz	/gpfs/chencao/qinminzhang/workflow/catalog_lof/run_all/data/GCST90085343_buildGRCh38_M1_001_ensg_beta_se.csv
GCST90081157	GCST90085143	/gpfs/chencao/qinminzhang/workflow/ldsc/GWAS/all/GCST90081157.txt.gz	/gpfs/chencao/qinminzhang/workflow/catalog_lof/run_all/data/GCST90085143_buildGRCh38_M1_001_ensg_beta_se.csv
GCST90081005	GCST90084991	/gpfs/chencao/qinminzhang/workflow/ldsc/GWAS/all/GCST90081005.txt.gz	/gpfs/chencao/qinminzhang/workflow/catalog_lof/run_all/data/GCST90084991_buildGRCh38_M1_001_ensg_beta_se.csv
GCST90081101	GCST90085087	/gpfs/chencao/qinminzhang/workflow/ldsc/GWAS/all/GCST90081101.txt.gz	/gpfs/chencao/qinminzhang/workflow/catalog_lof/run_all/data/GCST90085087_buildGRCh38_M1_001_ensg_beta_se.csv
GCST90080729	GCST90084715	/gpfs/chencao/qinminzhang/workflow/ldsc/GWAS/all/GCST90080729.txt.gz	/gpfs/chencao/qinminzhang/workflow/catalog_lof/run_all/data/GCST90084715_buildGRCh38_M1_001_ensg_beta_se.csv
GCST90081060	GCST90085046	/gpfs/chencao/qinminzhang/workflow/ldsc/GWAS/all/GCST90081060.txt.gz	/gpfs/chencao/qinminzhang/workflow/catalog_lof/run_all/data/GCST90085046_buildGRCh38_M1_001_ensg_beta_se.csv
PE05361	GCST90085130	/gpfs/chencao/qinminzhang/workflow/ldsc/GWAS/all/PE05361.txt.gz	/gpfs/chencao/qinminzhang/workflow/catalog_lof/run_all/data/GCST90085130_buildGRCh38_M1_001_ensg_beta_se.csv
PE05363	GCST90085131	/gpfs/chencao/qinminzhang/workflow/ldsc/GWAS/all/PE05363.txt.gz	/gpfs/chencao/qinminzhang/workflow/catalog_lof/run_all/data/GCST90085131_buildGRCh38_M1_001_ensg_beta_se.csv
GCST90081205	GCST90085191	/gpfs/chencao/qinminzhang/workflow/ldsc/GWAS/all/GCST90081205.txt.gz	/gpfs/chencao/qinminzhang/workflow/catalog_lof/run_all/data/GCST90085191_buildGRCh38_M1_001_ensg_beta_se.csv
GCST90081086	GCST90085072	/gpfs/chencao/qinminzhang/workflow/ldsc/GWAS/all/GCST90081086.txt.gz	/gpfs/chencao/qinminzhang/workflow/catalog_lof/run_all/data/GCST90085072_buildGRCh38_M1_001_ensg_beta_se.csv
GCST90081057	GCST90085043	/gpfs/chencao/qinminzhang/workflow/ldsc/GWAS/all/GCST90081057.txt.gz	/gpfs/chencao/qinminzhang/workflow/catalog_lof/run_all/data/GCST90085043_buildGRCh38_M1_001_ensg_beta_se.csv
GCST90081309	GCST90085295	/gpfs/chencao/qinminzhang/workflow/ldsc/GWAS/all/GCST90081309.txt.gz	/gpfs/chencao/qinminzhang/workflow/catalog_lof/run_all/data/GCST90085295_buildGRCh38_M1_001_ensg_beta_se.csv
GCST90080717	GCST90084703	/gpfs/chencao/qinminzhang/workflow/ldsc/GWAS/all/GCST90080717.txt.gz	/gpfs/chencao/qinminzhang/workflow/catalog_lof/run_all/data/GCST90084703_buildGRCh38_M1_001_ensg_beta_se.csv
GCST90081049	GCST90085035	/gpfs/chencao/qinminzhang/workflow/ldsc/GWAS/all/GCST90081049.txt.gz	/gpfs/chencao/qinminzhang/workflow/catalog_lof/run_all/data/GCST90085035_buildGRCh38_M1_001_ensg_beta_se.csv
GCST90081153	GCST90085139	/gpfs/chencao/qinminzhang/workflow/ldsc/GWAS/all/GCST90081153.txt.gz	/gpfs/chencao/qinminzhang/workflow/catalog_lof/run_all/data/GCST90085139_buildGRCh38_M1_001_ensg_beta_se.csv
GCST90081226	GCST90085212	/gpfs/chencao/qinminzhang/workflow/ldsc/GWAS/all/GCST90081226.txt.gz	/gpfs/chencao/qinminzhang/workflow/catalog_lof/run_all/data/GCST90085212_buildGRCh38_M1_001_ensg_beta_se.csv
GCST90081173	GCST90085159	/gpfs/chencao/qinminzhang/workflow/ldsc/GWAS/all/GCST90081173.txt.gz	/gpfs/chencao/qinminzhang/workflow/catalog_lof/run_all/data/GCST90085159_buildGRCh38_M1_001_ensg_beta_se.csv
MR39633	GCST90085253	/gpfs/chencao/qinminzhang/workflow/ldsc/GWAS/all/MR39633.txt.gz	/gpfs/chencao/qinminzhang/workflow/catalog_lof/run_all/data/GCST90085253_buildGRCh38_M1_001_ensg_beta_se.csv
GCST90081095	GCST90085081	/gpfs/chencao/qinminzhang/workflow/ldsc/GWAS/all/GCST90081095.txt.gz	/gpfs/chencao/qinminzhang/workflow/catalog_lof/run_all/data/GCST90085081_buildGRCh38_M1_001_ensg_beta_se.csv
GCST90081054	GCST90085040	/gpfs/chencao/qinminzhang/workflow/ldsc/GWAS/all/GCST90081054.txt.gz	/gpfs/chencao/qinminzhang/workflow/catalog_lof/run_all/data/GCST90085040_buildGRCh38_M1_001_ensg_beta_se.csv
GCST90081059	GCST90085045	/gpfs/chencao/qinminzhang/workflow/ldsc/GWAS/all/GCST90081059.txt.gz	/gpfs/chencao/qinminzhang/workflow/catalog_lof/run_all/data/GCST90085045_buildGRCh38_M1_001_ensg_beta_se.csv
PE05125	GCST90084729	/gpfs/chencao/qinminzhang/workflow/ldsc/GWAS/all/PE05125.txt.gz	/gpfs/chencao/qinminzhang/workflow/catalog_lof/run_all/data/GCST90084729_buildGRCh38_M1_001_ensg_beta_se.csv
GCST90081074	GCST90085060	/gpfs/chencao/qinminzhang/workflow/ldsc/GWAS/all/GCST90081074.txt.gz	/gpfs/chencao/qinminzhang/workflow/catalog_lof/run_all/data/GCST90085060_buildGRCh38_M1_001_ensg_beta_se.csv
GCST90081085	GCST90085071	/gpfs/chencao/qinminzhang/workflow/ldsc/GWAS/all/GCST90081085.txt.gz	/gpfs/chencao/qinminzhang/workflow/catalog_lof/run_all/data/GCST90085071_buildGRCh38_M1_001_ensg_beta_se.csv
GCST90081154	GCST90085140	/gpfs/chencao/qinminzhang/workflow/ldsc/GWAS/all/GCST90081154.txt.gz	/gpfs/chencao/qinminzhang/workflow/catalog_lof/run_all/data/GCST90085140_buildGRCh38_M1_001_ensg_beta_se.csv
GCST90081056	GCST90085042	/gpfs/chencao/qinminzhang/workflow/ldsc/GWAS/all/GCST90081056.txt.gz	/gpfs/chencao/qinminzhang/workflow/catalog_lof/run_all/data/GCST90085042_buildGRCh38_M1_001_ensg_beta_se.csv
GCST90081156	GCST90085142	/gpfs/chencao/qinminzhang/workflow/ldsc/GWAS/all/GCST90081156.txt.gz	/gpfs/chencao/qinminzhang/workflow/catalog_lof/run_all/data/GCST90085142_buildGRCh38_M1_001_ensg_beta_se.csv
GCST90081258	GCST90085244	/gpfs/chencao/qinminzhang/workflow/ldsc/GWAS/all/GCST90081258.txt.gz	/gpfs/chencao/qinminzhang/workflow/catalog_lof/run_all/data/GCST90085244_buildGRCh38_M1_001_ensg_beta_se.csv
GCST90081292	GCST90085278	/gpfs/chencao/qinminzhang/workflow/ldsc/GWAS/all/GCST90081292.txt.gz	/gpfs/chencao/qinminzhang/workflow/catalog_lof/run_all/data/GCST90085278_buildGRCh38_M1_001_ensg_beta_se.csv
AT082	GCST90083558	/gpfs/chencao/qinminzhang/workflow/ldsc/GWAS/all/AT082.txt.gz	/gpfs/chencao/qinminzhang/workflow/catalog_lof/run_all/data/GCST90083558_buildGRCh38_M1_001_ensg_beta_se.csv
GCST90081128	GCST90085114	/gpfs/chencao/qinminzhang/workflow/ldsc/GWAS/all/GCST90081128.txt.gz	/gpfs/chencao/qinminzhang/workflow/catalog_lof/run_all/data/GCST90085114_buildGRCh38_M1_001_ensg_beta_se.csv
GCST90081155	GCST90085141	/gpfs/chencao/qinminzhang/workflow/ldsc/GWAS/all/GCST90081155.txt.gz	/gpfs/chencao/qinminzhang/workflow/catalog_lof/run_all/data/GCST90085141_buildGRCh38_M1_001_ensg_beta_se.csv
GCST90081336	GCST90085322	/gpfs/chencao/qinminzhang/workflow/ldsc/GWAS/all/GCST90081336.txt.gz	/gpfs/chencao/qinminzhang/workflow/catalog_lof/run_all/data/GCST90085322_buildGRCh38_M1_001_ensg_beta_se.csv
GCST90081337	GCST90085323	/gpfs/chencao/qinminzhang/workflow/ldsc/GWAS/all/GCST90081337.txt.gz	/gpfs/chencao/qinminzhang/workflow/catalog_lof/run_all/data/GCST90085323_buildGRCh38_M1_001_ensg_beta_se.csv
GCST90079571	GCST90083557	/gpfs/chencao/qinminzhang/workflow/ldsc/GWAS/all/GCST90079571.txt.gz	/gpfs/chencao/qinminzhang/workflow/catalog_lof/run_all/data/GCST90083557_buildGRCh38_M1_001_ensg_beta_se.csv
GCST90081137	GCST90085123	/gpfs/chencao/qinminzhang/workflow/ldsc/GWAS/all/GCST90081137.txt.gz	/gpfs/chencao/qinminzhang/workflow/catalog_lof/run_all/data/GCST90085123_buildGRCh38_M1_001_ensg_beta_se.csv
GCST90080570	GCST90084556	/gpfs/chencao/qinminzhang/workflow/ldsc/GWAS/all/GCST90080570.txt.gz	/gpfs/chencao/qinminzhang/workflow/catalog_lof/run_all/data/GCST90084556_buildGRCh38_M1_001_ensg_beta_se.csv
GCST90080702	GCST90084688	/gpfs/chencao/qinminzhang/workflow/ldsc/GWAS/all/GCST90080702.txt.gz	/gpfs/chencao/qinminzhang/workflow/catalog_lof/run_all/data/GCST90084688_buildGRCh38_M1_001_ensg_beta_se.csv
GCST90080154	GCST90084140	/gpfs/chencao/qinminzhang/workflow/ldsc/GWAS/all/GCST90080154.txt.gz	/gpfs/chencao/qinminzhang/workflow/catalog_lof/run_all/data/GCST90084140_buildGRCh38_M1_001_ensg_beta_se.csv
GCST90080435	GCST90084421	/gpfs/chencao/qinminzhang/workflow/ldsc/GWAS/all/GCST90080435.txt.gz	/gpfs/chencao/qinminzhang/workflow/catalog_lof/run_all/data/GCST90084421_buildGRCh38_M1_001_ensg_beta_se.csv
GCST90080318	GCST90084304	/gpfs/chencao/qinminzhang/workflow/ldsc/GWAS/all/GCST90080318.txt.gz	/gpfs/chencao/qinminzhang/workflow/catalog_lof/run_all/data/GCST90084304_buildGRCh38_M1_001_ensg_beta_se.csv
GCST90081050	GCST90085036	/gpfs/chencao/qinminzhang/workflow/ldsc/GWAS/all/GCST90081050.txt.gz	/gpfs/chencao/qinminzhang/workflow/catalog_lof/run_all/data/GCST90085036_buildGRCh38_M1_001_ensg_beta_se.csv
PE05359	GCST90085126	/gpfs/chencao/qinminzhang/workflow/ldsc/GWAS/all/PE05359.txt.gz	/gpfs/chencao/qinminzhang/workflow/catalog_lof/run_all/data/GCST90085126_buildGRCh38_M1_001_ensg_beta_se.csv
GCST90079564	GCST90083550	/gpfs/chencao/qinminzhang/workflow/ldsc/GWAS/all/GCST90079564.txt.gz	/gpfs/chencao/qinminzhang/workflow/catalog_lof/run_all/data/GCST90083550_buildGRCh38_M1_001_ensg_beta_se.csv
GCST90081082	GCST90085068	/gpfs/chencao/qinminzhang/workflow/ldsc/GWAS/all/GCST90081082.txt.gz	/gpfs/chencao/qinminzhang/workflow/catalog_lof/run_all/data/GCST90085068_buildGRCh38_M1_001_ensg_beta_se.csv
GCST90081352	GCST90085338	/gpfs/chencao/qinminzhang/workflow/ldsc/GWAS/all/GCST90081352.txt.gz	/gpfs/chencao/qinminzhang/workflow/catalog_lof/run_all/data/GCST90085338_buildGRCh38_M1_001_ensg_beta_se.csv
GCST90081184	GCST90085170	/gpfs/chencao/qinminzhang/workflow/ldsc/GWAS/all/GCST90081184.txt.gz	/gpfs/chencao/qinminzhang/workflow/catalog_lof/run_all/data/GCST90085170_buildGRCh38_M1_001_ensg_beta_se.csv
GCST90079567	GCST90083553	/gpfs/chencao/qinminzhang/workflow/ldsc/GWAS/all/GCST90079567.txt.gz	/gpfs/chencao/qinminzhang/workflow/catalog_lof/run_all/data/GCST90083553_buildGRCh38_M1_001_ensg_beta_se.csv
GCST90081370	GCST90085356	/gpfs/chencao/qinminzhang/workflow/ldsc/GWAS/all/GCST90081370.txt.gz	/gpfs/chencao/qinminzhang/workflow/catalog_lof/run_all/data/GCST90085356_buildGRCh38_M1_001_ensg_beta_se.csv
GCST90080694	GCST90084680	/gpfs/chencao/qinminzhang/workflow/ldsc/GWAS/all/GCST90080694.txt.gz	/gpfs/chencao/qinminzhang/workflow/catalog_lof/run_all/data/GCST90084680_buildGRCh38_M1_001_ensg_beta_se.csv
GCST90080924	GCST90084910	/gpfs/chencao/qinminzhang/workflow/ldsc/GWAS/all/GCST90080924.txt.gz	/gpfs/chencao/qinminzhang/workflow/catalog_lof/run_all/data/GCST90084910_buildGRCh38_M1_001_ensg_beta_se.csv
AT547	GCST90084024	/gpfs/chencao/qinminzhang/workflow/ldsc/GWAS/all/AT547.txt.gz	/gpfs/chencao/qinminzhang/workflow/catalog_lof/run_all/data/GCST90084024_buildGRCh38_M1_001_ensg_beta_se.csv
PA01027	GCST90085325	/gpfs/chencao/qinminzhang/workflow/ldsc/GWAS/all/PA01027.txt.gz	/gpfs/chencao/qinminzhang/workflow/catalog_lof/run_all/data/GCST90085325_buildGRCh38_M1_001_ensg_beta_se.csv
GCST90079615	GCST90083601	/gpfs/chencao/qinminzhang/workflow/ldsc/GWAS/all/GCST90079615.txt.gz	/gpfs/chencao/qinminzhang/workflow/catalog_lof/run_all/data/GCST90083601_buildGRCh38_M1_001_ensg_beta_se.csv
GCST90079618	GCST90083604	/gpfs/chencao/qinminzhang/workflow/ldsc/GWAS/all/GCST90079618.txt.gz	/gpfs/chencao/qinminzhang/workflow/catalog_lof/run_all/data/GCST90083604_buildGRCh38_M1_001_ensg_beta_se.csv
GCST90080973	GCST90084959	/gpfs/chencao/qinminzhang/workflow/ldsc/GWAS/all/GCST90080973.txt.gz	/gpfs/chencao/qinminzhang/workflow/catalog_lof/run_all/data/GCST90084959_buildGRCh38_M1_001_ensg_beta_se.csv
GCST90079665	GCST90083651	/gpfs/chencao/qinminzhang/workflow/ldsc/GWAS/all/GCST90079665.txt.gz	/gpfs/chencao/qinminzhang/workflow/catalog_lof/run_all/data/GCST90083651_buildGRCh38_M1_001_ensg_beta_se.csv
GCST90080925	GCST90084911	/gpfs/chencao/qinminzhang/workflow/ldsc/GWAS/all/GCST90080925.txt.gz	/gpfs/chencao/qinminzhang/workflow/catalog_lof/run_all/data/GCST90084911_buildGRCh38_M1_001_ensg_beta_se.csv
GCST90081224	GCST90085210	/gpfs/chencao/qinminzhang/workflow/ldsc/GWAS/all/GCST90081224.txt.gz	/gpfs/chencao/qinminzhang/workflow/catalog_lof/run_all/data/GCST90085210_buildGRCh38_M1_001_ensg_beta_se.csv
GCST90079568	GCST90083554	/gpfs/chencao/qinminzhang/workflow/ldsc/GWAS/all/GCST90079568.txt.gz	/gpfs/chencao/qinminzhang/workflow/catalog_lof/run_all/data/GCST90083554_buildGRCh38_M1_001_ensg_beta_se.csv
GCST90079815	GCST90083801	/gpfs/chencao/qinminzhang/workflow/ldsc/GWAS/all/GCST90079815.txt.gz	/gpfs/chencao/qinminzhang/workflow/catalog_lof/run_all/data/GCST90083801_buildGRCh38_M1_001_ensg_beta_se.csv
GCST90081043	GCST90085029	/gpfs/chencao/qinminzhang/workflow/ldsc/GWAS/all/GCST90081043.txt.gz	/gpfs/chencao/qinminzhang/workflow/catalog_lof/run_all/data/GCST90085029_buildGRCh38_M1_001_ensg_beta_se.csv
GCST90079787	GCST90083773	/gpfs/chencao/qinminzhang/workflow/ldsc/GWAS/all/GCST90079787.txt.gz	/gpfs/chencao/qinminzhang/workflow/catalog_lof/run_all/data/GCST90083773_buildGRCh38_M1_001_ensg_beta_se.csv
GCST90081361	GCST90085347	/gpfs/chencao/qinminzhang/workflow/ldsc/GWAS/all/GCST90081361.txt.gz	/gpfs/chencao/qinminzhang/workflow/catalog_lof/run_all/data/GCST90085347_buildGRCh38_M1_001_ensg_beta_se.csv
GCST90080731	GCST90084717	/gpfs/chencao/qinminzhang/workflow/ldsc/GWAS/all/GCST90080731.txt.gz	/gpfs/chencao/qinminzhang/workflow/catalog_lof/run_all/data/GCST90084717_buildGRCh38_M1_001_ensg_beta_se.csv
GCST90081152	GCST90085138	/gpfs/chencao/qinminzhang/workflow/ldsc/GWAS/all/GCST90081152.txt.gz	/gpfs/chencao/qinminzhang/workflow/catalog_lof/run_all/data/GCST90085138_buildGRCh38_M1_001_ensg_beta_se.csv
GCST90079791	GCST90083777	/gpfs/chencao/qinminzhang/workflow/ldsc/GWAS/all/GCST90079791.txt.gz	/gpfs/chencao/qinminzhang/workflow/catalog_lof/run_all/data/GCST90083777_buildGRCh38_M1_001_ensg_beta_se.csv
GCST90079963	GCST90083949	/gpfs/chencao/qinminzhang/workflow/ldsc/GWAS/all/GCST90079963.txt.gz	/gpfs/chencao/qinminzhang/workflow/catalog_lof/run_all/data/GCST90083949_buildGRCh38_M1_001_ensg_beta_se.csv
GCST90081052	GCST90085038	/gpfs/chencao/qinminzhang/workflow/ldsc/GWAS/all/GCST90081052.txt.gz	/gpfs/chencao/qinminzhang/workflow/catalog_lof/run_all/data/GCST90085038_buildGRCh38_M1_001_ensg_beta_se.csv
GCST90080742	GCST90084728	/gpfs/chencao/qinminzhang/workflow/ldsc/GWAS/all/GCST90080742.txt.gz	/gpfs/chencao/qinminzhang/workflow/catalog_lof/run_all/data/GCST90084728_buildGRCh38_M1_001_ensg_beta_se.csv
GCST90080437	GCST90084423	/gpfs/chencao/qinminzhang/workflow/ldsc/GWAS/all/GCST90080437.txt.gz	/gpfs/chencao/qinminzhang/workflow/catalog_lof/run_all/data/GCST90084423_buildGRCh38_M1_001_ensg_beta_se.csv
PE05310	GCST90085082	/gpfs/chencao/qinminzhang/workflow/ldsc/GWAS/all/PE05310.txt.gz	/gpfs/chencao/qinminzhang/workflow/catalog_lof/run_all/data/GCST90085082_buildGRCh38_M1_001_ensg_beta_se.csv
GCST90080058	GCST90084044	/gpfs/chencao/qinminzhang/workflow/ldsc/GWAS/all/GCST90080058.txt.gz	/gpfs/chencao/qinminzhang/workflow/catalog_lof/run_all/data/GCST90084044_buildGRCh38_M1_001_ensg_beta_se.csv
GCST90080436	GCST90084422	/gpfs/chencao/qinminzhang/workflow/ldsc/GWAS/all/GCST90080436.txt.gz	/gpfs/chencao/qinminzhang/workflow/catalog_lof/run_all/data/GCST90084422_buildGRCh38_M1_001_ensg_beta_se.csv
GCST90081055	GCST90085041	/gpfs/chencao/qinminzhang/workflow/ldsc/GWAS/all/GCST90081055.txt.gz	/gpfs/chencao/qinminzhang/workflow/catalog_lof/run_all/data/GCST90085041_buildGRCh38_M1_001_ensg_beta_se.csv
GCST90080782	GCST90084768	/gpfs/chencao/qinminzhang/workflow/ldsc/GWAS/all/GCST90080782.txt.gz	/gpfs/chencao/qinminzhang/workflow/catalog_lof/run_all/data/GCST90084768_buildGRCh38_M1_001_ensg_beta_se.csv
GCST90080783	GCST90084769	/gpfs/chencao/qinminzhang/workflow/ldsc/GWAS/all/GCST90080783.txt.gz	/gpfs/chencao/qinminzhang/workflow/catalog_lof/run_all/data/GCST90084769_buildGRCh38_M1_001_ensg_beta_se.csv
GCST90081200	GCST90085186	/gpfs/chencao/qinminzhang/workflow/ldsc/GWAS/all/GCST90081200.txt.gz	/gpfs/chencao/qinminzhang/workflow/catalog_lof/run_all/data/GCST90085186_buildGRCh38_M1_001_ensg_beta_se.csv
GCST90081355	GCST90085341	/gpfs/chencao/qinminzhang/workflow/ldsc/GWAS/all/GCST90081355.txt.gz	/gpfs/chencao/qinminzhang/workflow/catalog_lof/run_all/data/GCST90085341_buildGRCh38_M1_001_ensg_beta_se.csv
GCST90081179	GCST90085165	/gpfs/chencao/qinminzhang/workflow/ldsc/GWAS/all/GCST90081179.txt.gz	/gpfs/chencao/qinminzhang/workflow/catalog_lof/run_all/data/GCST90085165_buildGRCh38_M1_001_ensg_beta_se.csv
GCST90079699	GCST90083685	/gpfs/chencao/qinminzhang/workflow/ldsc/GWAS/all/GCST90079699.txt.gz	/gpfs/chencao/qinminzhang/workflow/catalog_lof/run_all/data/GCST90083685_buildGRCh38_M1_001_ensg_beta_se.csv
GCST90081253	GCST90085239	/gpfs/chencao/qinminzhang/workflow/ldsc/GWAS/all/GCST90081253.txt.gz	/gpfs/chencao/qinminzhang/workflow/catalog_lof/run_all/data/GCST90085239_buildGRCh38_M1_001_ensg_beta_se.csv
GCST90080033	GCST90084019	/gpfs/chencao/qinminzhang/workflow/ldsc/GWAS/all/GCST90080033.txt.gz	/gpfs/chencao/qinminzhang/workflow/catalog_lof/run_all/data/GCST90084019_buildGRCh38_M1_001_ensg_beta_se.csv
MR02693	GCST90084234	/gpfs/chencao/qinminzhang/workflow/ldsc/GWAS/all/MR02693.txt.gz	/gpfs/chencao/qinminzhang/workflow/catalog_lof/run_all/data/GCST90084234_buildGRCh38_M1_001_ensg_beta_se.csv
GCST90081193	GCST90085179	/gpfs/chencao/qinminzhang/workflow/ldsc/GWAS/all/GCST90081193.txt.gz	/gpfs/chencao/qinminzhang/workflow/catalog_lof/run_all/data/GCST90085179_buildGRCh38_M1_001_ensg_beta_se.csv
GCST90079565	GCST90083551	/gpfs/chencao/qinminzhang/workflow/ldsc/GWAS/all/GCST90079565.txt.gz	/gpfs/chencao/qinminzhang/workflow/catalog_lof/run_all/data/GCST90083551_buildGRCh38_M1_001_ensg_beta_se.csv
GCST90080198	GCST90084184	/gpfs/chencao/qinminzhang/workflow/ldsc/GWAS/all/GCST90080198.txt.gz	/gpfs/chencao/qinminzhang/workflow/catalog_lof/run_all/data/GCST90084184_buildGRCh38_M1_001_ensg_beta_se.csv
MR04243	GCST90085357	/gpfs/chencao/qinminzhang/workflow/ldsc/GWAS/all/MR04243.txt.gz	/gpfs/chencao/qinminzhang/workflow/catalog_lof/run_all/data/GCST90085357_buildGRCh38_M1_001_ensg_beta_se.csv
GCST90080196	GCST90084182	/gpfs/chencao/qinminzhang/workflow/ldsc/GWAS/all/GCST90080196.txt.gz	/gpfs/chencao/qinminzhang/workflow/catalog_lof/run_all/data/GCST90084182_buildGRCh38_M1_001_ensg_beta_se.csv
GCST90081191	GCST90085177	/gpfs/chencao/qinminzhang/workflow/ldsc/GWAS/all/GCST90081191.txt.gz	/gpfs/chencao/qinminzhang/workflow/catalog_lof/run_all/data/GCST90085177_buildGRCh38_M1_001_ensg_beta_se.csv
GCST90081070	GCST90085056	/gpfs/chencao/qinminzhang/workflow/ldsc/GWAS/all/GCST90081070.txt.gz	/gpfs/chencao/qinminzhang/workflow/catalog_lof/run_all/data/GCST90085056_buildGRCh38_M1_001_ensg_beta_se.csv
PE05430	GCST90085290	/gpfs/chencao/qinminzhang/workflow/ldsc/GWAS/all/PE05430.txt.gz	/gpfs/chencao/qinminzhang/workflow/catalog_lof/run_all/data/GCST90085290_buildGRCh38_M1_001_ensg_beta_se.csv
GCST90080812	GCST90084798	/gpfs/chencao/qinminzhang/workflow/ldsc/GWAS/all/GCST90080812.txt.gz	/gpfs/chencao/qinminzhang/workflow/catalog_lof/run_all/data/GCST90084798_buildGRCh38_M1_001_ensg_beta_se.csv
GCST90079617	GCST90083603	/gpfs/chencao/qinminzhang/workflow/ldsc/GWAS/all/GCST90079617.txt.gz	/gpfs/chencao/qinminzhang/workflow/catalog_lof/run_all/data/GCST90083603_buildGRCh38_M1_001_ensg_beta_se.csv
GCST90081048	GCST90085034	/gpfs/chencao/qinminzhang/workflow/ldsc/GWAS/all/GCST90081048.txt.gz	/gpfs/chencao/qinminzhang/workflow/catalog_lof/run_all/data/GCST90085034_buildGRCh38_M1_001_ensg_beta_se.csv
GCST90080061	GCST90084047	/gpfs/chencao/qinminzhang/workflow/ldsc/GWAS/all/GCST90080061.txt.gz	/gpfs/chencao/qinminzhang/workflow/catalog_lof/run_all/data/GCST90084047_buildGRCh38_M1_001_ensg_beta_se.csv
GCST90080662	GCST90084648	/gpfs/chencao/qinminzhang/workflow/ldsc/GWAS/all/GCST90080662.txt.gz	/gpfs/chencao/qinminzhang/workflow/catalog_lof/run_all/data/GCST90084648_buildGRCh38_M1_001_ensg_beta_se.csv
GCST90080932	GCST90084918	/gpfs/chencao/qinminzhang/workflow/ldsc/GWAS/all/GCST90080932.txt.gz	/gpfs/chencao/qinminzhang/workflow/catalog_lof/run_all/data/GCST90084918_buildGRCh38_M1_001_ensg_beta_se.csv
GCST90080930	GCST90084916	/gpfs/chencao/qinminzhang/workflow/ldsc/GWAS/all/GCST90080930.txt.gz	/gpfs/chencao/qinminzhang/workflow/catalog_lof/run_all/data/GCST90084916_buildGRCh38_M1_001_ensg_beta_se.csv
GCST90080931	GCST90084917	/gpfs/chencao/qinminzhang/workflow/ldsc/GWAS/all/GCST90080931.txt.gz	/gpfs/chencao/qinminzhang/workflow/catalog_lof/run_all/data/GCST90084917_buildGRCh38_M1_001_ensg_beta_se.csv
PE05292	GCST90085074	/gpfs/chencao/qinminzhang/workflow/ldsc/GWAS/all/PE05292.txt.gz	/gpfs/chencao/qinminzhang/workflow/catalog_lof/run_all/data/GCST90085074_buildGRCh38_M1_001_ensg_beta_se.csv
GCST90081287	GCST90085273	/gpfs/chencao/qinminzhang/workflow/ldsc/GWAS/all/GCST90081287.txt.gz	/gpfs/chencao/qinminzhang/workflow/catalog_lof/run_all/data/GCST90085273_buildGRCh38_M1_001_ensg_beta_se.csv
AT573	GCST90084370	/gpfs/chencao/qinminzhang/workflow/ldsc/GWAS/all/AT573.txt.gz	/gpfs/chencao/qinminzhang/workflow/catalog_lof/run_all/data/GCST90084370_buildGRCh38_M1_001_ensg_beta_se.csv
GCST90080928	GCST90084914	/gpfs/chencao/qinminzhang/workflow/ldsc/GWAS/all/GCST90080928.txt.gz	/gpfs/chencao/qinminzhang/workflow/catalog_lof/run_all/data/GCST90084914_buildGRCh38_M1_001_ensg_beta_se.csv
GCST90080340	GCST90084326	/gpfs/chencao/qinminzhang/workflow/ldsc/GWAS/all/GCST90080340.txt.gz	/gpfs/chencao/qinminzhang/workflow/catalog_lof/run_all/data/GCST90084326_buildGRCh38_M1_001_ensg_beta_se.csv
GCST90081003	GCST90084989	/gpfs/chencao/qinminzhang/workflow/ldsc/GWAS/all/GCST90081003.txt.gz	/gpfs/chencao/qinminzhang/workflow/catalog_lof/run_all/data/GCST90084989_buildGRCh38_M1_001_ensg_beta_se.csv
GCST90081081	GCST90085067	/gpfs/chencao/qinminzhang/workflow/ldsc/GWAS/all/GCST90081081.txt.gz	/gpfs/chencao/qinminzhang/workflow/catalog_lof/run_all/data/GCST90085067_buildGRCh38_M1_001_ensg_beta_se.csv
GCST90079566	GCST90083552	/gpfs/chencao/qinminzhang/workflow/ldsc/GWAS/all/GCST90079566.txt.gz	/gpfs/chencao/qinminzhang/workflow/catalog_lof/run_all/data/GCST90083552_buildGRCh38_M1_001_ensg_beta_se.csv
GCST90080965	GCST90084951	/gpfs/chencao/qinminzhang/workflow/ldsc/GWAS/all/GCST90080965.txt.gz	/gpfs/chencao/qinminzhang/workflow/catalog_lof/run_all/data/GCST90084951_buildGRCh38_M1_001_ensg_beta_se.csv
GCST90081338	GCST90085324	/gpfs/chencao/qinminzhang/workflow/ldsc/GWAS/all/GCST90081338.txt.gz	/gpfs/chencao/qinminzhang/workflow/catalog_lof/run_all/data/GCST90085324_buildGRCh38_M1_001_ensg_beta_se.csv
GCST90079569	GCST90083555	/gpfs/chencao/qinminzhang/workflow/ldsc/GWAS/all/GCST90079569.txt.gz	/gpfs/chencao/qinminzhang/workflow/catalog_lof/run_all/data/GCST90083555_buildGRCh38_M1_001_ensg_beta_se.csv
GCST90080333	GCST90084319	/gpfs/chencao/qinminzhang/workflow/ldsc/GWAS/all/GCST90080333.txt.gz	/gpfs/chencao/qinminzhang/workflow/catalog_lof/run_all/data/GCST90084319_buildGRCh38_M1_001_ensg_beta_se.csv
GCST90080334	GCST90084320	/gpfs/chencao/qinminzhang/workflow/ldsc/GWAS/all/GCST90080334.txt.gz	/gpfs/chencao/qinminzhang/workflow/catalog_lof/run_all/data/GCST90084320_buildGRCh38_M1_001_ensg_beta_se.csv
GCST90080926	GCST90084912	/gpfs/chencao/qinminzhang/workflow/ldsc/GWAS/all/GCST90080926.txt.gz	/gpfs/chencao/qinminzhang/workflow/catalog_lof/run_all/data/GCST90084912_buildGRCh38_M1_001_ensg_beta_se.csv
GCST90081150	GCST90085136	/gpfs/chencao/qinminzhang/workflow/ldsc/GWAS/all/GCST90081150.txt.gz	/gpfs/chencao/qinminzhang/workflow/catalog_lof/run_all/data/GCST90085136_buildGRCh38_M1_001_ensg_beta_se.csv
GCST90081151	GCST90085137	/gpfs/chencao/qinminzhang/workflow/ldsc/GWAS/all/GCST90081151.txt.gz	/gpfs/chencao/qinminzhang/workflow/catalog_lof/run_all/data/GCST90085137_buildGRCh38_M1_001_ensg_beta_se.csv
GCST90081172	GCST90085158	/gpfs/chencao/qinminzhang/workflow/ldsc/GWAS/all/GCST90081172.txt.gz	/gpfs/chencao/qinminzhang/workflow/catalog_lof/run_all/data/GCST90085158_buildGRCh38_M1_001_ensg_beta_se.csv
MR39592	GCST90085348	/gpfs/chencao/qinminzhang/workflow/ldsc/GWAS/all/MR39592.txt.gz	/gpfs/chencao/qinminzhang/workflow/catalog_lof/run_all/data/GCST90085348_buildGRCh38_M1_001_ensg_beta_se.csv
PE04610	GCST90083650	/gpfs/chencao/qinminzhang/workflow/ldsc/GWAS/all/PE04610.txt.gz	/gpfs/chencao/qinminzhang/workflow/catalog_lof/run_all/data/GCST90083650_buildGRCh38_M1_001_ensg_beta_se.csv
GCST90079794	GCST90083780	/gpfs/chencao/qinminzhang/workflow/ldsc/GWAS/all/GCST90079794.txt.gz	/gpfs/chencao/qinminzhang/workflow/catalog_lof/run_all/data/GCST90083780_buildGRCh38_M1_001_ensg_beta_se.csv
GCST90080381	GCST90084367	/gpfs/chencao/qinminzhang/workflow/ldsc/GWAS/all/GCST90080381.txt.gz	/gpfs/chencao/qinminzhang/workflow/catalog_lof/run_all/data/GCST90084367_buildGRCh38_M1_001_ensg_beta_se.csv
GCST90080730	GCST90084716	/gpfs/chencao/qinminzhang/workflow/ldsc/GWAS/all/GCST90080730.txt.gz	/gpfs/chencao/qinminzhang/workflow/catalog_lof/run_all/data/GCST90084716_buildGRCh38_M1_001_ensg_beta_se.csv
GCST90080434	GCST90084420	/gpfs/chencao/qinminzhang/workflow/ldsc/GWAS/all/GCST90080434.txt.gz	/gpfs/chencao/qinminzhang/workflow/catalog_lof/run_all/data/GCST90084420_buildGRCh38_M1_001_ensg_beta_se.csv
GCST90079782	GCST90083768	/gpfs/chencao/qinminzhang/workflow/ldsc/GWAS/all/GCST90079782.txt.gz	/gpfs/chencao/qinminzhang/workflow/catalog_lof/run_all/data/GCST90083768_buildGRCh38_M1_001_ensg_beta_se.csv
GCST90081006	GCST90084992	/gpfs/chencao/qinminzhang/workflow/ldsc/GWAS/all/GCST90081006.txt.gz	/gpfs/chencao/qinminzhang/workflow/catalog_lof/run_all/data/GCST90084992_buildGRCh38_M1_001_ensg_beta_se.csv
GCST90080317	GCST90084303	/gpfs/chencao/qinminzhang/workflow/ldsc/GWAS/all/GCST90080317.txt.gz	/gpfs/chencao/qinminzhang/workflow/catalog_lof/run_all/data/GCST90084303_buildGRCh38_M1_001_ensg_beta_se.csv
GCST90080495	GCST90084481	/gpfs/chencao/qinminzhang/workflow/ldsc/GWAS/all/GCST90080495.txt.gz	/gpfs/chencao/qinminzhang/workflow/catalog_lof/run_all/data/GCST90084481_buildGRCh38_M1_001_ensg_beta_se.csv
GCST90081014	GCST90085000	/gpfs/chencao/qinminzhang/workflow/ldsc/GWAS/all/GCST90081014.txt.gz	/gpfs/chencao/qinminzhang/workflow/catalog_lof/run_all/data/GCST90085000_buildGRCh38_M1_001_ensg_beta_se.csv
GCST90081084	GCST90085070	/gpfs/chencao/qinminzhang/workflow/ldsc/GWAS/all/GCST90081084.txt.gz	/gpfs/chencao/qinminzhang/workflow/catalog_lof/run_all/data/GCST90085070_buildGRCh38_M1_001_ensg_beta_se.csv
GCST90081093	GCST90085079	/gpfs/chencao/qinminzhang/workflow/ldsc/GWAS/all/GCST90081093.txt.gz	/gpfs/chencao/qinminzhang/workflow/catalog_lof/run_all/data/GCST90085079_buildGRCh38_M1_001_ensg_beta_se.csv
GCST90080721	GCST90084707	/gpfs/chencao/qinminzhang/workflow/ldsc/GWAS/all/GCST90080721.txt.gz	/gpfs/chencao/qinminzhang/workflow/catalog_lof/run_all/data/GCST90084707_buildGRCh38_M1_001_ensg_beta_se.csv
GCST90081387	GCST90085373	/gpfs/chencao/qinminzhang/workflow/ldsc/GWAS/all/GCST90081387.txt.gz	/gpfs/chencao/qinminzhang/workflow/catalog_lof/run_all/data/GCST90085373_buildGRCh38_M1_001_ensg_beta_se.csv
GCST90079974	GCST90083960	/gpfs/chencao/qinminzhang/workflow/ldsc/GWAS/all/GCST90079974.txt.gz	/gpfs/chencao/qinminzhang/workflow/catalog_lof/run_all/data/GCST90083960_buildGRCh38_M1_001_ensg_beta_se.csv
GCST90081033	GCST90085019	/gpfs/chencao/qinminzhang/workflow/ldsc/GWAS/all/GCST90081033.txt.gz	/gpfs/chencao/qinminzhang/workflow/catalog_lof/run_all/data/GCST90085019_buildGRCh38_M1_001_ensg_beta_se.csv
GCST90080129	GCST90084115	/gpfs/chencao/qinminzhang/workflow/ldsc/GWAS/all/GCST90080129.txt.gz	/gpfs/chencao/qinminzhang/workflow/catalog_lof/run_all/data/GCST90084115_buildGRCh38_M1_001_ensg_beta_se.csv
PE05286	GCST90085061	/gpfs/chencao/qinminzhang/workflow/ldsc/GWAS/all/PE05286.txt.gz	/gpfs/chencao/qinminzhang/workflow/catalog_lof/run_all/data/GCST90085061_buildGRCh38_M1_001_ensg_beta_se.csv
GCST90080852	GCST90084838	/gpfs/chencao/qinminzhang/workflow/ldsc/GWAS/all/GCST90080852.txt.gz	/gpfs/chencao/qinminzhang/workflow/catalog_lof/run_all/data/GCST90084838_buildGRCh38_M1_001_ensg_beta_se.csv
MR23591	GCST90085054	/gpfs/chencao/qinminzhang/workflow/ldsc/GWAS/all/MR23591.txt.gz	/gpfs/chencao/qinminzhang/workflow/catalog_lof/run_all/data/GCST90085054_buildGRCh38_M1_001_ensg_beta_se.csv
GCST90081083	GCST90085069	/gpfs/chencao/qinminzhang/workflow/ldsc/GWAS/all/GCST90081083.txt.gz	/gpfs/chencao/qinminzhang/workflow/catalog_lof/run_all/data/GCST90085069_buildGRCh38_M1_001_ensg_beta_se.csv
PE05041	GCST90084555	/gpfs/chencao/qinminzhang/workflow/ldsc/GWAS/all/PE05041.txt.gz	/gpfs/chencao/qinminzhang/workflow/catalog_lof/run_all/data/GCST90084555_buildGRCh38_M1_001_ensg_beta_se.csv
GCST90080835	GCST90084821	/gpfs/chencao/qinminzhang/workflow/ldsc/GWAS/all/GCST90080835.txt.gz	/gpfs/chencao/qinminzhang/workflow/catalog_lof/run_all/data/GCST90084821_buildGRCh38_M1_001_ensg_beta_se.csv
PE05167	GCST90084822	/gpfs/chencao/qinminzhang/workflow/ldsc/GWAS/all/PE05167.txt.gz	/gpfs/chencao/qinminzhang/workflow/catalog_lof/run_all/data/GCST90084822_buildGRCh38_M1_001_ensg_beta_se.csv
GCST90081386	GCST90085372	/gpfs/chencao/qinminzhang/workflow/ldsc/GWAS/all/GCST90081386.txt.gz	/gpfs/chencao/qinminzhang/workflow/catalog_lof/run_all/data/GCST90085372_buildGRCh38_M1_001_ensg_beta_se.csv
GCST90079616	GCST90083602	/gpfs/chencao/qinminzhang/workflow/ldsc/GWAS/all/GCST90079616.txt.gz	/gpfs/chencao/qinminzhang/workflow/catalog_lof/run_all/data/GCST90083602_buildGRCh38_M1_001_ensg_beta_se.csv
GCST90080784	GCST90084770	/gpfs/chencao/qinminzhang/workflow/ldsc/GWAS/all/GCST90080784.txt.gz	/gpfs/chencao/qinminzhang/workflow/catalog_lof/run_all/data/GCST90084770_buildGRCh38_M1_001_ensg_beta_se.csv
GCST90080972	GCST90084958	/gpfs/chencao/qinminzhang/workflow/ldsc/GWAS/all/GCST90080972.txt.gz	/gpfs/chencao/qinminzhang/workflow/catalog_lof/run_all/data/GCST90084958_buildGRCh38_M1_001_ensg_beta_se.csv
GCST90079738	GCST90083724	/gpfs/chencao/qinminzhang/workflow/ldsc/GWAS/all/GCST90079738.txt.gz	/gpfs/chencao/qinminzhang/workflow/catalog_lof/run_all/data/GCST90083724_buildGRCh38_M1_001_ensg_beta_se.csv
GCST90081199	GCST90085185	/gpfs/chencao/qinminzhang/workflow/ldsc/GWAS/all/GCST90081199.txt.gz	/gpfs/chencao/qinminzhang/workflow/catalog_lof/run_all/data/GCST90085185_buildGRCh38_M1_001_ensg_beta_se.csv
GCST90081256	GCST90085242	/gpfs/chencao/qinminzhang/workflow/ldsc/GWAS/all/GCST90081256.txt.gz	/gpfs/chencao/qinminzhang/workflow/catalog_lof/run_all/data/GCST90085242_buildGRCh38_M1_001_ensg_beta_se.csv
AT458	GCST90083807	/gpfs/chencao/qinminzhang/workflow/ldsc/GWAS/all/AT458.txt.gz	/gpfs/chencao/qinminzhang/workflow/catalog_lof/run_all/data/GCST90083807_buildGRCh38_M1_001_ensg_beta_se.csv
GCST90080245	GCST90084231	/gpfs/chencao/qinminzhang/workflow/ldsc/GWAS/all/GCST90080245.txt.gz	/gpfs/chencao/qinminzhang/workflow/catalog_lof/run_all/data/GCST90084231_buildGRCh38_M1_001_ensg_beta_se.csv
MR17165	GCST90084233	/gpfs/chencao/qinminzhang/workflow/ldsc/GWAS/all/MR17165.txt.gz	/gpfs/chencao/qinminzhang/workflow/catalog_lof/run_all/data/GCST90084233_buildGRCh38_M1_001_ensg_beta_se.csv
GCST90080914	GCST90084900	/gpfs/chencao/qinminzhang/workflow/ldsc/GWAS/all/GCST90080914.txt.gz	/gpfs/chencao/qinminzhang/workflow/catalog_lof/run_all/data/GCST90084900_buildGRCh38_M1_001_ensg_beta_se.csv
PE05289	GCST90085073	/gpfs/chencao/qinminzhang/workflow/ldsc/GWAS/all/PE05289.txt.gz	/gpfs/chencao/qinminzhang/workflow/catalog_lof/run_all/data/GCST90085073_buildGRCh38_M1_001_ensg_beta_se.csv
GCST90081132	GCST90085118	/gpfs/chencao/qinminzhang/workflow/ldsc/GWAS/all/GCST90081132.txt.gz	/gpfs/chencao/qinminzhang/workflow/catalog_lof/run_all/data/GCST90085118_buildGRCh38_M1_001_ensg_beta_se.csv
MR30881	GCST90085190	/gpfs/chencao/qinminzhang/workflow/ldsc/GWAS/all/MR30881.txt.gz	/gpfs/chencao/qinminzhang/workflow/catalog_lof/run_all/data/GCST90085190_buildGRCh38_M1_001_ensg_beta_se.csv
PE05103	GCST90084697	/gpfs/chencao/qinminzhang/workflow/ldsc/GWAS/all/PE05103.txt.gz	/gpfs/chencao/qinminzhang/workflow/catalog_lof/run_all/data/GCST90084697_buildGRCh38_M1_001_ensg_beta_se.csv
GCST90080922	GCST90084908	/gpfs/chencao/qinminzhang/workflow/ldsc/GWAS/all/GCST90080922.txt.gz	/gpfs/chencao/qinminzhang/workflow/catalog_lof/run_all/data/GCST90084908_buildGRCh38_M1_001_ensg_beta_se.csv
GCST90081198	GCST90085184	/gpfs/chencao/qinminzhang/workflow/ldsc/GWAS/all/GCST90081198.txt.gz	/gpfs/chencao/qinminzhang/workflow/catalog_lof/run_all/data/GCST90085184_buildGRCh38_M1_001_ensg_beta_se.csv
GCST90079679	GCST90083665	/gpfs/chencao/qinminzhang/workflow/ldsc/GWAS/all/GCST90079679.txt.gz	/gpfs/chencao/qinminzhang/workflow/catalog_lof/run_all/data/GCST90083665_buildGRCh38_M1_001_ensg_beta_se.csv
AT477	GCST90084078	/gpfs/chencao/qinminzhang/workflow/ldsc/GWAS/all/AT477.txt.gz	/gpfs/chencao/qinminzhang/workflow/catalog_lof/run_all/data/GCST90084078_buildGRCh38_M1_001_ensg_beta_se.csv
GCST90080554	GCST90084540	/gpfs/chencao/qinminzhang/workflow/ldsc/GWAS/all/GCST90080554.txt.gz	/gpfs/chencao/qinminzhang/workflow/catalog_lof/run_all/data/GCST90084540_buildGRCh38_M1_001_ensg_beta_se.csv
PE05081	GCST90084649	/gpfs/chencao/qinminzhang/workflow/ldsc/GWAS/all/PE05081.txt.gz	/gpfs/chencao/qinminzhang/workflow/catalog_lof/run_all/data/GCST90084649_buildGRCh38_M1_001_ensg_beta_se.csv
GCST90081080	GCST90085066	/gpfs/chencao/qinminzhang/workflow/ldsc/GWAS/all/GCST90081080.txt.gz	/gpfs/chencao/qinminzhang/workflow/catalog_lof/run_all/data/GCST90085066_buildGRCh38_M1_001_ensg_beta_se.csv
PE05456	GCST90085431	/gpfs/chencao/qinminzhang/workflow/ldsc/GWAS/all/PE05456.txt.gz	/gpfs/chencao/qinminzhang/workflow/catalog_lof/run_all/data/GCST90085431_buildGRCh38_M1_001_ensg_beta_se.csv
GCST90079562	GCST90083548	/gpfs/chencao/qinminzhang/workflow/ldsc/GWAS/all/GCST90079562.txt.gz	/gpfs/chencao/qinminzhang/workflow/catalog_lof/run_all/data/GCST90083548_buildGRCh38_M1_001_ensg_beta_se.csv
MR24764	GCST90083652	/gpfs/chencao/qinminzhang/workflow/ldsc/GWAS/all/MR24764.txt.gz	/gpfs/chencao/qinminzhang/workflow/catalog_lof/run_all/data/GCST90083652_buildGRCh38_M1_001_ensg_beta_se.csv
GCST90079841	GCST90083827	/gpfs/chencao/qinminzhang/workflow/ldsc/GWAS/all/GCST90079841.txt.gz	/gpfs/chencao/qinminzhang/workflow/catalog_lof/run_all/data/GCST90083827_buildGRCh38_M1_001_ensg_beta_se.csv
AT025	GCST90083829	/gpfs/chencao/qinminzhang/workflow/ldsc/GWAS/all/AT025.txt.gz	/gpfs/chencao/qinminzhang/workflow/catalog_lof/run_all/data/GCST90083829_buildGRCh38_M1_001_ensg_beta_se.csv
PA01025	GCST90084799	/gpfs/chencao/qinminzhang/workflow/ldsc/GWAS/all/PA01025.txt.gz	/gpfs/chencao/qinminzhang/workflow/catalog_lof/run_all/data/GCST90084799_buildGRCh38_M1_001_ensg_beta_se.csv
GCST90081288	GCST90085274	/gpfs/chencao/qinminzhang/workflow/ldsc/GWAS/all/GCST90081288.txt.gz	/gpfs/chencao/qinminzhang/workflow/catalog_lof/run_all/data/GCST90085274_buildGRCh38_M1_001_ensg_beta_se.csv
GCST90081348	GCST90085334	/gpfs/chencao/qinminzhang/workflow/ldsc/GWAS/all/GCST90081348.txt.gz	/gpfs/chencao/qinminzhang/workflow/catalog_lof/run_all/data/GCST90085334_buildGRCh38_M1_001_ensg_beta_se.csv
MR27646	GCST90085339	/gpfs/chencao/qinminzhang/workflow/ldsc/GWAS/all/MR27646.txt.gz	/gpfs/chencao/qinminzhang/workflow/catalog_lof/run_all/data/GCST90085339_buildGRCh38_M1_001_ensg_beta_se.csv
GCST90079563	GCST90083549	/gpfs/chencao/qinminzhang/workflow/ldsc/GWAS/all/GCST90079563.txt.gz	/gpfs/chencao/qinminzhang/workflow/catalog_lof/run_all/data/GCST90083549_buildGRCh38_M1_001_ensg_beta_se.csv
GCST90079667	GCST90083653	/gpfs/chencao/qinminzhang/workflow/ldsc/GWAS/all/GCST90079667.txt.gz	/gpfs/chencao/qinminzhang/workflow/catalog_lof/run_all/data/GCST90083653_buildGRCh38_M1_001_ensg_beta_se.csv
GCST90079696	GCST90083682	/gpfs/chencao/qinminzhang/workflow/ldsc/GWAS/all/GCST90079696.txt.gz	/gpfs/chencao/qinminzhang/workflow/catalog_lof/run_all/data/GCST90083682_buildGRCh38_M1_001_ensg_beta_se.csv
AT293	GCST90083847	/gpfs/chencao/qinminzhang/workflow/ldsc/GWAS/all/AT293.txt.gz	/gpfs/chencao/qinminzhang/workflow/catalog_lof/run_all/data/GCST90083847_buildGRCh38_M1_001_ensg_beta_se.csv
GCST90079960	GCST90083946	/gpfs/chencao/qinminzhang/workflow/ldsc/GWAS/all/GCST90079960.txt.gz	/gpfs/chencao/qinminzhang/workflow/catalog_lof/run_all/data/GCST90083946_buildGRCh38_M1_001_ensg_beta_se.csv
GCST90080738	GCST90084724	/gpfs/chencao/qinminzhang/workflow/ldsc/GWAS/all/GCST90080738.txt.gz	/gpfs/chencao/qinminzhang/workflow/catalog_lof/run_all/data/GCST90084724_buildGRCh38_M1_001_ensg_beta_se.csv
GCST90080929	GCST90084915	/gpfs/chencao/qinminzhang/workflow/ldsc/GWAS/all/GCST90080929.txt.gz	/gpfs/chencao/qinminzhang/workflow/catalog_lof/run_all/data/GCST90084915_buildGRCh38_M1_001_ensg_beta_se.csv
GCST90081232	GCST90085218	/gpfs/chencao/qinminzhang/workflow/ldsc/GWAS/all/GCST90081232.txt.gz	/gpfs/chencao/qinminzhang/workflow/catalog_lof/run_all/data/GCST90085218_buildGRCh38_M1_001_ensg_beta_se.csv
GCST90081263	GCST90085249	/gpfs/chencao/qinminzhang/workflow/ldsc/GWAS/all/GCST90081263.txt.gz	/gpfs/chencao/qinminzhang/workflow/catalog_lof/run_all/data/GCST90085249_buildGRCh38_M1_001_ensg_beta_se.csv
GCST90079561	GCST90083547	/gpfs/chencao/qinminzhang/workflow/ldsc/GWAS/all/GCST90079561.txt.gz	/gpfs/chencao/qinminzhang/workflow/catalog_lof/run_all/data/GCST90083547_buildGRCh38_M1_001_ensg_beta_se.csv
GCST90079694	GCST90083680	/gpfs/chencao/qinminzhang/workflow/ldsc/GWAS/all/GCST90079694.txt.gz	/gpfs/chencao/qinminzhang/workflow/catalog_lof/run_all/data/GCST90083680_buildGRCh38_M1_001_ensg_beta_se.csv
GCST90080080	GCST90084066	/gpfs/chencao/qinminzhang/workflow/ldsc/GWAS/all/GCST90080080.txt.gz	/gpfs/chencao/qinminzhang/workflow/catalog_lof/run_all/data/GCST90084066_buildGRCh38_M1_001_ensg_beta_se.csv
GCST90081262	GCST90085248	/gpfs/chencao/qinminzhang/workflow/ldsc/GWAS/all/GCST90081262.txt.gz	/gpfs/chencao/qinminzhang/workflow/catalog_lof/run_all/data/GCST90085248_buildGRCh38_M1_001_ensg_beta_se.csv
GCST90081305	GCST90085291	/gpfs/chencao/qinminzhang/workflow/ldsc/GWAS/all/GCST90081305.txt.gz	/gpfs/chencao/qinminzhang/workflow/catalog_lof/run_all/data/GCST90085291_buildGRCh38_M1_001_ensg_beta_se.csv
GCST90081330	GCST90085316	/gpfs/chencao/qinminzhang/workflow/ldsc/GWAS/all/GCST90081330.txt.gz	/gpfs/chencao/qinminzhang/workflow/catalog_lof/run_all/data/GCST90085316_buildGRCh38_M1_001_ensg_beta_se.csv
GCST90079624	GCST90083610	/gpfs/chencao/qinminzhang/workflow/ldsc/GWAS/all/GCST90079624.txt.gz	/gpfs/chencao/qinminzhang/workflow/catalog_lof/run_all/data/GCST90083610_buildGRCh38_M1_001_ensg_beta_se.csv
GCST90080823	GCST90084809	/gpfs/chencao/qinminzhang/workflow/ldsc/GWAS/all/GCST90080823.txt.gz	/gpfs/chencao/qinminzhang/workflow/catalog_lof/run_all/data/GCST90084809_buildGRCh38_M1_001_ensg_beta_se.csv
PE05200	GCST90084919	/gpfs/chencao/qinminzhang/workflow/ldsc/GWAS/all/PE05200.txt.gz	/gpfs/chencao/qinminzhang/workflow/catalog_lof/run_all/data/GCST90084919_buildGRCh38_M1_001_ensg_beta_se.csv
GCST90081369	GCST90085355	/gpfs/chencao/qinminzhang/workflow/ldsc/GWAS/all/GCST90081369.txt.gz	/gpfs/chencao/qinminzhang/workflow/catalog_lof/run_all/data/GCST90085355_buildGRCh38_M1_001_ensg_beta_se.csv
GCST90080335	GCST90084321	/gpfs/chencao/qinminzhang/workflow/ldsc/GWAS/all/GCST90080335.txt.gz	/gpfs/chencao/qinminzhang/workflow/catalog_lof/run_all/data/GCST90084321_buildGRCh38_M1_001_ensg_beta_se.csv
GCST90080363	GCST90084349	/gpfs/chencao/qinminzhang/workflow/ldsc/GWAS/all/GCST90080363.txt.gz	/gpfs/chencao/qinminzhang/workflow/catalog_lof/run_all/data/GCST90084349_buildGRCh38_M1_001_ensg_beta_se.csv
AT230	GCST90084560	/gpfs/chencao/qinminzhang/workflow/ldsc/GWAS/all/AT230.txt.gz	/gpfs/chencao/qinminzhang/workflow/catalog_lof/run_all/data/GCST90084560_buildGRCh38_M1_001_ensg_beta_se.csv
GCST90081051	GCST90085037	/gpfs/chencao/qinminzhang/workflow/ldsc/GWAS/all/GCST90081051.txt.gz	/gpfs/chencao/qinminzhang/workflow/catalog_lof/run_all/data/GCST90085037_buildGRCh38_M1_001_ensg_beta_se.csv
GCST90079681	GCST90083667	/gpfs/chencao/qinminzhang/workflow/ldsc/GWAS/all/GCST90079681.txt.gz	/gpfs/chencao/qinminzhang/workflow/catalog_lof/run_all/data/GCST90083667_buildGRCh38_M1_001_ensg_beta_se.csv
GCST90080062	GCST90084048	/gpfs/chencao/qinminzhang/workflow/ldsc/GWAS/all/GCST90080062.txt.gz	/gpfs/chencao/qinminzhang/workflow/catalog_lof/run_all/data/GCST90084048_buildGRCh38_M1_001_ensg_beta_se.csv
GCST90081148	GCST90085134	/gpfs/chencao/qinminzhang/workflow/ldsc/GWAS/all/GCST90081148.txt.gz	/gpfs/chencao/qinminzhang/workflow/catalog_lof/run_all/data/GCST90085134_buildGRCh38_M1_001_ensg_beta_se.csv
GCST90081372	GCST90085358	/gpfs/chencao/qinminzhang/workflow/ldsc/GWAS/all/GCST90081372.txt.gz	/gpfs/chencao/qinminzhang/workflow/catalog_lof/run_all/data/GCST90085358_buildGRCh38_M1_001_ensg_beta_se.csv
GCST90079638	GCST90083624	/gpfs/chencao/qinminzhang/workflow/ldsc/GWAS/all/GCST90079638.txt.gz	/gpfs/chencao/qinminzhang/workflow/catalog_lof/run_all/data/GCST90083624_buildGRCh38_M1_001_ensg_beta_se.csv
GCST90080042	GCST90084028	/gpfs/chencao/qinminzhang/workflow/ldsc/GWAS/all/GCST90080042.txt.gz	/gpfs/chencao/qinminzhang/workflow/catalog_lof/run_all/data/GCST90084028_buildGRCh38_M1_001_ensg_beta_se.csv
GCST90080382	GCST90084368	/gpfs/chencao/qinminzhang/workflow/ldsc/GWAS/all/GCST90080382.txt.gz	/gpfs/chencao/qinminzhang/workflow/catalog_lof/run_all/data/GCST90084368_buildGRCh38_M1_001_ensg_beta_se.csv
AT328	GCST90084581	/gpfs/chencao/qinminzhang/workflow/ldsc/GWAS/all/AT328.txt.gz	/gpfs/chencao/qinminzhang/workflow/catalog_lof/run_all/data/GCST90084581_buildGRCh38_M1_001_ensg_beta_se.csv
GCST90080728	GCST90084714	/gpfs/chencao/qinminzhang/workflow/ldsc/GWAS/all/GCST90080728.txt.gz	/gpfs/chencao/qinminzhang/workflow/catalog_lof/run_all/data/GCST90084714_buildGRCh38_M1_001_ensg_beta_se.csv
PE05337	GCST90085111	/gpfs/chencao/qinminzhang/workflow/ldsc/GWAS/all/PE05337.txt.gz	/gpfs/chencao/qinminzhang/workflow/catalog_lof/run_all/data/GCST90085111_buildGRCh38_M1_001_ensg_beta_se.csv
GCST90080957	GCST90084943	/gpfs/chencao/qinminzhang/workflow/ldsc/GWAS/all/GCST90080957.txt.gz	/gpfs/chencao/qinminzhang/workflow/catalog_lof/run_all/data/GCST90084943_buildGRCh38_M1_001_ensg_beta_se.csv
PE05435	GCST90085307	/gpfs/chencao/qinminzhang/workflow/ldsc/GWAS/all/PE05435.txt.gz	/gpfs/chencao/qinminzhang/workflow/catalog_lof/run_all/data/GCST90085307_buildGRCh38_M1_001_ensg_beta_se.csv
GCST90081396	GCST90085382	/gpfs/chencao/qinminzhang/workflow/ldsc/GWAS/all/GCST90081396.txt.gz	/gpfs/chencao/qinminzhang/workflow/catalog_lof/run_all/data/GCST90085382_buildGRCh38_M1_001_ensg_beta_se.csv
AT212	GCST90084108	/gpfs/chencao/qinminzhang/workflow/ldsc/GWAS/all/AT212.txt.gz	/gpfs/chencao/qinminzhang/workflow/catalog_lof/run_all/data/GCST90084108_buildGRCh38_M1_001_ensg_beta_se.csv
GCST90080727	GCST90084713	/gpfs/chencao/qinminzhang/workflow/ldsc/GWAS/all/GCST90080727.txt.gz	/gpfs/chencao/qinminzhang/workflow/catalog_lof/run_all/data/GCST90084713_buildGRCh38_M1_001_ensg_beta_se.csv
GCST90081376	GCST90085362	/gpfs/chencao/qinminzhang/workflow/ldsc/GWAS/all/GCST90081376.txt.gz	/gpfs/chencao/qinminzhang/workflow/catalog_lof/run_all/data/GCST90085362_buildGRCh38_M1_001_ensg_beta_se.csv
GCST90079570	GCST90083556	/gpfs/chencao/qinminzhang/workflow/ldsc/GWAS/all/GCST90079570.txt.gz	/gpfs/chencao/qinminzhang/workflow/catalog_lof/run_all/data/GCST90083556_buildGRCh38_M1_001_ensg_beta_se.csv
AT303	GCST90083765	/gpfs/chencao/qinminzhang/workflow/ldsc/GWAS/all/AT303.txt.gz	/gpfs/chencao/qinminzhang/workflow/catalog_lof/run_all/data/GCST90083765_buildGRCh38_M1_001_ensg_beta_se.csv
PE04605	GCST90083637	/gpfs/chencao/qinminzhang/workflow/ldsc/GWAS/all/PE04605.txt.gz	/gpfs/chencao/qinminzhang/workflow/catalog_lof/run_all/data/GCST90083637_buildGRCh38_M1_001_ensg_beta_se.csv
GCST90079682	GCST90083668	/gpfs/chencao/qinminzhang/workflow/ldsc/GWAS/all/GCST90079682.txt.gz	/gpfs/chencao/qinminzhang/workflow/catalog_lof/run_all/data/GCST90083668_buildGRCh38_M1_001_ensg_beta_se.csv
AT438	GCST90084512	/gpfs/chencao/qinminzhang/workflow/ldsc/GWAS/all/AT438.txt.gz	/gpfs/chencao/qinminzhang/workflow/catalog_lof/run_all/data/GCST90084512_buildGRCh38_M1_001_ensg_beta_se.csv
GCST90081009	GCST90084995	/gpfs/chencao/qinminzhang/workflow/ldsc/GWAS/all/GCST90081009.txt.gz	/gpfs/chencao/qinminzhang/workflow/catalog_lof/run_all/data/GCST90084995_buildGRCh38_M1_001_ensg_beta_se.csv
GCST90081290	GCST90085276	/gpfs/chencao/qinminzhang/workflow/ldsc/GWAS/all/GCST90081290.txt.gz	/gpfs/chencao/qinminzhang/workflow/catalog_lof/run_all/data/GCST90085276_buildGRCh38_M1_001_ensg_beta_se.csv
GCST90080533	GCST90084519	/gpfs/chencao/qinminzhang/workflow/ldsc/GWAS/all/GCST90080533.txt.gz	/gpfs/chencao/qinminzhang/workflow/catalog_lof/run_all/data/GCST90084519_buildGRCh38_M1_001_ensg_beta_se.csv
GCST90080713	GCST90084699	/gpfs/chencao/qinminzhang/workflow/ldsc/GWAS/all/GCST90080713.txt.gz	/gpfs/chencao/qinminzhang/workflow/catalog_lof/run_all/data/GCST90084699_buildGRCh38_M1_001_ensg_beta_se.csv
PE05318	GCST90085091	/gpfs/chencao/qinminzhang/workflow/ldsc/GWAS/all/PE05318.txt.gz	/gpfs/chencao/qinminzhang/workflow/catalog_lof/run_all/data/GCST90085091_buildGRCh38_M1_001_ensg_beta_se.csv
PE04784	GCST90083900	/gpfs/chencao/qinminzhang/workflow/ldsc/GWAS/all/PE04784.txt.gz	/gpfs/chencao/qinminzhang/workflow/catalog_lof/run_all/data/GCST90083900_buildGRCh38_M1_001_ensg_beta_se.csv
PE04609	GCST90083648	/gpfs/chencao/qinminzhang/workflow/ldsc/GWAS/all/PE04609.txt.gz	/gpfs/chencao/qinminzhang/workflow/catalog_lof/run_all/data/GCST90083648_buildGRCh38_M1_001_ensg_beta_se.csv
GCST90080496	GCST90084482	/gpfs/chencao/qinminzhang/workflow/ldsc/GWAS/all/GCST90080496.txt.gz	/gpfs/chencao/qinminzhang/workflow/catalog_lof/run_all/data/GCST90084482_buildGRCh38_M1_001_ensg_beta_se.csv
GCST90080497	GCST90084483	/gpfs/chencao/qinminzhang/workflow/ldsc/GWAS/all/GCST90080497.txt.gz	/gpfs/chencao/qinminzhang/workflow/catalog_lof/run_all/data/GCST90084483_buildGRCh38_M1_001_ensg_beta_se.csv
MR17998	GCST90084424	/gpfs/chencao/qinminzhang/workflow/ldsc/GWAS/all/MR17998.txt.gz	/gpfs/chencao/qinminzhang/workflow/catalog_lof/run_all/data/GCST90084424_buildGRCh38_M1_001_ensg_beta_se.csv
GCST90081274	GCST90085260	/gpfs/chencao/qinminzhang/workflow/ldsc/GWAS/all/GCST90081274.txt.gz	/gpfs/chencao/qinminzhang/workflow/catalog_lof/run_all/data/GCST90085260_buildGRCh38_M1_001_ensg_beta_se.csv
GCST90079619	GCST90083605	/gpfs/chencao/qinminzhang/workflow/ldsc/GWAS/all/GCST90079619.txt.gz	/gpfs/chencao/qinminzhang/workflow/catalog_lof/run_all/data/GCST90083605_buildGRCh38_M1_001_ensg_beta_se.csv
PE05173	GCST90084845	/gpfs/chencao/qinminzhang/workflow/ldsc/GWAS/all/PE05173.txt.gz	/gpfs/chencao/qinminzhang/workflow/catalog_lof/run_all/data/GCST90084845_buildGRCh38_M1_001_ensg_beta_se.csv
GCST90081077	GCST90085063	/gpfs/chencao/qinminzhang/workflow/ldsc/GWAS/all/GCST90081077.txt.gz	/gpfs/chencao/qinminzhang/workflow/catalog_lof/run_all/data/GCST90085063_buildGRCh38_M1_001_ensg_beta_se.csv
GCST90081134	GCST90085120	/gpfs/chencao/qinminzhang/workflow/ldsc/GWAS/all/GCST90081134.txt.gz	/gpfs/chencao/qinminzhang/workflow/catalog_lof/run_all/data/GCST90085120_buildGRCh38_M1_001_ensg_beta_se.csv
GCST90081195	GCST90085181	/gpfs/chencao/qinminzhang/workflow/ldsc/GWAS/all/GCST90081195.txt.gz	/gpfs/chencao/qinminzhang/workflow/catalog_lof/run_all/data/GCST90085181_buildGRCh38_M1_001_ensg_beta_se.csv
GCST90080856	GCST90084842	/gpfs/chencao/qinminzhang/workflow/ldsc/GWAS/all/GCST90080856.txt.gz	/gpfs/chencao/qinminzhang/workflow/catalog_lof/run_all/data/GCST90084842_buildGRCh38_M1_001_ensg_beta_se.csv
PE05171	GCST90084843	/gpfs/chencao/qinminzhang/workflow/ldsc/GWAS/all/PE05171.txt.gz	/gpfs/chencao/qinminzhang/workflow/catalog_lof/run_all/data/GCST90084843_buildGRCh38_M1_001_ensg_beta_se.csv
GCST90081079	GCST90085065	/gpfs/chencao/qinminzhang/workflow/ldsc/GWAS/all/GCST90081079.txt.gz	/gpfs/chencao/qinminzhang/workflow/catalog_lof/run_all/data/GCST90085065_buildGRCh38_M1_001_ensg_beta_se.csv
GCST90081194	GCST90085180	/gpfs/chencao/qinminzhang/workflow/ldsc/GWAS/all/GCST90081194.txt.gz	/gpfs/chencao/qinminzhang/workflow/catalog_lof/run_all/data/GCST90085180_buildGRCh38_M1_001_ensg_beta_se.csv
GCST90081207	GCST90085193	/gpfs/chencao/qinminzhang/workflow/ldsc/GWAS/all/GCST90081207.txt.gz	/gpfs/chencao/qinminzhang/workflow/catalog_lof/run_all/data/GCST90085193_buildGRCh38_M1_001_ensg_beta_se.csv
GCST90081218	GCST90085204	/gpfs/chencao/qinminzhang/workflow/ldsc/GWAS/all/GCST90081218.txt.gz	/gpfs/chencao/qinminzhang/workflow/catalog_lof/run_all/data/GCST90085204_buildGRCh38_M1_001_ensg_beta_se.csv
GCST90081282	GCST90085268	/gpfs/chencao/qinminzhang/workflow/ldsc/GWAS/all/GCST90081282.txt.gz	/gpfs/chencao/qinminzhang/workflow/catalog_lof/run_all/data/GCST90085268_buildGRCh38_M1_001_ensg_beta_se.csv
MR39563	GCST90084744	/gpfs/chencao/qinminzhang/workflow/ldsc/GWAS/all/MR39563.txt.gz	/gpfs/chencao/qinminzhang/workflow/catalog_lof/run_all/data/GCST90084744_buildGRCh38_M1_001_ensg_beta_se.csv
GCST90080851	GCST90084837	/gpfs/chencao/qinminzhang/workflow/ldsc/GWAS/all/GCST90080851.txt.gz	/gpfs/chencao/qinminzhang/workflow/catalog_lof/run_all/data/GCST90084837_buildGRCh38_M1_001_ensg_beta_se.csv
GCST90080982	GCST90084968	/gpfs/chencao/qinminzhang/workflow/ldsc/GWAS/all/GCST90080982.txt.gz	/gpfs/chencao/qinminzhang/workflow/catalog_lof/run_all/data/GCST90084968_buildGRCh38_M1_001_ensg_beta_se.csv
GCST90081053	GCST90085039	/gpfs/chencao/qinminzhang/workflow/ldsc/GWAS/all/GCST90081053.txt.gz	/gpfs/chencao/qinminzhang/workflow/catalog_lof/run_all/data/GCST90085039_buildGRCh38_M1_001_ensg_beta_se.csv
PE04589	GCST90083611	/gpfs/chencao/qinminzhang/workflow/ldsc/GWAS/all/PE04589.txt.gz	/gpfs/chencao/qinminzhang/workflow/catalog_lof/run_all/data/GCST90083611_buildGRCh38_M1_001_ensg_beta_se.csv
GCST90079719	GCST90083705	/gpfs/chencao/qinminzhang/workflow/ldsc/GWAS/all/GCST90079719.txt.gz	/gpfs/chencao/qinminzhang/workflow/catalog_lof/run_all/data/GCST90083705_buildGRCh38_M1_001_ensg_beta_se.csv
MR32628	GCST90085189	/gpfs/chencao/qinminzhang/workflow/ldsc/GWAS/all/MR32628.txt.gz	/gpfs/chencao/qinminzhang/workflow/catalog_lof/run_all/data/GCST90085189_buildGRCh38_M1_001_ensg_beta_se.csv
GCST90081358	GCST90085344	/gpfs/chencao/qinminzhang/workflow/ldsc/GWAS/all/GCST90081358.txt.gz	/gpfs/chencao/qinminzhang/workflow/catalog_lof/run_all/data/GCST90085344_buildGRCh38_M1_001_ensg_beta_se.csv
GCST90080681	GCST90084667	/gpfs/chencao/qinminzhang/workflow/ldsc/GWAS/all/GCST90080681.txt.gz	/gpfs/chencao/qinminzhang/workflow/catalog_lof/run_all/data/GCST90084667_buildGRCh38_M1_001_ensg_beta_se.csv
GCST90079708	GCST90083694	/gpfs/chencao/qinminzhang/workflow/ldsc/GWAS/all/GCST90079708.txt.gz	/gpfs/chencao/qinminzhang/workflow/catalog_lof/run_all/data/GCST90083694_buildGRCh38_M1_001_ensg_beta_se.csv
GCST90079735	GCST90083721	/gpfs/chencao/qinminzhang/workflow/ldsc/GWAS/all/GCST90079735.txt.gz	/gpfs/chencao/qinminzhang/workflow/catalog_lof/run_all/data/GCST90083721_buildGRCh38_M1_001_ensg_beta_se.csv
GCST90080246	GCST90084232	/gpfs/chencao/qinminzhang/workflow/ldsc/GWAS/all/GCST90080246.txt.gz	/gpfs/chencao/qinminzhang/workflow/catalog_lof/run_all/data/GCST90084232_buildGRCh38_M1_001_ensg_beta_se.csv
GCST90080577	GCST90084563	/gpfs/chencao/qinminzhang/workflow/ldsc/GWAS/all/GCST90080577.txt.gz	/gpfs/chencao/qinminzhang/workflow/catalog_lof/run_all/data/GCST90084563_buildGRCh38_M1_001_ensg_beta_se.csv
GCST90080732	GCST90084718	/gpfs/chencao/qinminzhang/workflow/ldsc/GWAS/all/GCST90080732.txt.gz	/gpfs/chencao/qinminzhang/workflow/catalog_lof/run_all/data/GCST90084718_buildGRCh38_M1_001_ensg_beta_se.csv
PE05283	GCST90085053	/gpfs/chencao/qinminzhang/workflow/ldsc/GWAS/all/PE05283.txt.gz	/gpfs/chencao/qinminzhang/workflow/catalog_lof/run_all/data/GCST90085053_buildGRCh38_M1_001_ensg_beta_se.csv
PE05316	GCST90085084	/gpfs/chencao/qinminzhang/workflow/ldsc/GWAS/all/PE05316.txt.gz	/gpfs/chencao/qinminzhang/workflow/catalog_lof/run_all/data/GCST90085084_buildGRCh38_M1_001_ensg_beta_se.csv
GCST90081208	GCST90085194	/gpfs/chencao/qinminzhang/workflow/ldsc/GWAS/all/GCST90081208.txt.gz	/gpfs/chencao/qinminzhang/workflow/catalog_lof/run_all/data/GCST90085194_buildGRCh38_M1_001_ensg_beta_se.csv
GCST90081401	GCST90085387	/gpfs/chencao/qinminzhang/workflow/ldsc/GWAS/all/GCST90081401.txt.gz	/gpfs/chencao/qinminzhang/workflow/catalog_lof/run_all/data/GCST90085387_buildGRCh38_M1_001_ensg_beta_se.csv
GCST90081402	GCST90085388	/gpfs/chencao/qinminzhang/workflow/ldsc/GWAS/all/GCST90081402.txt.gz	/gpfs/chencao/qinminzhang/workflow/catalog_lof/run_all/data/GCST90085388_buildGRCh38_M1_001_ensg_beta_se.csv
GCST90079700	GCST90083686	/gpfs/chencao/qinminzhang/workflow/ldsc/GWAS/all/GCST90079700.txt.gz	/gpfs/chencao/qinminzhang/workflow/catalog_lof/run_all/data/GCST90083686_buildGRCh38_M1_001_ensg_beta_se.csv
GCST90080355	GCST90084341	/gpfs/chencao/qinminzhang/workflow/ldsc/GWAS/all/GCST90080355.txt.gz	/gpfs/chencao/qinminzhang/workflow/catalog_lof/run_all/data/GCST90084341_buildGRCh38_M1_001_ensg_beta_se.csv
GCST90080834	GCST90084820	/gpfs/chencao/qinminzhang/workflow/ldsc/GWAS/all/GCST90080834.txt.gz	/gpfs/chencao/qinminzhang/workflow/catalog_lof/run_all/data/GCST90084820_buildGRCh38_M1_001_ensg_beta_se.csv
GCST90081202	GCST90085188	/gpfs/chencao/qinminzhang/workflow/ldsc/GWAS/all/GCST90081202.txt.gz	/gpfs/chencao/qinminzhang/workflow/catalog_lof/run_all/data/GCST90085188_buildGRCh38_M1_001_ensg_beta_se.csv
GCST90691949	GCST90085374	/gpfs/chencao/qinminzhang/workflow/ldsc/GWAS/all/GCST90691949.txt.gz	/gpfs/chencao/qinminzhang/workflow/catalog_lof/run_all/data/GCST90085374_buildGRCh38_M1_001_ensg_beta_se.csv
GCST90080052	GCST90084038	/gpfs/chencao/qinminzhang/workflow/ldsc/GWAS/all/GCST90080052.txt.gz	/gpfs/chencao/qinminzhang/workflow/catalog_lof/run_all/data/GCST90084038_buildGRCh38_M1_001_ensg_beta_se.csv
GCST90080173	GCST90084159	/gpfs/chencao/qinminzhang/workflow/ldsc/GWAS/all/GCST90080173.txt.gz	/gpfs/chencao/qinminzhang/workflow/catalog_lof/run_all/data/GCST90084159_buildGRCh38_M1_001_ensg_beta_se.csv
GCST90080921	GCST90084907	/gpfs/chencao/qinminzhang/workflow/ldsc/GWAS/all/GCST90080921.txt.gz	/gpfs/chencao/qinminzhang/workflow/catalog_lof/run_all/data/GCST90084907_buildGRCh38_M1_001_ensg_beta_se.csv
GCST90081094	GCST90085080	/gpfs/chencao/qinminzhang/workflow/ldsc/GWAS/all/GCST90081094.txt.gz	/gpfs/chencao/qinminzhang/workflow/catalog_lof/run_all/data/GCST90085080_buildGRCh38_M1_001_ensg_beta_se.csv
GCST90081097	GCST90085083	/gpfs/chencao/qinminzhang/workflow/ldsc/GWAS/all/GCST90081097.txt.gz	/gpfs/chencao/qinminzhang/workflow/catalog_lof/run_all/data/GCST90085083_buildGRCh38_M1_001_ensg_beta_se.csv
GCST90081233	GCST90085219	/gpfs/chencao/qinminzhang/workflow/ldsc/GWAS/all/GCST90081233.txt.gz	/gpfs/chencao/qinminzhang/workflow/catalog_lof/run_all/data/GCST90085219_buildGRCh38_M1_001_ensg_beta_se.csv
GCST90081363	GCST90085349	/gpfs/chencao/qinminzhang/workflow/ldsc/GWAS/all/GCST90081363.txt.gz	/gpfs/chencao/qinminzhang/workflow/catalog_lof/run_all/data/GCST90085349_buildGRCh38_M1_001_ensg_beta_se.csv
GCST90081366	GCST90085352	/gpfs/chencao/qinminzhang/workflow/ldsc/GWAS/all/GCST90081366.txt.gz	/gpfs/chencao/qinminzhang/workflow/catalog_lof/run_all/data/GCST90085352_buildGRCh38_M1_001_ensg_beta_se.csv
GCST90081392	GCST90085378	/gpfs/chencao/qinminzhang/workflow/ldsc/GWAS/all/GCST90081392.txt.gz	/gpfs/chencao/qinminzhang/workflow/catalog_lof/run_all/data/GCST90085378_buildGRCh38_M1_001_ensg_beta_se.csv
PE04588	GCST90083606	/gpfs/chencao/qinminzhang/workflow/ldsc/GWAS/all/PE04588.txt.gz	/gpfs/chencao/qinminzhang/workflow/catalog_lof/run_all/data/GCST90083606_buildGRCh38_M1_001_ensg_beta_se.csv
GCST90079626	GCST90083612	/gpfs/chencao/qinminzhang/workflow/ldsc/GWAS/all/GCST90079626.txt.gz	/gpfs/chencao/qinminzhang/workflow/catalog_lof/run_all/data/GCST90083612_buildGRCh38_M1_001_ensg_beta_se.csv
GCST90079629	GCST90083615	/gpfs/chencao/qinminzhang/workflow/ldsc/GWAS/all/GCST90079629.txt.gz	/gpfs/chencao/qinminzhang/workflow/catalog_lof/run_all/data/GCST90083615_buildGRCh38_M1_001_ensg_beta_se.csv
AT055	GCST90084013	/gpfs/chencao/qinminzhang/workflow/ldsc/GWAS/all/AT055.txt.gz	/gpfs/chencao/qinminzhang/workflow/catalog_lof/run_all/data/GCST90084013_buildGRCh38_M1_001_ensg_beta_se.csv
GCST90080850	GCST90084836	/gpfs/chencao/qinminzhang/workflow/ldsc/GWAS/all/GCST90080850.txt.gz	/gpfs/chencao/qinminzhang/workflow/catalog_lof/run_all/data/GCST90084836_buildGRCh38_M1_001_ensg_beta_se.csv
GCST90081264	GCST90085250	/gpfs/chencao/qinminzhang/workflow/ldsc/GWAS/all/GCST90081264.txt.gz	/gpfs/chencao/qinminzhang/workflow/catalog_lof/run_all/data/GCST90085250_buildGRCh38_M1_001_ensg_beta_se.csv
MR03558	GCST90085390	/gpfs/chencao/qinminzhang/workflow/ldsc/GWAS/all/MR03558.txt.gz	/gpfs/chencao/qinminzhang/workflow/catalog_lof/run_all/data/GCST90085390_buildGRCh38_M1_001_ensg_beta_se.csv
PE04616	GCST90083658	/gpfs/chencao/qinminzhang/workflow/ldsc/GWAS/all/PE04616.txt.gz	/gpfs/chencao/qinminzhang/workflow/catalog_lof/run_all/data/GCST90083658_buildGRCh38_M1_001_ensg_beta_se.csv
MR39038	GCST90084282	/gpfs/chencao/qinminzhang/workflow/ldsc/GWAS/all/MR39038.txt.gz	/gpfs/chencao/qinminzhang/workflow/catalog_lof/run_all/data/GCST90084282_buildGRCh38_M1_001_ensg_beta_se.csv
MR24763	GCST90085183	/gpfs/chencao/qinminzhang/workflow/ldsc/GWAS/all/MR24763.txt.gz	/gpfs/chencao/qinminzhang/workflow/catalog_lof/run_all/data/GCST90085183_buildGRCh38_M1_001_ensg_beta_se.csv
GCST90081291	GCST90085277	/gpfs/chencao/qinminzhang/workflow/ldsc/GWAS/all/GCST90081291.txt.gz	/gpfs/chencao/qinminzhang/workflow/catalog_lof/run_all/data/GCST90085277_buildGRCh38_M1_001_ensg_beta_se.csv
GCST90081301	GCST90085287	/gpfs/chencao/qinminzhang/workflow/ldsc/GWAS/all/GCST90081301.txt.gz	/gpfs/chencao/qinminzhang/workflow/catalog_lof/run_all/data/GCST90085287_buildGRCh38_M1_001_ensg_beta_se.csv
GCST90081302	GCST90085288	/gpfs/chencao/qinminzhang/workflow/ldsc/GWAS/all/GCST90081302.txt.gz	/gpfs/chencao/qinminzhang/workflow/catalog_lof/run_all/data/GCST90085288_buildGRCh38_M1_001_ensg_beta_se.csv
GCST90081398	GCST90085384	/gpfs/chencao/qinminzhang/workflow/ldsc/GWAS/all/GCST90081398.txt.gz	/gpfs/chencao/qinminzhang/workflow/catalog_lof/run_all/data/GCST90085384_buildGRCh38_M1_001_ensg_beta_se.csv
MR17569	GCST90085394	/gpfs/chencao/qinminzhang/workflow/ldsc/GWAS/all/MR17569.txt.gz	/gpfs/chencao/qinminzhang/workflow/catalog_lof/run_all/data/GCST90085394_buildGRCh38_M1_001_ensg_beta_se.csv
MR37623	GCST90085410	/gpfs/chencao/qinminzhang/workflow/ldsc/GWAS/all/MR37623.txt.gz	/gpfs/chencao/qinminzhang/workflow/catalog_lof/run_all/data/GCST90085410_buildGRCh38_M1_001_ensg_beta_se.csv
GCST90079678	GCST90083664	/gpfs/chencao/qinminzhang/workflow/ldsc/GWAS/all/GCST90079678.txt.gz	/gpfs/chencao/qinminzhang/workflow/catalog_lof/run_all/data/GCST90083664_buildGRCh38_M1_001_ensg_beta_se.csv
PE04627	GCST90083679	/gpfs/chencao/qinminzhang/workflow/ldsc/GWAS/all/PE04627.txt.gz	/gpfs/chencao/qinminzhang/workflow/catalog_lof/run_all/data/GCST90083679_buildGRCh38_M1_001_ensg_beta_se.csv
GCST90079969	GCST90083955	/gpfs/chencao/qinminzhang/workflow/ldsc/GWAS/all/GCST90079969.txt.gz	/gpfs/chencao/qinminzhang/workflow/catalog_lof/run_all/data/GCST90083955_buildGRCh38_M1_001_ensg_beta_se.csv
GCST90079970	GCST90083956	/gpfs/chencao/qinminzhang/workflow/ldsc/GWAS/all/GCST90079970.txt.gz	/gpfs/chencao/qinminzhang/workflow/catalog_lof/run_all/data/GCST90083956_buildGRCh38_M1_001_ensg_beta_se.csv
GCST90080117	GCST90084103	/gpfs/chencao/qinminzhang/workflow/ldsc/GWAS/all/GCST90080117.txt.gz	/gpfs/chencao/qinminzhang/workflow/catalog_lof/run_all/data/GCST90084103_buildGRCh38_M1_001_ensg_beta_se.csv
GCST90080895	GCST90084881	/gpfs/chencao/qinminzhang/workflow/ldsc/GWAS/all/GCST90080895.txt.gz	/gpfs/chencao/qinminzhang/workflow/catalog_lof/run_all/data/GCST90084881_buildGRCh38_M1_001_ensg_beta_se.csv
PE05198	GCST90084909	/gpfs/chencao/qinminzhang/workflow/ldsc/GWAS/all/PE05198.txt.gz	/gpfs/chencao/qinminzhang/workflow/catalog_lof/run_all/data/GCST90084909_buildGRCh38_M1_001_ensg_beta_se.csv
GCST90081007	GCST90084993	/gpfs/chencao/qinminzhang/workflow/ldsc/GWAS/all/GCST90081007.txt.gz	/gpfs/chencao/qinminzhang/workflow/catalog_lof/run_all/data/GCST90084993_buildGRCh38_M1_001_ensg_beta_se.csv
GCST90081261	GCST90085247	/gpfs/chencao/qinminzhang/workflow/ldsc/GWAS/all/GCST90081261.txt.gz	/gpfs/chencao/qinminzhang/workflow/catalog_lof/run_all/data/GCST90085247_buildGRCh38_M1_001_ensg_beta_se.csv
GCST90081303	GCST90085289	/gpfs/chencao/qinminzhang/workflow/ldsc/GWAS/all/GCST90081303.txt.gz	/gpfs/chencao/qinminzhang/workflow/catalog_lof/run_all/data/GCST90085289_buildGRCh38_M1_001_ensg_beta_se.csv
GCST90080328	GCST90084314	/gpfs/chencao/qinminzhang/workflow/ldsc/GWAS/all/GCST90080328.txt.gz	/gpfs/chencao/qinminzhang/workflow/catalog_lof/run_all/data/GCST90084314_buildGRCh38_M1_001_ensg_beta_se.csv
GCST90080383	GCST90084369	/gpfs/chencao/qinminzhang/workflow/ldsc/GWAS/all/GCST90080383.txt.gz	/gpfs/chencao/qinminzhang/workflow/catalog_lof/run_all/data/GCST90084369_buildGRCh38_M1_001_ensg_beta_se.csv
GCST90080947	GCST90084933	/gpfs/chencao/qinminzhang/workflow/ldsc/GWAS/all/GCST90080947.txt.gz	/gpfs/chencao/qinminzhang/workflow/catalog_lof/run_all/data/GCST90084933_buildGRCh38_M1_001_ensg_beta_se.csv
MR22841	GCST90085187	/gpfs/chencao/qinminzhang/workflow/ldsc/GWAS/all/MR22841.txt.gz	/gpfs/chencao/qinminzhang/workflow/catalog_lof/run_all/data/GCST90085187_buildGRCh38_M1_001_ensg_beta_se.csv
PE04566	GCST90083570	/gpfs/chencao/qinminzhang/workflow/ldsc/GWAS/all/PE04566.txt.gz	/gpfs/chencao/qinminzhang/workflow/catalog_lof/run_all/data/GCST90083570_buildGRCh38_M1_001_ensg_beta_se.csv
GCST90079673	GCST90083659	/gpfs/chencao/qinminzhang/workflow/ldsc/GWAS/all/GCST90079673.txt.gz	/gpfs/chencao/qinminzhang/workflow/catalog_lof/run_all/data/GCST90083659_buildGRCh38_M1_001_ensg_beta_se.csv
GCST90079754	GCST90083740	/gpfs/chencao/qinminzhang/workflow/ldsc/GWAS/all/GCST90079754.txt.gz	/gpfs/chencao/qinminzhang/workflow/catalog_lof/run_all/data/GCST90083740_buildGRCh38_M1_001_ensg_beta_se.csv
GCST90079959	GCST90083945	/gpfs/chencao/qinminzhang/workflow/ldsc/GWAS/all/GCST90079959.txt.gz	/gpfs/chencao/qinminzhang/workflow/catalog_lof/run_all/data/GCST90083945_buildGRCh38_M1_001_ensg_beta_se.csv
GCST90080562	GCST90084548	/gpfs/chencao/qinminzhang/workflow/ldsc/GWAS/all/GCST90080562.txt.gz	/gpfs/chencao/qinminzhang/workflow/catalog_lof/run_all/data/GCST90084548_buildGRCh38_M1_001_ensg_beta_se.csv
GCST90081225	GCST90085211	/gpfs/chencao/qinminzhang/workflow/ldsc/GWAS/all/GCST90081225.txt.gz	/gpfs/chencao/qinminzhang/workflow/catalog_lof/run_all/data/GCST90085211_buildGRCh38_M1_001_ensg_beta_se.csv
GCST90081269	GCST90085255	/gpfs/chencao/qinminzhang/workflow/ldsc/GWAS/all/GCST90081269.txt.gz	/gpfs/chencao/qinminzhang/workflow/catalog_lof/run_all/data/GCST90085255_buildGRCh38_M1_001_ensg_beta_se.csv
GCST90079701	GCST90083687	/gpfs/chencao/qinminzhang/workflow/ldsc/GWAS/all/GCST90079701.txt.gz	/gpfs/chencao/qinminzhang/workflow/catalog_lof/run_all/data/GCST90083687_buildGRCh38_M1_001_ensg_beta_se.csv
AT178	GCST90084322	/gpfs/chencao/qinminzhang/workflow/ldsc/GWAS/all/AT178.txt.gz	/gpfs/chencao/qinminzhang/workflow/catalog_lof/run_all/data/GCST90084322_buildGRCh38_M1_001_ensg_beta_se.csv
GCST90080635	GCST90084621	/gpfs/chencao/qinminzhang/workflow/ldsc/GWAS/all/GCST90080635.txt.gz	/gpfs/chencao/qinminzhang/workflow/catalog_lof/run_all/data/GCST90084621_buildGRCh38_M1_001_ensg_beta_se.csv
PE05333	GCST90085108	/gpfs/chencao/qinminzhang/workflow/ldsc/GWAS/all/PE05333.txt.gz	/gpfs/chencao/qinminzhang/workflow/catalog_lof/run_all/data/GCST90085108_buildGRCh38_M1_001_ensg_beta_se.csv
GCST90081265	GCST90085251	/gpfs/chencao/qinminzhang/workflow/ldsc/GWAS/all/GCST90081265.txt.gz	/gpfs/chencao/qinminzhang/workflow/catalog_lof/run_all/data/GCST90085251_buildGRCh38_M1_001_ensg_beta_se.csv
GCST90081146	GCST90085132	/gpfs/chencao/qinminzhang/workflow/ldsc/GWAS/all/GCST90081146.txt.gz	/gpfs/chencao/qinminzhang/workflow/catalog_lof/run_all/data/GCST90085132_buildGRCh38_M1_001_ensg_beta_se.csv
GCST90081266	GCST90085252	/gpfs/chencao/qinminzhang/workflow/ldsc/GWAS/all/GCST90081266.txt.gz	/gpfs/chencao/qinminzhang/workflow/catalog_lof/run_all/data/GCST90085252_buildGRCh38_M1_001_ensg_beta_se.csv
GCST90079958	GCST90083944	/gpfs/chencao/qinminzhang/workflow/ldsc/GWAS/all/GCST90079958.txt.gz	/gpfs/chencao/qinminzhang/workflow/catalog_lof/run_all/data/GCST90083944_buildGRCh38_M1_001_ensg_beta_se.csv
GCST90080633	GCST90084619	/gpfs/chencao/qinminzhang/workflow/ldsc/GWAS/all/GCST90080633.txt.gz	/gpfs/chencao/qinminzhang/workflow/catalog_lof/run_all/data/GCST90084619_buildGRCh38_M1_001_ensg_beta_se.csv
GCST90081015	GCST90085001	/gpfs/chencao/qinminzhang/workflow/ldsc/GWAS/all/GCST90081015.txt.gz	/gpfs/chencao/qinminzhang/workflow/catalog_lof/run_all/data/GCST90085001_buildGRCh38_M1_001_ensg_beta_se.csv
MR04815	GCST90084102	/gpfs/chencao/qinminzhang/workflow/ldsc/GWAS/all/MR04815.txt.gz	/gpfs/chencao/qinminzhang/workflow/catalog_lof/run_all/data/GCST90084102_buildGRCh38_M1_001_ensg_beta_se.csv
GCST90080996	GCST90084982	/gpfs/chencao/qinminzhang/workflow/ldsc/GWAS/all/GCST90080996.txt.gz	/gpfs/chencao/qinminzhang/workflow/catalog_lof/run_all/data/GCST90084982_buildGRCh38_M1_001_ensg_beta_se.csv
GCST90081293	GCST90085279	/gpfs/chencao/qinminzhang/workflow/ldsc/GWAS/all/GCST90081293.txt.gz	/gpfs/chencao/qinminzhang/workflow/catalog_lof/run_all/data/GCST90085279_buildGRCh38_M1_001_ensg_beta_se.csv
GCST90081324	GCST90085310	/gpfs/chencao/qinminzhang/workflow/ldsc/GWAS/all/GCST90081324.txt.gz	/gpfs/chencao/qinminzhang/workflow/catalog_lof/run_all/data/GCST90085310_buildGRCh38_M1_001_ensg_beta_se.csv
GCST90080143	GCST90084129	/gpfs/chencao/qinminzhang/workflow/ldsc/GWAS/all/GCST90080143.txt.gz	/gpfs/chencao/qinminzhang/workflow/catalog_lof/run_all/data/GCST90084129_buildGRCh38_M1_001_ensg_beta_se.csv
GCST90080788	GCST90084774	/gpfs/chencao/qinminzhang/workflow/ldsc/GWAS/all/GCST90080788.txt.gz	/gpfs/chencao/qinminzhang/workflow/catalog_lof/run_all/data/GCST90084774_buildGRCh38_M1_001_ensg_beta_se.csv
GCST90081008	GCST90084994	/gpfs/chencao/qinminzhang/workflow/ldsc/GWAS/all/GCST90081008.txt.gz	/gpfs/chencao/qinminzhang/workflow/catalog_lof/run_all/data/GCST90084994_buildGRCh38_M1_001_ensg_beta_se.csv
GCST90474230	GCST90084694	/gpfs/chencao/qinminzhang/workflow/ldsc/GWAS/all/GCST90474230.txt.gz	/gpfs/chencao/qinminzhang/workflow/catalog_lof/run_all/data/GCST90084694_buildGRCh38_M1_001_ensg_beta_se.csv
PE05213	GCST90084949	/gpfs/chencao/qinminzhang/workflow/ldsc/GWAS/all/PE05213.txt.gz	/gpfs/chencao/qinminzhang/workflow/catalog_lof/run_all/data/GCST90084949_buildGRCh38_M1_001_ensg_beta_se.csv
GCST90080995	GCST90084981	/gpfs/chencao/qinminzhang/workflow/ldsc/GWAS/all/GCST90080995.txt.gz	/gpfs/chencao/qinminzhang/workflow/catalog_lof/run_all/data/GCST90084981_buildGRCh38_M1_001_ensg_beta_se.csv
GCST90080993	GCST90084979	/gpfs/chencao/qinminzhang/workflow/ldsc/GWAS/all/GCST90080993.txt.gz	/gpfs/chencao/qinminzhang/workflow/catalog_lof/run_all/data/GCST90084979_buildGRCh38_M1_001_ensg_beta_se.csv
GCST90080498	GCST90084484	/gpfs/chencao/qinminzhang/workflow/ldsc/GWAS/all/GCST90080498.txt.gz	/gpfs/chencao/qinminzhang/workflow/catalog_lof/run_all/data/GCST90084484_buildGRCh38_M1_001_ensg_beta_se.csv
GCST90080706	GCST90084692	/gpfs/chencao/qinminzhang/workflow/ldsc/GWAS/all/GCST90080706.txt.gz	/gpfs/chencao/qinminzhang/workflow/catalog_lof/run_all/data/GCST90084692_buildGRCh38_M1_001_ensg_beta_se.csv
PE05236	GCST90084990	/gpfs/chencao/qinminzhang/workflow/ldsc/GWAS/all/PE05236.txt.gz	/gpfs/chencao/qinminzhang/workflow/catalog_lof/run_all/data/GCST90084990_buildGRCh38_M1_001_ensg_beta_se.csv
GCST90080572	GCST90084558	/gpfs/chencao/qinminzhang/workflow/ldsc/GWAS/all/GCST90080572.txt.gz	/gpfs/chencao/qinminzhang/workflow/catalog_lof/run_all/data/GCST90084558_buildGRCh38_M1_001_ensg_beta_se.csv
GCST90081237	GCST90085223	/gpfs/chencao/qinminzhang/workflow/ldsc/GWAS/all/GCST90081237.txt.gz	/gpfs/chencao/qinminzhang/workflow/catalog_lof/run_all/data/GCST90085223_buildGRCh38_M1_001_ensg_beta_se.csv
GCST90079623	GCST90083609	/gpfs/chencao/qinminzhang/workflow/ldsc/GWAS/all/GCST90079623.txt.gz	/gpfs/chencao/qinminzhang/workflow/catalog_lof/run_all/data/GCST90083609_buildGRCh38_M1_001_ensg_beta_se.csv
GCST90079728	GCST90083714	/gpfs/chencao/qinminzhang/workflow/ldsc/GWAS/all/GCST90079728.txt.gz	/gpfs/chencao/qinminzhang/workflow/catalog_lof/run_all/data/GCST90083714_buildGRCh38_M1_001_ensg_beta_se.csv
GCST90080130	GCST90084116	/gpfs/chencao/qinminzhang/workflow/ldsc/GWAS/all/GCST90080130.txt.gz	/gpfs/chencao/qinminzhang/workflow/catalog_lof/run_all/data/GCST90084116_buildGRCh38_M1_001_ensg_beta_se.csv
GCST90080440	GCST90084426	/gpfs/chencao/qinminzhang/workflow/ldsc/GWAS/all/GCST90080440.txt.gz	/gpfs/chencao/qinminzhang/workflow/catalog_lof/run_all/data/GCST90084426_buildGRCh38_M1_001_ensg_beta_se.csv
AT528	GCST90084588	/gpfs/chencao/qinminzhang/workflow/ldsc/GWAS/all/AT528.txt.gz	/gpfs/chencao/qinminzhang/workflow/catalog_lof/run_all/data/GCST90084588_buildGRCh38_M1_001_ensg_beta_se.csv
GCST90081206	GCST90085192	/gpfs/chencao/qinminzhang/workflow/ldsc/GWAS/all/GCST90081206.txt.gz	/gpfs/chencao/qinminzhang/workflow/catalog_lof/run_all/data/GCST90085192_buildGRCh38_M1_001_ensg_beta_se.csv
GCST90080549	GCST90084535	/gpfs/chencao/qinminzhang/workflow/ldsc/GWAS/all/GCST90080549.txt.gz	/gpfs/chencao/qinminzhang/workflow/catalog_lof/run_all/data/GCST90084535_buildGRCh38_M1_001_ensg_beta_se.csv
GCST90080994	GCST90084980	/gpfs/chencao/qinminzhang/workflow/ldsc/GWAS/all/GCST90080994.txt.gz	/gpfs/chencao/qinminzhang/workflow/catalog_lof/run_all/data/GCST90084980_buildGRCh38_M1_001_ensg_beta_se.csv
GCST90079705	GCST90083691	/gpfs/chencao/qinminzhang/workflow/ldsc/GWAS/all/GCST90079705.txt.gz	/gpfs/chencao/qinminzhang/workflow/catalog_lof/run_all/data/GCST90083691_buildGRCh38_M1_001_ensg_beta_se.csv
AT102	GCST90083739	/gpfs/chencao/qinminzhang/workflow/ldsc/GWAS/all/AT102.txt.gz	/gpfs/chencao/qinminzhang/workflow/catalog_lof/run_all/data/GCST90083739_buildGRCh38_M1_001_ensg_beta_se.csv
GCST90080575	GCST90084561	/gpfs/chencao/qinminzhang/workflow/ldsc/GWAS/all/GCST90080575.txt.gz	/gpfs/chencao/qinminzhang/workflow/catalog_lof/run_all/data/GCST90084561_buildGRCh38_M1_001_ensg_beta_se.csv
GCST90080746	GCST90084732	/gpfs/chencao/qinminzhang/workflow/ldsc/GWAS/all/GCST90080746.txt.gz	/gpfs/chencao/qinminzhang/workflow/catalog_lof/run_all/data/GCST90084732_buildGRCh38_M1_001_ensg_beta_se.csv
GCST90080499	GCST90084485	/gpfs/chencao/qinminzhang/workflow/ldsc/GWAS/all/GCST90080499.txt.gz	/gpfs/chencao/qinminzhang/workflow/catalog_lof/run_all/data/GCST90084485_buildGRCh38_M1_001_ensg_beta_se.csv
GCST90080741	GCST90084727	/gpfs/chencao/qinminzhang/workflow/ldsc/GWAS/all/GCST90080741.txt.gz	/gpfs/chencao/qinminzhang/workflow/catalog_lof/run_all/data/GCST90084727_buildGRCh38_M1_001_ensg_beta_se.csv
GCST90081196	GCST90085182	/gpfs/chencao/qinminzhang/workflow/ldsc/GWAS/all/GCST90081196.txt.gz	/gpfs/chencao/qinminzhang/workflow/catalog_lof/run_all/data/GCST90085182_buildGRCh38_M1_001_ensg_beta_se.csv
PE05436	GCST90085309	/gpfs/chencao/qinminzhang/workflow/ldsc/GWAS/all/PE05436.txt.gz	/gpfs/chencao/qinminzhang/workflow/catalog_lof/run_all/data/GCST90085309_buildGRCh38_M1_001_ensg_beta_se.csv
GCST90080219	GCST90084205	/gpfs/chencao/qinminzhang/workflow/ldsc/GWAS/all/GCST90080219.txt.gz	/gpfs/chencao/qinminzhang/workflow/catalog_lof/run_all/data/GCST90084205_buildGRCh38_M1_001_ensg_beta_se.csv
GCST90081192	GCST90085178	/gpfs/chencao/qinminzhang/workflow/ldsc/GWAS/all/GCST90081192.txt.gz	/gpfs/chencao/qinminzhang/workflow/catalog_lof/run_all/data/GCST90085178_buildGRCh38_M1_001_ensg_beta_se.csv
GCST90081276	GCST90085262	/gpfs/chencao/qinminzhang/workflow/ldsc/GWAS/all/GCST90081276.txt.gz	/gpfs/chencao/qinminzhang/workflow/catalog_lof/run_all/data/GCST90085262_buildGRCh38_M1_001_ensg_beta_se.csv
MR09308	GCST90085333	/gpfs/chencao/qinminzhang/workflow/ldsc/GWAS/all/MR09308.txt.gz	/gpfs/chencao/qinminzhang/workflow/catalog_lof/run_all/data/GCST90085333_buildGRCh38_M1_001_ensg_beta_se.csv
GCST90079744	GCST90083730	/gpfs/chencao/qinminzhang/workflow/ldsc/GWAS/all/GCST90079744.txt.gz	/gpfs/chencao/qinminzhang/workflow/catalog_lof/run_all/data/GCST90083730_buildGRCh38_M1_001_ensg_beta_se.csv
GCST90079830	GCST90083816	/gpfs/chencao/qinminzhang/workflow/ldsc/GWAS/all/GCST90079830.txt.gz	/gpfs/chencao/qinminzhang/workflow/catalog_lof/run_all/data/GCST90083816_buildGRCh38_M1_001_ensg_beta_se.csv
MR33252	GCST90084204	/gpfs/chencao/qinminzhang/workflow/ldsc/GWAS/all/MR33252.txt.gz	/gpfs/chencao/qinminzhang/workflow/catalog_lof/run_all/data/GCST90084204_buildGRCh38_M1_001_ensg_beta_se.csv
GCST90080221	GCST90084207	/gpfs/chencao/qinminzhang/workflow/ldsc/GWAS/all/GCST90080221.txt.gz	/gpfs/chencao/qinminzhang/workflow/catalog_lof/run_all/data/GCST90084207_buildGRCh38_M1_001_ensg_beta_se.csv
AT483	GCST90084230	/gpfs/chencao/qinminzhang/workflow/ldsc/GWAS/all/AT483.txt.gz	/gpfs/chencao/qinminzhang/workflow/catalog_lof/run_all/data/GCST90084230_buildGRCh38_M1_001_ensg_beta_se.csv
GCST90080676	GCST90084662	/gpfs/chencao/qinminzhang/workflow/ldsc/GWAS/all/GCST90080676.txt.gz	/gpfs/chencao/qinminzhang/workflow/catalog_lof/run_all/data/GCST90084662_buildGRCh38_M1_001_ensg_beta_se.csv
GCST90081228	GCST90085214	/gpfs/chencao/qinminzhang/workflow/ldsc/GWAS/all/GCST90081228.txt.gz	/gpfs/chencao/qinminzhang/workflow/catalog_lof/run_all/data/GCST90085214_buildGRCh38_M1_001_ensg_beta_se.csv
GCST90081244	GCST90085230	/gpfs/chencao/qinminzhang/workflow/ldsc/GWAS/all/GCST90081244.txt.gz	/gpfs/chencao/qinminzhang/workflow/catalog_lof/run_all/data/GCST90085230_buildGRCh38_M1_001_ensg_beta_se.csv
GCST90079740	GCST90083726	/gpfs/chencao/qinminzhang/workflow/ldsc/GWAS/all/GCST90079740.txt.gz	/gpfs/chencao/qinminzhang/workflow/catalog_lof/run_all/data/GCST90083726_buildGRCh38_M1_001_ensg_beta_se.csv
GCST90079768	GCST90083754	/gpfs/chencao/qinminzhang/workflow/ldsc/GWAS/all/GCST90079768.txt.gz	/gpfs/chencao/qinminzhang/workflow/catalog_lof/run_all/data/GCST90083754_buildGRCh38_M1_001_ensg_beta_se.csv
MR04597	GCST90084671	/gpfs/chencao/qinminzhang/workflow/ldsc/GWAS/all/MR04597.txt.gz	/gpfs/chencao/qinminzhang/workflow/catalog_lof/run_all/data/GCST90084671_buildGRCh38_M1_001_ensg_beta_se.csv
GCST90081209	GCST90085195	/gpfs/chencao/qinminzhang/workflow/ldsc/GWAS/all/GCST90081209.txt.gz	/gpfs/chencao/qinminzhang/workflow/catalog_lof/run_all/data/GCST90085195_buildGRCh38_M1_001_ensg_beta_se.csv
GCST90081210	GCST90085196	/gpfs/chencao/qinminzhang/workflow/ldsc/GWAS/all/GCST90081210.txt.gz	/gpfs/chencao/qinminzhang/workflow/catalog_lof/run_all/data/GCST90085196_buildGRCh38_M1_001_ensg_beta_se.csv
GCST90081220	GCST90085206	/gpfs/chencao/qinminzhang/workflow/ldsc/GWAS/all/GCST90081220.txt.gz	/gpfs/chencao/qinminzhang/workflow/catalog_lof/run_all/data/GCST90085206_buildGRCh38_M1_001_ensg_beta_se.csv
GCST90081320	GCST90085306	/gpfs/chencao/qinminzhang/workflow/ldsc/GWAS/all/GCST90081320.txt.gz	/gpfs/chencao/qinminzhang/workflow/catalog_lof/run_all/data/GCST90085306_buildGRCh38_M1_001_ensg_beta_se.csv
MR23516	GCST90085315	/gpfs/chencao/qinminzhang/workflow/ldsc/GWAS/all/MR23516.txt.gz	/gpfs/chencao/qinminzhang/workflow/catalog_lof/run_all/data/GCST90085315_buildGRCh38_M1_001_ensg_beta_se.csv
MR26112	GCST90085336	/gpfs/chencao/qinminzhang/workflow/ldsc/GWAS/all/MR26112.txt.gz	/gpfs/chencao/qinminzhang/workflow/catalog_lof/run_all/data/GCST90085336_buildGRCh38_M1_001_ensg_beta_se.csv
GCST90079978	GCST90083964	/gpfs/chencao/qinminzhang/workflow/ldsc/GWAS/all/GCST90079978.txt.gz	/gpfs/chencao/qinminzhang/workflow/catalog_lof/run_all/data/GCST90083964_buildGRCh38_M1_001_ensg_beta_se.csv
AT572	GCST90084366	/gpfs/chencao/qinminzhang/workflow/ldsc/GWAS/all/AT572.txt.gz	/gpfs/chencao/qinminzhang/workflow/catalog_lof/run_all/data/GCST90084366_buildGRCh38_M1_001_ensg_beta_se.csv
MR15276	GCST90085337	/gpfs/chencao/qinminzhang/workflow/ldsc/GWAS/all/MR15276.txt.gz	/gpfs/chencao/qinminzhang/workflow/catalog_lof/run_all/data/GCST90085337_buildGRCh38_M1_001_ensg_beta_se.csv
GCST90081409	GCST90085395	/gpfs/chencao/qinminzhang/workflow/ldsc/GWAS/all/GCST90081409.txt.gz	/gpfs/chencao/qinminzhang/workflow/catalog_lof/run_all/data/GCST90085395_buildGRCh38_M1_001_ensg_beta_se.csv
GCST90079731	GCST90083717	/gpfs/chencao/qinminzhang/workflow/ldsc/GWAS/all/GCST90079731.txt.gz	/gpfs/chencao/qinminzhang/workflow/catalog_lof/run_all/data/GCST90083717_buildGRCh38_M1_001_ensg_beta_se.csv
GCST90079739	GCST90083725	/gpfs/chencao/qinminzhang/workflow/ldsc/GWAS/all/GCST90079739.txt.gz	/gpfs/chencao/qinminzhang/workflow/catalog_lof/run_all/data/GCST90083725_buildGRCh38_M1_001_ensg_beta_se.csv
MR05718	GCST90084670	/gpfs/chencao/qinminzhang/workflow/ldsc/GWAS/all/MR05718.txt.gz	/gpfs/chencao/qinminzhang/workflow/catalog_lof/run_all/data/GCST90084670_buildGRCh38_M1_001_ensg_beta_se.csv
GCST90081031	GCST90085017	/gpfs/chencao/qinminzhang/workflow/ldsc/GWAS/all/GCST90081031.txt.gz	/gpfs/chencao/qinminzhang/workflow/catalog_lof/run_all/data/GCST90085017_buildGRCh38_M1_001_ensg_beta_se.csv
GCST90081252	GCST90085238	/gpfs/chencao/qinminzhang/workflow/ldsc/GWAS/all/GCST90081252.txt.gz	/gpfs/chencao/qinminzhang/workflow/catalog_lof/run_all/data/GCST90085238_buildGRCh38_M1_001_ensg_beta_se.csv
GCST90081332	GCST90085318	/gpfs/chencao/qinminzhang/workflow/ldsc/GWAS/all/GCST90081332.txt.gz	/gpfs/chencao/qinminzhang/workflow/catalog_lof/run_all/data/GCST90085318_buildGRCh38_M1_001_ensg_beta_se.csv
MR14191	GCST90085350	/gpfs/chencao/qinminzhang/workflow/ldsc/GWAS/all/MR14191.txt.gz	/gpfs/chencao/qinminzhang/workflow/catalog_lof/run_all/data/GCST90085350_buildGRCh38_M1_001_ensg_beta_se.csv
GCST90081367	GCST90085353	/gpfs/chencao/qinminzhang/workflow/ldsc/GWAS/all/GCST90081367.txt.gz	/gpfs/chencao/qinminzhang/workflow/catalog_lof/run_all/data/GCST90085353_buildGRCh38_M1_001_ensg_beta_se.csv
GCST90079628	GCST90083614	/gpfs/chencao/qinminzhang/workflow/ldsc/GWAS/all/GCST90079628.txt.gz	/gpfs/chencao/qinminzhang/workflow/catalog_lof/run_all/data/GCST90083614_buildGRCh38_M1_001_ensg_beta_se.csv
GCST90080064	GCST90084050	/gpfs/chencao/qinminzhang/workflow/ldsc/GWAS/all/GCST90080064.txt.gz	/gpfs/chencao/qinminzhang/workflow/catalog_lof/run_all/data/GCST90084050_buildGRCh38_M1_001_ensg_beta_se.csv
PE05087	GCST90084668	/gpfs/chencao/qinminzhang/workflow/ldsc/GWAS/all/PE05087.txt.gz	/gpfs/chencao/qinminzhang/workflow/catalog_lof/run_all/data/GCST90084668_buildGRCh38_M1_001_ensg_beta_se.csv
MR12972	GCST90084676	/gpfs/chencao/qinminzhang/workflow/ldsc/GWAS/all/MR12972.txt.gz	/gpfs/chencao/qinminzhang/workflow/catalog_lof/run_all/data/GCST90084676_buildGRCh38_M1_001_ensg_beta_se.csv
PE05299	GCST90085078	/gpfs/chencao/qinminzhang/workflow/ldsc/GWAS/all/PE05299.txt.gz	/gpfs/chencao/qinminzhang/workflow/catalog_lof/run_all/data/GCST90085078_buildGRCh38_M1_001_ensg_beta_se.csv
GCST90081275	GCST90085261	/gpfs/chencao/qinminzhang/workflow/ldsc/GWAS/all/GCST90081275.txt.gz	/gpfs/chencao/qinminzhang/workflow/catalog_lof/run_all/data/GCST90085261_buildGRCh38_M1_001_ensg_beta_se.csv
MR05526	GCST90085342	/gpfs/chencao/qinminzhang/workflow/ldsc/GWAS/all/MR05526.txt.gz	/gpfs/chencao/qinminzhang/workflow/catalog_lof/run_all/data/GCST90085342_buildGRCh38_M1_001_ensg_beta_se.csv
GCST90081397	GCST90085383	/gpfs/chencao/qinminzhang/workflow/ldsc/GWAS/all/GCST90081397.txt.gz	/gpfs/chencao/qinminzhang/workflow/catalog_lof/run_all/data/GCST90085383_buildGRCh38_M1_001_ensg_beta_se.csv
GCST90079627	GCST90083613	/gpfs/chencao/qinminzhang/workflow/ldsc/GWAS/all/GCST90079627.txt.gz	/gpfs/chencao/qinminzhang/workflow/catalog_lof/run_all/data/GCST90083613_buildGRCh38_M1_001_ensg_beta_se.csv
PE04598	GCST90083626	/gpfs/chencao/qinminzhang/workflow/ldsc/GWAS/all/PE04598.txt.gz	/gpfs/chencao/qinminzhang/workflow/catalog_lof/run_all/data/GCST90083626_buildGRCh38_M1_001_ensg_beta_se.csv
GCST90080909	GCST90084895	/gpfs/chencao/qinminzhang/workflow/ldsc/GWAS/all/GCST90080909.txt.gz	/gpfs/chencao/qinminzhang/workflow/catalog_lof/run_all/data/GCST90084895_buildGRCh38_M1_001_ensg_beta_se.csv
MR08793	GCST90084896	/gpfs/chencao/qinminzhang/workflow/ldsc/GWAS/all/MR08793.txt.gz	/gpfs/chencao/qinminzhang/workflow/catalog_lof/run_all/data/GCST90084896_buildGRCh38_M1_001_ensg_beta_se.csv
PE05214	GCST90084950	/gpfs/chencao/qinminzhang/workflow/ldsc/GWAS/all/PE05214.txt.gz	/gpfs/chencao/qinminzhang/workflow/catalog_lof/run_all/data/GCST90084950_buildGRCh38_M1_001_ensg_beta_se.csv
MR33309	GCST90085354	/gpfs/chencao/qinminzhang/workflow/ldsc/GWAS/all/MR33309.txt.gz	/gpfs/chencao/qinminzhang/workflow/catalog_lof/run_all/data/GCST90085354_buildGRCh38_M1_001_ensg_beta_se.csv
PA01030	GCST90085411	/gpfs/chencao/qinminzhang/workflow/ldsc/GWAS/all/PA01030.txt.gz	/gpfs/chencao/qinminzhang/workflow/catalog_lof/run_all/data/GCST90085411_buildGRCh38_M1_001_ensg_beta_se.csv
GCST90080327	GCST90084313	/gpfs/chencao/qinminzhang/workflow/ldsc/GWAS/all/GCST90080327.txt.gz	/gpfs/chencao/qinminzhang/workflow/catalog_lof/run_all/data/GCST90084313_buildGRCh38_M1_001_ensg_beta_se.csv
PE05185	GCST90084882	/gpfs/chencao/qinminzhang/workflow/ldsc/GWAS/all/PE05185.txt.gz	/gpfs/chencao/qinminzhang/workflow/catalog_lof/run_all/data/GCST90084882_buildGRCh38_M1_001_ensg_beta_se.csv
GCST90081243	GCST90085229	/gpfs/chencao/qinminzhang/workflow/ldsc/GWAS/all/GCST90081243.txt.gz	/gpfs/chencao/qinminzhang/workflow/catalog_lof/run_all/data/GCST90085229_buildGRCh38_M1_001_ensg_beta_se.csv
GCST90081360	GCST90085346	/gpfs/chencao/qinminzhang/workflow/ldsc/GWAS/all/GCST90081360.txt.gz	/gpfs/chencao/qinminzhang/workflow/catalog_lof/run_all/data/GCST90085346_buildGRCh38_M1_001_ensg_beta_se.csv
PE05447	GCST90085381	/gpfs/chencao/qinminzhang/workflow/ldsc/GWAS/all/PE05447.txt.gz	/gpfs/chencao/qinminzhang/workflow/catalog_lof/run_all/data/GCST90085381_buildGRCh38_M1_001_ensg_beta_se.csv
AT120	GCST90083799	/gpfs/chencao/qinminzhang/workflow/ldsc/GWAS/all/AT120.txt.gz	/gpfs/chencao/qinminzhang/workflow/catalog_lof/run_all/data/GCST90083799_buildGRCh38_M1_001_ensg_beta_se.csv
GCST90079936	GCST90083922	/gpfs/chencao/qinminzhang/workflow/ldsc/GWAS/all/GCST90079936.txt.gz	/gpfs/chencao/qinminzhang/workflow/catalog_lof/run_all/data/GCST90083922_buildGRCh38_M1_001_ensg_beta_se.csv
AT597	GCST90084160	/gpfs/chencao/qinminzhang/workflow/ldsc/GWAS/all/AT597.txt.gz	/gpfs/chencao/qinminzhang/workflow/catalog_lof/run_all/data/GCST90084160_buildGRCh38_M1_001_ensg_beta_se.csv
GCST90080860	GCST90084846	/gpfs/chencao/qinminzhang/workflow/ldsc/GWAS/all/GCST90080860.txt.gz	/gpfs/chencao/qinminzhang/workflow/catalog_lof/run_all/data/GCST90084846_buildGRCh38_M1_001_ensg_beta_se.csv
GCST90081342	GCST90085328	/gpfs/chencao/qinminzhang/workflow/ldsc/GWAS/all/GCST90081342.txt.gz	/gpfs/chencao/qinminzhang/workflow/catalog_lof/run_all/data/GCST90085328_buildGRCh38_M1_001_ensg_beta_se.csv
MR17486	GCST90085409	/gpfs/chencao/qinminzhang/workflow/ldsc/GWAS/all/MR17486.txt.gz	/gpfs/chencao/qinminzhang/workflow/catalog_lof/run_all/data/GCST90085409_buildGRCh38_M1_001_ensg_beta_se.csv
GCST90079675	GCST90083661	/gpfs/chencao/qinminzhang/workflow/ldsc/GWAS/all/GCST90079675.txt.gz	/gpfs/chencao/qinminzhang/workflow/catalog_lof/run_all/data/GCST90083661_buildGRCh38_M1_001_ensg_beta_se.csv
GCST90079842	GCST90083828	/gpfs/chencao/qinminzhang/workflow/ldsc/GWAS/all/GCST90079842.txt.gz	/gpfs/chencao/qinminzhang/workflow/catalog_lof/run_all/data/GCST90083828_buildGRCh38_M1_001_ensg_beta_se.csv
AT520	GCST90084022	/gpfs/chencao/qinminzhang/workflow/ldsc/GWAS/all/AT520.txt.gz	/gpfs/chencao/qinminzhang/workflow/catalog_lof/run_all/data/GCST90084022_buildGRCh38_M1_001_ensg_beta_se.csv
GCST90080324	GCST90084310	/gpfs/chencao/qinminzhang/workflow/ldsc/GWAS/all/GCST90080324.txt.gz	/gpfs/chencao/qinminzhang/workflow/catalog_lof/run_all/data/GCST90084310_buildGRCh38_M1_001_ensg_beta_se.csv
GCST90080808	GCST90084794	/gpfs/chencao/qinminzhang/workflow/ldsc/GWAS/all/GCST90080808.txt.gz	/gpfs/chencao/qinminzhang/workflow/catalog_lof/run_all/data/GCST90084794_buildGRCh38_M1_001_ensg_beta_se.csv
GCST90080999	GCST90084985	/gpfs/chencao/qinminzhang/workflow/ldsc/GWAS/all/GCST90080999.txt.gz	/gpfs/chencao/qinminzhang/workflow/catalog_lof/run_all/data/GCST90084985_buildGRCh38_M1_001_ensg_beta_se.csv
PE05444	GCST90085366	/gpfs/chencao/qinminzhang/workflow/ldsc/GWAS/all/PE05444.txt.gz	/gpfs/chencao/qinminzhang/workflow/catalog_lof/run_all/data/GCST90085366_buildGRCh38_M1_001_ensg_beta_se.csv
GCST90081415	GCST90085401	/gpfs/chencao/qinminzhang/workflow/ldsc/GWAS/all/GCST90081415.txt.gz	/gpfs/chencao/qinminzhang/workflow/catalog_lof/run_all/data/GCST90085401_buildGRCh38_M1_001_ensg_beta_se.csv
GCST90081444	GCST90085430	/gpfs/chencao/qinminzhang/workflow/ldsc/GWAS/all/GCST90081444.txt.gz	/gpfs/chencao/qinminzhang/workflow/catalog_lof/run_all/data/GCST90085430_buildGRCh38_M1_001_ensg_beta_se.csv
GCST90079601	GCST90083587	/gpfs/chencao/qinminzhang/workflow/ldsc/GWAS/all/GCST90079601.txt.gz	/gpfs/chencao/qinminzhang/workflow/catalog_lof/run_all/data/GCST90083587_buildGRCh38_M1_001_ensg_beta_se.csv
AT422	GCST90083596	/gpfs/chencao/qinminzhang/workflow/ldsc/GWAS/all/AT422.txt.gz	/gpfs/chencao/qinminzhang/workflow/catalog_lof/run_all/data/GCST90083596_buildGRCh38_M1_001_ensg_beta_se.csv
MR12435	GCST90084197	/gpfs/chencao/qinminzhang/workflow/ldsc/GWAS/all/MR12435.txt.gz	/gpfs/chencao/qinminzhang/workflow/catalog_lof/run_all/data/GCST90084197_buildGRCh38_M1_001_ensg_beta_se.csv
GCST90080325	GCST90084311	/gpfs/chencao/qinminzhang/workflow/ldsc/GWAS/all/GCST90080325.txt.gz	/gpfs/chencao/qinminzhang/workflow/catalog_lof/run_all/data/GCST90084311_buildGRCh38_M1_001_ensg_beta_se.csv
AT003	GCST90084350	/gpfs/chencao/qinminzhang/workflow/ldsc/GWAS/all/AT003.txt.gz	/gpfs/chencao/qinminzhang/workflow/catalog_lof/run_all/data/GCST90084350_buildGRCh38_M1_001_ensg_beta_se.csv
GCST90080523	GCST90084509	/gpfs/chencao/qinminzhang/workflow/ldsc/GWAS/all/GCST90080523.txt.gz	/gpfs/chencao/qinminzhang/workflow/catalog_lof/run_all/data/GCST90084509_buildGRCh38_M1_001_ensg_beta_se.csv
MR30976	GCST90084620	/gpfs/chencao/qinminzhang/workflow/ldsc/GWAS/all/MR30976.txt.gz	/gpfs/chencao/qinminzhang/workflow/catalog_lof/run_all/data/GCST90084620_buildGRCh38_M1_001_ensg_beta_se.csv
GCST90080715	GCST90084701	/gpfs/chencao/qinminzhang/workflow/ldsc/GWAS/all/GCST90080715.txt.gz	/gpfs/chencao/qinminzhang/workflow/catalog_lof/run_all/data/GCST90084701_buildGRCh38_M1_001_ensg_beta_se.csv
GCST90080917	GCST90084903	/gpfs/chencao/qinminzhang/workflow/ldsc/GWAS/all/GCST90080917.txt.gz	/gpfs/chencao/qinminzhang/workflow/catalog_lof/run_all/data/GCST90084903_buildGRCh38_M1_001_ensg_beta_se.csv
GCST90080918	GCST90084904	/gpfs/chencao/qinminzhang/workflow/ldsc/GWAS/all/GCST90080918.txt.gz	/gpfs/chencao/qinminzhang/workflow/catalog_lof/run_all/data/GCST90084904_buildGRCh38_M1_001_ensg_beta_se.csv
PE05257	GCST90085031	/gpfs/chencao/qinminzhang/workflow/ldsc/GWAS/all/PE05257.txt.gz	/gpfs/chencao/qinminzhang/workflow/catalog_lof/run_all/data/GCST90085031_buildGRCh38_M1_001_ensg_beta_se.csv
AT564	GCST90083943	/gpfs/chencao/qinminzhang/workflow/ldsc/GWAS/all/AT564.txt.gz	/gpfs/chencao/qinminzhang/workflow/catalog_lof/run_all/data/GCST90083943_buildGRCh38_M1_001_ensg_beta_se.csv
GCST90080006	GCST90083992	/gpfs/chencao/qinminzhang/workflow/ldsc/GWAS/all/GCST90080006.txt.gz	/gpfs/chencao/qinminzhang/workflow/catalog_lof/run_all/data/GCST90083992_buildGRCh38_M1_001_ensg_beta_se.csv
BE177	GCST90084913	/gpfs/chencao/qinminzhang/workflow/ldsc/GWAS/all/BE177.txt.gz	/gpfs/chencao/qinminzhang/workflow/catalog_lof/run_all/data/GCST90084913_buildGRCh38_M1_001_ensg_beta_se.csv
GCST90080987	GCST90084973	/gpfs/chencao/qinminzhang/workflow/ldsc/GWAS/all/GCST90080987.txt.gz	/gpfs/chencao/qinminzhang/workflow/catalog_lof/run_all/data/GCST90084973_buildGRCh38_M1_001_ensg_beta_se.csv
PE04628	GCST90083681	/gpfs/chencao/qinminzhang/workflow/ldsc/GWAS/all/PE04628.txt.gz	/gpfs/chencao/qinminzhang/workflow/catalog_lof/run_all/data/GCST90083681_buildGRCh38_M1_001_ensg_beta_se.csv
GCST90079757	GCST90083743	/gpfs/chencao/qinminzhang/workflow/ldsc/GWAS/all/GCST90079757.txt.gz	/gpfs/chencao/qinminzhang/workflow/catalog_lof/run_all/data/GCST90083743_buildGRCh38_M1_001_ensg_beta_se.csv
AT416	GCST90084245	/gpfs/chencao/qinminzhang/workflow/ldsc/GWAS/all/AT416.txt.gz	/gpfs/chencao/qinminzhang/workflow/catalog_lof/run_all/data/GCST90084245_buildGRCh38_M1_001_ensg_beta_se.csv
GCST90080288	GCST90084274	/gpfs/chencao/qinminzhang/workflow/ldsc/GWAS/all/GCST90080288.txt.gz	/gpfs/chencao/qinminzhang/workflow/catalog_lof/run_all/data/GCST90084274_buildGRCh38_M1_001_ensg_beta_se.csv
GCST90080593	GCST90084579	/gpfs/chencao/qinminzhang/workflow/ldsc/GWAS/all/GCST90080593.txt.gz	/gpfs/chencao/qinminzhang/workflow/catalog_lof/run_all/data/GCST90084579_buildGRCh38_M1_001_ensg_beta_se.csv
GCST90080714	GCST90084700	/gpfs/chencao/qinminzhang/workflow/ldsc/GWAS/all/GCST90080714.txt.gz	/gpfs/chencao/qinminzhang/workflow/catalog_lof/run_all/data/GCST90084700_buildGRCh38_M1_001_ensg_beta_se.csv
GCST90081286	GCST90085272	/gpfs/chencao/qinminzhang/workflow/ldsc/GWAS/all/GCST90081286.txt.gz	/gpfs/chencao/qinminzhang/workflow/catalog_lof/run_all/data/GCST90085272_buildGRCh38_M1_001_ensg_beta_se.csv
GCST90079859	GCST90083845	/gpfs/chencao/qinminzhang/workflow/ldsc/GWAS/all/GCST90079859.txt.gz	/gpfs/chencao/qinminzhang/workflow/catalog_lof/run_all/data/GCST90083845_buildGRCh38_M1_001_ensg_beta_se.csv
GCST90079980	GCST90083966	/gpfs/chencao/qinminzhang/workflow/ldsc/GWAS/all/GCST90079980.txt.gz	/gpfs/chencao/qinminzhang/workflow/catalog_lof/run_all/data/GCST90083966_buildGRCh38_M1_001_ensg_beta_se.csv
PE04909	GCST90084161	/gpfs/chencao/qinminzhang/workflow/ldsc/GWAS/all/PE04909.txt.gz	/gpfs/chencao/qinminzhang/workflow/catalog_lof/run_all/data/GCST90084161_buildGRCh38_M1_001_ensg_beta_se.csv
AT631	GCST90084549	/gpfs/chencao/qinminzhang/workflow/ldsc/GWAS/all/AT631.txt.gz	/gpfs/chencao/qinminzhang/workflow/catalog_lof/run_all/data/GCST90084549_buildGRCh38_M1_001_ensg_beta_se.csv
GCST90079676	GCST90083662	/gpfs/chencao/qinminzhang/workflow/ldsc/GWAS/all/GCST90079676.txt.gz	/gpfs/chencao/qinminzhang/workflow/catalog_lof/run_all/data/GCST90083662_buildGRCh38_M1_001_ensg_beta_se.csv
AT383	GCST90084111	/gpfs/chencao/qinminzhang/workflow/ldsc/GWAS/all/AT383.txt.gz	/gpfs/chencao/qinminzhang/workflow/catalog_lof/run_all/data/GCST90084111_buildGRCh38_M1_001_ensg_beta_se.csv
MR31355	GCST90084167	/gpfs/chencao/qinminzhang/workflow/ldsc/GWAS/all/MR31355.txt.gz	/gpfs/chencao/qinminzhang/workflow/catalog_lof/run_all/data/GCST90084167_buildGRCh38_M1_001_ensg_beta_se.csv
GCST90080948	GCST90084934	/gpfs/chencao/qinminzhang/workflow/ldsc/GWAS/all/GCST90080948.txt.gz	/gpfs/chencao/qinminzhang/workflow/catalog_lof/run_all/data/GCST90084934_buildGRCh38_M1_001_ensg_beta_se.csv
GCST90080992	GCST90084978	/gpfs/chencao/qinminzhang/workflow/ldsc/GWAS/all/GCST90080992.txt.gz	/gpfs/chencao/qinminzhang/workflow/catalog_lof/run_all/data/GCST90084978_buildGRCh38_M1_001_ensg_beta_se.csv
PE05340	GCST90085115	/gpfs/chencao/qinminzhang/workflow/ldsc/GWAS/all/PE05340.txt.gz	/gpfs/chencao/qinminzhang/workflow/catalog_lof/run_all/data/GCST90085115_buildGRCh38_M1_001_ensg_beta_se.csv
GCST90079544	GCST90083530	/gpfs/chencao/qinminzhang/workflow/ldsc/GWAS/all/GCST90079544.txt.gz	/gpfs/chencao/qinminzhang/workflow/catalog_lof/run_all/data/GCST90083530_buildGRCh38_M1_001_ensg_beta_se.csv
GCST90079975	GCST90083961	/gpfs/chencao/qinminzhang/workflow/ldsc/GWAS/all/GCST90079975.txt.gz	/gpfs/chencao/qinminzhang/workflow/catalog_lof/run_all/data/GCST90083961_buildGRCh38_M1_001_ensg_beta_se.csv
MR21018	GCST90084253	/gpfs/chencao/qinminzhang/workflow/ldsc/GWAS/all/MR21018.txt.gz	/gpfs/chencao/qinminzhang/workflow/catalog_lof/run_all/data/GCST90084253_buildGRCh38_M1_001_ensg_beta_se.csv
GCST90080821	GCST90084807	/gpfs/chencao/qinminzhang/workflow/ldsc/GWAS/all/GCST90080821.txt.gz	/gpfs/chencao/qinminzhang/workflow/catalog_lof/run_all/data/GCST90084807_buildGRCh38_M1_001_ensg_beta_se.csv
PE05252	GCST90085022	/gpfs/chencao/qinminzhang/workflow/ldsc/GWAS/all/PE05252.txt.gz	/gpfs/chencao/qinminzhang/workflow/catalog_lof/run_all/data/GCST90085022_buildGRCh38_M1_001_ensg_beta_se.csv
PE05332	GCST90085107	/gpfs/chencao/qinminzhang/workflow/ldsc/GWAS/all/PE05332.txt.gz	/gpfs/chencao/qinminzhang/workflow/catalog_lof/run_all/data/GCST90085107_buildGRCh38_M1_001_ensg_beta_se.csv
GCST90081001	GCST90084987	/gpfs/chencao/qinminzhang/workflow/ldsc/GWAS/all/GCST90081001.txt.gz	/gpfs/chencao/qinminzhang/workflow/catalog_lof/run_all/data/GCST90084987_buildGRCh38_M1_001_ensg_beta_se.csv
GCST90081107	GCST90085093	/gpfs/chencao/qinminzhang/workflow/ldsc/GWAS/all/GCST90081107.txt.gz	/gpfs/chencao/qinminzhang/workflow/catalog_lof/run_all/data/GCST90085093_buildGRCh38_M1_001_ensg_beta_se.csv
GCST90081016	GCST90085002	/gpfs/chencao/qinminzhang/workflow/ldsc/GWAS/all/GCST90081016.txt.gz	/gpfs/chencao/qinminzhang/workflow/catalog_lof/run_all/data/GCST90085002_buildGRCh38_M1_001_ensg_beta_se.csv
GCST90081341	GCST90085327	/gpfs/chencao/qinminzhang/workflow/ldsc/GWAS/all/GCST90081341.txt.gz	/gpfs/chencao/qinminzhang/workflow/catalog_lof/run_all/data/GCST90085327_buildGRCh38_M1_001_ensg_beta_se.csv
GCST90079745	GCST90083731	/gpfs/chencao/qinminzhang/workflow/ldsc/GWAS/all/GCST90079745.txt.gz	/gpfs/chencao/qinminzhang/workflow/catalog_lof/run_all/data/GCST90083731_buildGRCh38_M1_001_ensg_beta_se.csv
AT391	GCST90084168	/gpfs/chencao/qinminzhang/workflow/ldsc/GWAS/all/AT391.txt.gz	/gpfs/chencao/qinminzhang/workflow/catalog_lof/run_all/data/GCST90084168_buildGRCh38_M1_001_ensg_beta_se.csv
GCST90081039	GCST90085025	/gpfs/chencao/qinminzhang/workflow/ldsc/GWAS/all/GCST90081039.txt.gz	/gpfs/chencao/qinminzhang/workflow/catalog_lof/run_all/data/GCST90085025_buildGRCh38_M1_001_ensg_beta_se.csv
GCST90080997	GCST90084983	/gpfs/chencao/qinminzhang/workflow/ldsc/GWAS/all/GCST90080997.txt.gz	/gpfs/chencao/qinminzhang/workflow/catalog_lof/run_all/data/GCST90084983_buildGRCh38_M1_001_ensg_beta_se.csv
GCST90081099	GCST90085085	/gpfs/chencao/qinminzhang/workflow/ldsc/GWAS/all/GCST90081099.txt.gz	/gpfs/chencao/qinminzhang/workflow/catalog_lof/run_all/data/GCST90085085_buildGRCh38_M1_001_ensg_beta_se.csv
PE05327	GCST90085098	/gpfs/chencao/qinminzhang/workflow/ldsc/GWAS/all/PE05327.txt.gz	/gpfs/chencao/qinminzhang/workflow/catalog_lof/run_all/data/GCST90085098_buildGRCh38_M1_001_ensg_beta_se.csv
GCST90080237	GCST90084223	/gpfs/chencao/qinminzhang/workflow/ldsc/GWAS/all/GCST90080237.txt.gz	/gpfs/chencao/qinminzhang/workflow/catalog_lof/run_all/data/GCST90084223_buildGRCh38_M1_001_ensg_beta_se.csv
GCST90080044	GCST90084030	/gpfs/chencao/qinminzhang/workflow/ldsc/GWAS/all/GCST90080044.txt.gz	/gpfs/chencao/qinminzhang/workflow/catalog_lof/run_all/data/GCST90084030_buildGRCh38_M1_001_ensg_beta_se.csv
GCST90080625	GCST90084611	/gpfs/chencao/qinminzhang/workflow/ldsc/GWAS/all/GCST90080625.txt.gz	/gpfs/chencao/qinminzhang/workflow/catalog_lof/run_all/data/GCST90084611_buildGRCh38_M1_001_ensg_beta_se.csv
GCST90081279	GCST90085265	/gpfs/chencao/qinminzhang/workflow/ldsc/GWAS/all/GCST90081279.txt.gz	/gpfs/chencao/qinminzhang/workflow/catalog_lof/run_all/data/GCST90085265_buildGRCh38_M1_001_ensg_beta_se.csv
GCST90080032	GCST90084018	/gpfs/chencao/qinminzhang/workflow/ldsc/GWAS/all/GCST90080032.txt.gz	/gpfs/chencao/qinminzhang/workflow/catalog_lof/run_all/data/GCST90084018_buildGRCh38_M1_001_ensg_beta_se.csv
GCST90080241	GCST90084227	/gpfs/chencao/qinminzhang/workflow/ldsc/GWAS/all/GCST90080241.txt.gz	/gpfs/chencao/qinminzhang/workflow/catalog_lof/run_all/data/GCST90084227_buildGRCh38_M1_001_ensg_beta_se.csv
GCST90080417	GCST90084403	/gpfs/chencao/qinminzhang/workflow/ldsc/GWAS/all/GCST90080417.txt.gz	/gpfs/chencao/qinminzhang/workflow/catalog_lof/run_all/data/GCST90084403_buildGRCh38_M1_001_ensg_beta_se.csv
GCST90080235	GCST90084221	/gpfs/chencao/qinminzhang/workflow/ldsc/GWAS/all/GCST90080235.txt.gz	/gpfs/chencao/qinminzhang/workflow/catalog_lof/run_all/data/GCST90084221_buildGRCh38_M1_001_ensg_beta_se.csv
GCST90081257	GCST90085243	/gpfs/chencao/qinminzhang/workflow/ldsc/GWAS/all/GCST90081257.txt.gz	/gpfs/chencao/qinminzhang/workflow/catalog_lof/run_all/data/GCST90085243_buildGRCh38_M1_001_ensg_beta_se.csv
GCST90079823	GCST90083809	/gpfs/chencao/qinminzhang/workflow/ldsc/GWAS/all/GCST90079823.txt.gz	/gpfs/chencao/qinminzhang/workflow/catalog_lof/run_all/data/GCST90083809_buildGRCh38_M1_001_ensg_beta_se.csv
GCST90081190	GCST90085176	/gpfs/chencao/qinminzhang/workflow/ldsc/GWAS/all/GCST90081190.txt.gz	/gpfs/chencao/qinminzhang/workflow/catalog_lof/run_all/data/GCST90085176_buildGRCh38_M1_001_ensg_beta_se.csv
PE05159	GCST90084791	/gpfs/chencao/qinminzhang/workflow/ldsc/GWAS/all/PE05159.txt.gz	/gpfs/chencao/qinminzhang/workflow/catalog_lof/run_all/data/GCST90084791_buildGRCh38_M1_001_ensg_beta_se.csv
GCST90081270	GCST90085256	/gpfs/chencao/qinminzhang/workflow/ldsc/GWAS/all/GCST90081270.txt.gz	/gpfs/chencao/qinminzhang/workflow/catalog_lof/run_all/data/GCST90085256_buildGRCh38_M1_001_ensg_beta_se.csv
GCST90081374	GCST90085360	/gpfs/chencao/qinminzhang/workflow/ldsc/GWAS/all/GCST90081374.txt.gz	/gpfs/chencao/qinminzhang/workflow/catalog_lof/run_all/data/GCST90085360_buildGRCh38_M1_001_ensg_beta_se.csv
GCST90080045	GCST90084031	/gpfs/chencao/qinminzhang/workflow/ldsc/GWAS/all/GCST90080045.txt.gz	/gpfs/chencao/qinminzhang/workflow/catalog_lof/run_all/data/GCST90084031_buildGRCh38_M1_001_ensg_beta_se.csv
GCST90080131	GCST90084117	/gpfs/chencao/qinminzhang/workflow/ldsc/GWAS/all/GCST90080131.txt.gz	/gpfs/chencao/qinminzhang/workflow/catalog_lof/run_all/data/GCST90084117_buildGRCh38_M1_001_ensg_beta_se.csv
GCST90080459	GCST90084445	/gpfs/chencao/qinminzhang/workflow/ldsc/GWAS/all/GCST90080459.txt.gz	/gpfs/chencao/qinminzhang/workflow/catalog_lof/run_all/data/GCST90084445_buildGRCh38_M1_001_ensg_beta_se.csv
GCST90081017	GCST90085003	/gpfs/chencao/qinminzhang/workflow/ldsc/GWAS/all/GCST90081017.txt.gz	/gpfs/chencao/qinminzhang/workflow/catalog_lof/run_all/data/GCST90085003_buildGRCh38_M1_001_ensg_beta_se.csv
GCST90079803	GCST90083789	/gpfs/chencao/qinminzhang/workflow/ldsc/GWAS/all/GCST90079803.txt.gz	/gpfs/chencao/qinminzhang/workflow/catalog_lof/run_all/data/GCST90083789_buildGRCh38_M1_001_ensg_beta_se.csv
GCST90080187	GCST90084173	/gpfs/chencao/qinminzhang/workflow/ldsc/GWAS/all/GCST90080187.txt.gz	/gpfs/chencao/qinminzhang/workflow/catalog_lof/run_all/data/GCST90084173_buildGRCh38_M1_001_ensg_beta_se.csv
MR18108	GCST90084213	/gpfs/chencao/qinminzhang/workflow/ldsc/GWAS/all/MR18108.txt.gz	/gpfs/chencao/qinminzhang/workflow/catalog_lof/run_all/data/GCST90084213_buildGRCh38_M1_001_ensg_beta_se.csv
MR21269	GCST90085064	/gpfs/chencao/qinminzhang/workflow/ldsc/GWAS/all/MR21269.txt.gz	/gpfs/chencao/qinminzhang/workflow/catalog_lof/run_all/data/GCST90085064_buildGRCh38_M1_001_ensg_beta_se.csv
GCST90081216	GCST90085202	/gpfs/chencao/qinminzhang/workflow/ldsc/GWAS/all/GCST90081216.txt.gz	/gpfs/chencao/qinminzhang/workflow/catalog_lof/run_all/data/GCST90085202_buildGRCh38_M1_001_ensg_beta_se.csv
GCST90081231	GCST90085217	/gpfs/chencao/qinminzhang/workflow/ldsc/GWAS/all/GCST90081231.txt.gz	/gpfs/chencao/qinminzhang/workflow/catalog_lof/run_all/data/GCST90085217_buildGRCh38_M1_001_ensg_beta_se.csv
GCST90081373	GCST90085359	/gpfs/chencao/qinminzhang/workflow/ldsc/GWAS/all/GCST90081373.txt.gz	/gpfs/chencao/qinminzhang/workflow/catalog_lof/run_all/data/GCST90085359_buildGRCh38_M1_001_ensg_beta_se.csv
GCST90080146	GCST90084132	/gpfs/chencao/qinminzhang/workflow/ldsc/GWAS/all/GCST90080146.txt.gz	/gpfs/chencao/qinminzhang/workflow/catalog_lof/run_all/data/GCST90084132_buildGRCh38_M1_001_ensg_beta_se.csv
MR35752	GCST90084656	/gpfs/chencao/qinminzhang/workflow/ldsc/GWAS/all/MR35752.txt.gz	/gpfs/chencao/qinminzhang/workflow/catalog_lof/run_all/data/GCST90084656_buildGRCh38_M1_001_ensg_beta_se.csv
GCST90080678	GCST90084664	/gpfs/chencao/qinminzhang/workflow/ldsc/GWAS/all/GCST90080678.txt.gz	/gpfs/chencao/qinminzhang/workflow/catalog_lof/run_all/data/GCST90084664_buildGRCh38_M1_001_ensg_beta_se.csv
GCST90080935	GCST90084921	/gpfs/chencao/qinminzhang/workflow/ldsc/GWAS/all/GCST90080935.txt.gz	/gpfs/chencao/qinminzhang/workflow/catalog_lof/run_all/data/GCST90084921_buildGRCh38_M1_001_ensg_beta_se.csv
GCST90079820	GCST90083806	/gpfs/chencao/qinminzhang/workflow/ldsc/GWAS/all/GCST90079820.txt.gz	/gpfs/chencao/qinminzhang/workflow/catalog_lof/run_all/data/GCST90083806_buildGRCh38_M1_001_ensg_beta_se.csv
AT455	GCST90083890	/gpfs/chencao/qinminzhang/workflow/ldsc/GWAS/all/AT455.txt.gz	/gpfs/chencao/qinminzhang/workflow/catalog_lof/run_all/data/GCST90083890_buildGRCh38_M1_001_ensg_beta_se.csv
PE05355	GCST90085121	/gpfs/chencao/qinminzhang/workflow/ldsc/GWAS/all/PE05355.txt.gz	/gpfs/chencao/qinminzhang/workflow/catalog_lof/run_all/data/GCST90085121_buildGRCh38_M1_001_ensg_beta_se.csv
GCST90081182	GCST90085168	/gpfs/chencao/qinminzhang/workflow/ldsc/GWAS/all/GCST90081182.txt.gz	/gpfs/chencao/qinminzhang/workflow/catalog_lof/run_all/data/GCST90085168_buildGRCh38_M1_001_ensg_beta_se.csv
GCST90081183	GCST90085169	/gpfs/chencao/qinminzhang/workflow/ldsc/GWAS/all/GCST90081183.txt.gz	/gpfs/chencao/qinminzhang/workflow/catalog_lof/run_all/data/GCST90085169_buildGRCh38_M1_001_ensg_beta_se.csv
GCST90079542	GCST90083528	/gpfs/chencao/qinminzhang/workflow/ldsc/GWAS/all/GCST90079542.txt.gz	/gpfs/chencao/qinminzhang/workflow/catalog_lof/run_all/data/GCST90083528_buildGRCh38_M1_001_ensg_beta_se.csv
GCST90080186	GCST90084172	/gpfs/chencao/qinminzhang/workflow/ldsc/GWAS/all/GCST90080186.txt.gz	/gpfs/chencao/qinminzhang/workflow/catalog_lof/run_all/data/GCST90084172_buildGRCh38_M1_001_ensg_beta_se.csv
MR30579	GCST90084720	/gpfs/chencao/qinminzhang/workflow/ldsc/GWAS/all/MR30579.txt.gz	/gpfs/chencao/qinminzhang/workflow/catalog_lof/run_all/data/GCST90084720_buildGRCh38_M1_001_ensg_beta_se.csv
PE05153	GCST90084746	/gpfs/chencao/qinminzhang/workflow/ldsc/GWAS/all/PE05153.txt.gz	/gpfs/chencao/qinminzhang/workflow/catalog_lof/run_all/data/GCST90084746_buildGRCh38_M1_001_ensg_beta_se.csv
GCST90081236	GCST90085222	/gpfs/chencao/qinminzhang/workflow/ldsc/GWAS/all/GCST90081236.txt.gz	/gpfs/chencao/qinminzhang/workflow/catalog_lof/run_all/data/GCST90085222_buildGRCh38_M1_001_ensg_beta_se.csv
PE04591	GCST90083618	/gpfs/chencao/qinminzhang/workflow/ldsc/GWAS/all/PE04591.txt.gz	/gpfs/chencao/qinminzhang/workflow/catalog_lof/run_all/data/GCST90083618_buildGRCh38_M1_001_ensg_beta_se.csv
GCST90079698	GCST90083684	/gpfs/chencao/qinminzhang/workflow/ldsc/GWAS/all/GCST90079698.txt.gz	/gpfs/chencao/qinminzhang/workflow/catalog_lof/run_all/data/GCST90083684_buildGRCh38_M1_001_ensg_beta_se.csv
AT284	GCST90083736	/gpfs/chencao/qinminzhang/workflow/ldsc/GWAS/all/AT284.txt.gz	/gpfs/chencao/qinminzhang/workflow/catalog_lof/run_all/data/GCST90083736_buildGRCh38_M1_001_ensg_beta_se.csv
GCST90080065	GCST90084051	/gpfs/chencao/qinminzhang/workflow/ldsc/GWAS/all/GCST90080065.txt.gz	/gpfs/chencao/qinminzhang/workflow/catalog_lof/run_all/data/GCST90084051_buildGRCh38_M1_001_ensg_beta_se.csv
MR23875	GCST90084209	/gpfs/chencao/qinminzhang/workflow/ldsc/GWAS/all/MR23875.txt.gz	/gpfs/chencao/qinminzhang/workflow/catalog_lof/run_all/data/GCST90084209_buildGRCh38_M1_001_ensg_beta_se.csv
MR10847	GCST90084279	/gpfs/chencao/qinminzhang/workflow/ldsc/GWAS/all/MR10847.txt.gz	/gpfs/chencao/qinminzhang/workflow/catalog_lof/run_all/data/GCST90084279_buildGRCh38_M1_001_ensg_beta_se.csv
MR40670	GCST90084280	/gpfs/chencao/qinminzhang/workflow/ldsc/GWAS/all/MR40670.txt.gz	/gpfs/chencao/qinminzhang/workflow/catalog_lof/run_all/data/GCST90084280_buildGRCh38_M1_001_ensg_beta_se.csv
MR40608	GCST90084719	/gpfs/chencao/qinminzhang/workflow/ldsc/GWAS/all/MR40608.txt.gz	/gpfs/chencao/qinminzhang/workflow/catalog_lof/run_all/data/GCST90084719_buildGRCh38_M1_001_ensg_beta_se.csv
GCST90081333	GCST90085319	/gpfs/chencao/qinminzhang/workflow/ldsc/GWAS/all/GCST90081333.txt.gz	/gpfs/chencao/qinminzhang/workflow/catalog_lof/run_all/data/GCST90085319_buildGRCh38_M1_001_ensg_beta_se.csv
MR17147	GCST90085335	/gpfs/chencao/qinminzhang/workflow/ldsc/GWAS/all/MR17147.txt.gz	/gpfs/chencao/qinminzhang/workflow/catalog_lof/run_all/data/GCST90085335_buildGRCh38_M1_001_ensg_beta_se.csv
MR01133	GCST90085345	/gpfs/chencao/qinminzhang/workflow/ldsc/GWAS/all/MR01133.txt.gz	/gpfs/chencao/qinminzhang/workflow/catalog_lof/run_all/data/GCST90085345_buildGRCh38_M1_001_ensg_beta_se.csv
GCST90081382	GCST90085368	/gpfs/chencao/qinminzhang/workflow/ldsc/GWAS/all/GCST90081382.txt.gz	/gpfs/chencao/qinminzhang/workflow/catalog_lof/run_all/data/GCST90085368_buildGRCh38_M1_001_ensg_beta_se.csv
AT148	GCST90083527	/gpfs/chencao/qinminzhang/workflow/ldsc/GWAS/all/AT148.txt.gz	/gpfs/chencao/qinminzhang/workflow/catalog_lof/run_all/data/GCST90083527_buildGRCh38_M1_001_ensg_beta_se.csv
PE04681	GCST90083755	/gpfs/chencao/qinminzhang/workflow/ldsc/GWAS/all/PE04681.txt.gz	/gpfs/chencao/qinminzhang/workflow/catalog_lof/run_all/data/GCST90083755_buildGRCh38_M1_001_ensg_beta_se.csv
GCST90079877	GCST90083863	/gpfs/chencao/qinminzhang/workflow/ldsc/GWAS/all/GCST90079877.txt.gz	/gpfs/chencao/qinminzhang/workflow/catalog_lof/run_all/data/GCST90083863_buildGRCh38_M1_001_ensg_beta_se.csv
AT590	GCST90084456	/gpfs/chencao/qinminzhang/workflow/ldsc/GWAS/all/AT590.txt.gz	/gpfs/chencao/qinminzhang/workflow/catalog_lof/run_all/data/GCST90084456_buildGRCh38_M1_001_ensg_beta_se.csv
PE05085	GCST90084663	/gpfs/chencao/qinminzhang/workflow/ldsc/GWAS/all/PE05085.txt.gz	/gpfs/chencao/qinminzhang/workflow/catalog_lof/run_all/data/GCST90084663_buildGRCh38_M1_001_ensg_beta_se.csv
GCST90081115	GCST90085101	/gpfs/chencao/qinminzhang/workflow/ldsc/GWAS/all/GCST90081115.txt.gz	/gpfs/chencao/qinminzhang/workflow/catalog_lof/run_all/data/GCST90085101_buildGRCh38_M1_001_ensg_beta_se.csv
GCST90081178	GCST90085164	/gpfs/chencao/qinminzhang/workflow/ldsc/GWAS/all/GCST90081178.txt.gz	/gpfs/chencao/qinminzhang/workflow/catalog_lof/run_all/data/GCST90085164_buildGRCh38_M1_001_ensg_beta_se.csv
PE05420	GCST90085263	/gpfs/chencao/qinminzhang/workflow/ldsc/GWAS/all/PE05420.txt.gz	/gpfs/chencao/qinminzhang/workflow/catalog_lof/run_all/data/GCST90085263_buildGRCh38_M1_001_ensg_beta_se.csv
GCST90081284	GCST90085270	/gpfs/chencao/qinminzhang/workflow/ldsc/GWAS/all/GCST90081284.txt.gz	/gpfs/chencao/qinminzhang/workflow/catalog_lof/run_all/data/GCST90085270_buildGRCh38_M1_001_ensg_beta_se.csv
PE05425	GCST90085282	/gpfs/chencao/qinminzhang/workflow/ldsc/GWAS/all/PE05425.txt.gz	/gpfs/chencao/qinminzhang/workflow/catalog_lof/run_all/data/GCST90085282_buildGRCh38_M1_001_ensg_beta_se.csv
GCST90081429	GCST90085415	/gpfs/chencao/qinminzhang/workflow/ldsc/GWAS/all/GCST90081429.txt.gz	/gpfs/chencao/qinminzhang/workflow/catalog_lof/run_all/data/GCST90085415_buildGRCh38_M1_001_ensg_beta_se.csv
GCST90079732	GCST90083718	/gpfs/chencao/qinminzhang/workflow/ldsc/GWAS/all/GCST90079732.txt.gz	/gpfs/chencao/qinminzhang/workflow/catalog_lof/run_all/data/GCST90083718_buildGRCh38_M1_001_ensg_beta_se.csv
GCST90079741	GCST90083727	/gpfs/chencao/qinminzhang/workflow/ldsc/GWAS/all/GCST90079741.txt.gz	/gpfs/chencao/qinminzhang/workflow/catalog_lof/run_all/data/GCST90083727_buildGRCh38_M1_001_ensg_beta_se.csv
GCST90079983	GCST90083969	/gpfs/chencao/qinminzhang/workflow/ldsc/GWAS/all/GCST90079983.txt.gz	/gpfs/chencao/qinminzhang/workflow/catalog_lof/run_all/data/GCST90083969_buildGRCh38_M1_001_ensg_beta_se.csv
MR23344	GCST90084211	/gpfs/chencao/qinminzhang/workflow/ldsc/GWAS/all/MR23344.txt.gz	/gpfs/chencao/qinminzhang/workflow/catalog_lof/run_all/data/GCST90084211_buildGRCh38_M1_001_ensg_beta_se.csv
GCST90080740	GCST90084726	/gpfs/chencao/qinminzhang/workflow/ldsc/GWAS/all/GCST90080740.txt.gz	/gpfs/chencao/qinminzhang/workflow/catalog_lof/run_all/data/GCST90084726_buildGRCh38_M1_001_ensg_beta_se.csv
GCST90080934	GCST90084920	/gpfs/chencao/qinminzhang/workflow/ldsc/GWAS/all/GCST90080934.txt.gz	/gpfs/chencao/qinminzhang/workflow/catalog_lof/run_all/data/GCST90084920_buildGRCh38_M1_001_ensg_beta_se.csv
GCST90080940	GCST90084926	/gpfs/chencao/qinminzhang/workflow/ldsc/GWAS/all/GCST90080940.txt.gz	/gpfs/chencao/qinminzhang/workflow/catalog_lof/run_all/data/GCST90084926_buildGRCh38_M1_001_ensg_beta_se.csv
GCST90081260	GCST90085246	/gpfs/chencao/qinminzhang/workflow/ldsc/GWAS/all/GCST90081260.txt.gz	/gpfs/chencao/qinminzhang/workflow/catalog_lof/run_all/data/GCST90085246_buildGRCh38_M1_001_ensg_beta_se.csv
PE05433	GCST90085302	/gpfs/chencao/qinminzhang/workflow/ldsc/GWAS/all/PE05433.txt.gz	/gpfs/chencao/qinminzhang/workflow/catalog_lof/run_all/data/GCST90085302_buildGRCh38_M1_001_ensg_beta_se.csv
MR25817	GCST90085317	/gpfs/chencao/qinminzhang/workflow/ldsc/GWAS/all/MR25817.txt.gz	/gpfs/chencao/qinminzhang/workflow/catalog_lof/run_all/data/GCST90085317_buildGRCh38_M1_001_ensg_beta_se.csv
GCST90081378	GCST90085364	/gpfs/chencao/qinminzhang/workflow/ldsc/GWAS/all/GCST90081378.txt.gz	/gpfs/chencao/qinminzhang/workflow/catalog_lof/run_all/data/GCST90085364_buildGRCh38_M1_001_ensg_beta_se.csv
GCST90081379	GCST90085365	/gpfs/chencao/qinminzhang/workflow/ldsc/GWAS/all/GCST90081379.txt.gz	/gpfs/chencao/qinminzhang/workflow/catalog_lof/run_all/data/GCST90085365_buildGRCh38_M1_001_ensg_beta_se.csv
GCST90081403	GCST90085389	/gpfs/chencao/qinminzhang/workflow/ldsc/GWAS/all/GCST90081403.txt.gz	/gpfs/chencao/qinminzhang/workflow/catalog_lof/run_all/data/GCST90085389_buildGRCh38_M1_001_ensg_beta_se.csv
GCST90079786	GCST90083772	/gpfs/chencao/qinminzhang/workflow/ldsc/GWAS/all/GCST90079786.txt.gz	/gpfs/chencao/qinminzhang/workflow/catalog_lof/run_all/data/GCST90083772_buildGRCh38_M1_001_ensg_beta_se.csv
GCST90079971	GCST90083957	/gpfs/chencao/qinminzhang/workflow/ldsc/GWAS/all/GCST90079971.txt.gz	/gpfs/chencao/qinminzhang/workflow/catalog_lof/run_all/data/GCST90083957_buildGRCh38_M1_001_ensg_beta_se.csv
AT243	GCST90083991	/gpfs/chencao/qinminzhang/workflow/ldsc/GWAS/all/AT243.txt.gz	/gpfs/chencao/qinminzhang/workflow/catalog_lof/run_all/data/GCST90083991_buildGRCh38_M1_001_ensg_beta_se.csv
PE04966	GCST90084327	/gpfs/chencao/qinminzhang/workflow/ldsc/GWAS/all/PE04966.txt.gz	/gpfs/chencao/qinminzhang/workflow/catalog_lof/run_all/data/GCST90084327_buildGRCh38_M1_001_ensg_beta_se.csv
GCST90080466	GCST90084452	/gpfs/chencao/qinminzhang/workflow/ldsc/GWAS/all/GCST90080466.txt.gz	/gpfs/chencao/qinminzhang/workflow/catalog_lof/run_all/data/GCST90084452_buildGRCh38_M1_001_ensg_beta_se.csv
GCST90080981	GCST90084967	/gpfs/chencao/qinminzhang/workflow/ldsc/GWAS/all/GCST90080981.txt.gz	/gpfs/chencao/qinminzhang/workflow/catalog_lof/run_all/data/GCST90084967_buildGRCh38_M1_001_ensg_beta_se.csv
GCST90080998	GCST90084984	/gpfs/chencao/qinminzhang/workflow/ldsc/GWAS/all/GCST90080998.txt.gz	/gpfs/chencao/qinminzhang/workflow/catalog_lof/run_all/data/GCST90084984_buildGRCh38_M1_001_ensg_beta_se.csv
GCST90081010	GCST90084996	/gpfs/chencao/qinminzhang/workflow/ldsc/GWAS/all/GCST90081010.txt.gz	/gpfs/chencao/qinminzhang/workflow/catalog_lof/run_all/data/GCST90084996_buildGRCh38_M1_001_ensg_beta_se.csv
GCST90081221	GCST90085207	/gpfs/chencao/qinminzhang/workflow/ldsc/GWAS/all/GCST90081221.txt.gz	/gpfs/chencao/qinminzhang/workflow/catalog_lof/run_all/data/GCST90085207_buildGRCh38_M1_001_ensg_beta_se.csv
GCST90081245	GCST90085231	/gpfs/chencao/qinminzhang/workflow/ldsc/GWAS/all/GCST90081245.txt.gz	/gpfs/chencao/qinminzhang/workflow/catalog_lof/run_all/data/GCST90085231_buildGRCh38_M1_001_ensg_beta_se.csv
GCST90079668	GCST90083654	/gpfs/chencao/qinminzhang/workflow/ldsc/GWAS/all/GCST90079668.txt.gz	/gpfs/chencao/qinminzhang/workflow/catalog_lof/run_all/data/GCST90083654_buildGRCh38_M1_001_ensg_beta_se.csv
GCST90080701	GCST90084687	/gpfs/chencao/qinminzhang/workflow/ldsc/GWAS/all/GCST90080701.txt.gz	/gpfs/chencao/qinminzhang/workflow/catalog_lof/run_all/data/GCST90084687_buildGRCh38_M1_001_ensg_beta_se.csv
GCST90080822	GCST90084808	/gpfs/chencao/qinminzhang/workflow/ldsc/GWAS/all/GCST90080822.txt.gz	/gpfs/chencao/qinminzhang/workflow/catalog_lof/run_all/data/GCST90084808_buildGRCh38_M1_001_ensg_beta_se.csv
PE05174	GCST90084847	/gpfs/chencao/qinminzhang/workflow/ldsc/GWAS/all/PE05174.txt.gz	/gpfs/chencao/qinminzhang/workflow/catalog_lof/run_all/data/GCST90084847_buildGRCh38_M1_001_ensg_beta_se.csv
GCST90080976	GCST90084962	/gpfs/chencao/qinminzhang/workflow/ldsc/GWAS/all/GCST90080976.txt.gz	/gpfs/chencao/qinminzhang/workflow/catalog_lof/run_all/data/GCST90084962_buildGRCh38_M1_001_ensg_beta_se.csv
GCST90081071	GCST90085057	/gpfs/chencao/qinminzhang/workflow/ldsc/GWAS/all/GCST90081071.txt.gz	/gpfs/chencao/qinminzhang/workflow/catalog_lof/run_all/data/GCST90085057_buildGRCh38_M1_001_ensg_beta_se.csv
PE05338	GCST90085112	/gpfs/chencao/qinminzhang/workflow/ldsc/GWAS/all/PE05338.txt.gz	/gpfs/chencao/qinminzhang/workflow/catalog_lof/run_all/data/GCST90085112_buildGRCh38_M1_001_ensg_beta_se.csv
PE05434	GCST90085305	/gpfs/chencao/qinminzhang/workflow/ldsc/GWAS/all/PE05434.txt.gz	/gpfs/chencao/qinminzhang/workflow/catalog_lof/run_all/data/GCST90085305_buildGRCh38_M1_001_ensg_beta_se.csv
GCST90081334	GCST90085320	/gpfs/chencao/qinminzhang/workflow/ldsc/GWAS/all/GCST90081334.txt.gz	/gpfs/chencao/qinminzhang/workflow/catalog_lof/run_all/data/GCST90085320_buildGRCh38_M1_001_ensg_beta_se.csv
GCST90081344	GCST90085330	/gpfs/chencao/qinminzhang/workflow/ldsc/GWAS/all/GCST90081344.txt.gz	/gpfs/chencao/qinminzhang/workflow/catalog_lof/run_all/data/GCST90085330_buildGRCh38_M1_001_ensg_beta_se.csv
GCST90081345	GCST90085331	/gpfs/chencao/qinminzhang/workflow/ldsc/GWAS/all/GCST90081345.txt.gz	/gpfs/chencao/qinminzhang/workflow/catalog_lof/run_all/data/GCST90085331_buildGRCh38_M1_001_ensg_beta_se.csv
GCST90080212	GCST90084198	/gpfs/chencao/qinminzhang/workflow/ldsc/GWAS/all/GCST90080212.txt.gz	/gpfs/chencao/qinminzhang/workflow/catalog_lof/run_all/data/GCST90084198_buildGRCh38_M1_001_ensg_beta_se.csv
GCST90080461	GCST90084447	/gpfs/chencao/qinminzhang/workflow/ldsc/GWAS/all/GCST90080461.txt.gz	/gpfs/chencao/qinminzhang/workflow/catalog_lof/run_all/data/GCST90084447_buildGRCh38_M1_001_ensg_beta_se.csv
GCST90080614	GCST90084600	/gpfs/chencao/qinminzhang/workflow/ldsc/GWAS/all/GCST90080614.txt.gz	/gpfs/chencao/qinminzhang/workflow/catalog_lof/run_all/data/GCST90084600_buildGRCh38_M1_001_ensg_beta_se.csv
GCST90080622	GCST90084608	/gpfs/chencao/qinminzhang/workflow/ldsc/GWAS/all/GCST90080622.txt.gz	/gpfs/chencao/qinminzhang/workflow/catalog_lof/run_all/data/GCST90084608_buildGRCh38_M1_001_ensg_beta_se.csv
PE05090	GCST90084677	/gpfs/chencao/qinminzhang/workflow/ldsc/GWAS/all/PE05090.txt.gz	/gpfs/chencao/qinminzhang/workflow/catalog_lof/run_all/data/GCST90084677_buildGRCh38_M1_001_ensg_beta_se.csv
GCST90081133	GCST90085119	/gpfs/chencao/qinminzhang/workflow/ldsc/GWAS/all/GCST90081133.txt.gz	/gpfs/chencao/qinminzhang/workflow/catalog_lof/run_all/data/GCST90085119_buildGRCh38_M1_001_ensg_beta_se.csv
GCST90081180	GCST90085166	/gpfs/chencao/qinminzhang/workflow/ldsc/GWAS/all/GCST90081180.txt.gz	/gpfs/chencao/qinminzhang/workflow/catalog_lof/run_all/data/GCST90085166_buildGRCh38_M1_001_ensg_beta_se.csv
GCST90081248	GCST90085234	/gpfs/chencao/qinminzhang/workflow/ldsc/GWAS/all/GCST90081248.txt.gz	/gpfs/chencao/qinminzhang/workflow/catalog_lof/run_all/data/GCST90085234_buildGRCh38_M1_001_ensg_beta_se.csv
GCST90081410	GCST90085396	/gpfs/chencao/qinminzhang/workflow/ldsc/GWAS/all/GCST90081410.txt.gz	/gpfs/chencao/qinminzhang/workflow/catalog_lof/run_all/data/GCST90085396_buildGRCh38_M1_001_ensg_beta_se.csv
AT326	GCST90084041	/gpfs/chencao/qinminzhang/workflow/ldsc/GWAS/all/AT326.txt.gz	/gpfs/chencao/qinminzhang/workflow/catalog_lof/run_all/data/GCST90084041_buildGRCh38_M1_001_ensg_beta_se.csv
GCST90080329	GCST90084315	/gpfs/chencao/qinminzhang/workflow/ldsc/GWAS/all/GCST90080329.txt.gz	/gpfs/chencao/qinminzhang/workflow/catalog_lof/run_all/data/GCST90084315_buildGRCh38_M1_001_ensg_beta_se.csv
AT641	GCST90084507	/gpfs/chencao/qinminzhang/workflow/ldsc/GWAS/all/AT641.txt.gz	/gpfs/chencao/qinminzhang/workflow/catalog_lof/run_all/data/GCST90084507_buildGRCh38_M1_001_ensg_beta_se.csv
MR06267	GCST90084597	/gpfs/chencao/qinminzhang/workflow/ldsc/GWAS/all/MR06267.txt.gz	/gpfs/chencao/qinminzhang/workflow/catalog_lof/run_all/data/GCST90084597_buildGRCh38_M1_001_ensg_beta_se.csv
GCST90080712	GCST90084698	/gpfs/chencao/qinminzhang/workflow/ldsc/GWAS/all/GCST90080712.txt.gz	/gpfs/chencao/qinminzhang/workflow/catalog_lof/run_all/data/GCST90084698_buildGRCh38_M1_001_ensg_beta_se.csv
PE05193	GCST90084897	/gpfs/chencao/qinminzhang/workflow/ldsc/GWAS/all/PE05193.txt.gz	/gpfs/chencao/qinminzhang/workflow/catalog_lof/run_all/data/GCST90084897_buildGRCh38_M1_001_ensg_beta_se.csv
MR17764	GCST90084922	/gpfs/chencao/qinminzhang/workflow/ldsc/GWAS/all/MR17764.txt.gz	/gpfs/chencao/qinminzhang/workflow/catalog_lof/run_all/data/GCST90084922_buildGRCh38_M1_001_ensg_beta_se.csv
GCST90081018	GCST90085004	/gpfs/chencao/qinminzhang/workflow/ldsc/GWAS/all/GCST90081018.txt.gz	/gpfs/chencao/qinminzhang/workflow/catalog_lof/run_all/data/GCST90085004_buildGRCh38_M1_001_ensg_beta_se.csv
GCST90081322	GCST90085308	/gpfs/chencao/qinminzhang/workflow/ldsc/GWAS/all/GCST90081322.txt.gz	/gpfs/chencao/qinminzhang/workflow/catalog_lof/run_all/data/GCST90085308_buildGRCh38_M1_001_ensg_beta_se.csv
PE05440	GCST90085329	/gpfs/chencao/qinminzhang/workflow/ldsc/GWAS/all/PE05440.txt.gz	/gpfs/chencao/qinminzhang/workflow/catalog_lof/run_all/data/GCST90085329_buildGRCh38_M1_001_ensg_beta_se.csv
PA01028	GCST90085351	/gpfs/chencao/qinminzhang/workflow/ldsc/GWAS/all/PA01028.txt.gz	/gpfs/chencao/qinminzhang/workflow/catalog_lof/run_all/data/GCST90085351_buildGRCh38_M1_001_ensg_beta_se.csv
GCST90081417	GCST90085403	/gpfs/chencao/qinminzhang/workflow/ldsc/GWAS/all/GCST90081417.txt.gz	/gpfs/chencao/qinminzhang/workflow/catalog_lof/run_all/data/GCST90085403_buildGRCh38_M1_001_ensg_beta_se.csv
GCST90079900	GCST90083886	/gpfs/chencao/qinminzhang/workflow/ldsc/GWAS/all/GCST90079900.txt.gz	/gpfs/chencao/qinminzhang/workflow/catalog_lof/run_all/data/GCST90083886_buildGRCh38_M1_001_ensg_beta_se.csv
AT213	GCST90084110	/gpfs/chencao/qinminzhang/workflow/ldsc/GWAS/all/AT213.txt.gz	/gpfs/chencao/qinminzhang/workflow/catalog_lof/run_all/data/GCST90084110_buildGRCh38_M1_001_ensg_beta_se.csv
GCST90080307	GCST90084293	/gpfs/chencao/qinminzhang/workflow/ldsc/GWAS/all/GCST90080307.txt.gz	/gpfs/chencao/qinminzhang/workflow/catalog_lof/run_all/data/GCST90084293_buildGRCh38_M1_001_ensg_beta_se.csv
GCST90080594	GCST90084580	/gpfs/chencao/qinminzhang/workflow/ldsc/GWAS/all/GCST90080594.txt.gz	/gpfs/chencao/qinminzhang/workflow/catalog_lof/run_all/data/GCST90084580_buildGRCh38_M1_001_ensg_beta_se.csv
GCST90080632	GCST90084618	/gpfs/chencao/qinminzhang/workflow/ldsc/GWAS/all/GCST90080632.txt.gz	/gpfs/chencao/qinminzhang/workflow/catalog_lof/run_all/data/GCST90084618_buildGRCh38_M1_001_ensg_beta_se.csv
GCST90080939	GCST90084925	/gpfs/chencao/qinminzhang/workflow/ldsc/GWAS/all/GCST90080939.txt.gz	/gpfs/chencao/qinminzhang/workflow/catalog_lof/run_all/data/GCST90084925_buildGRCh38_M1_001_ensg_beta_se.csv
GCST90080984	GCST90084970	/gpfs/chencao/qinminzhang/workflow/ldsc/GWAS/all/GCST90080984.txt.gz	/gpfs/chencao/qinminzhang/workflow/catalog_lof/run_all/data/GCST90084970_buildGRCh38_M1_001_ensg_beta_se.csv
GCST90080989	GCST90084975	/gpfs/chencao/qinminzhang/workflow/ldsc/GWAS/all/GCST90080989.txt.gz	/gpfs/chencao/qinminzhang/workflow/catalog_lof/run_all/data/GCST90084975_buildGRCh38_M1_001_ensg_beta_se.csv
GCST90081037	GCST90085023	/gpfs/chencao/qinminzhang/workflow/ldsc/GWAS/all/GCST90081037.txt.gz	/gpfs/chencao/qinminzhang/workflow/catalog_lof/run_all/data/GCST90085023_buildGRCh38_M1_001_ensg_beta_se.csv
GCST90081174	GCST90085160	/gpfs/chencao/qinminzhang/workflow/ldsc/GWAS/all/GCST90081174.txt.gz	/gpfs/chencao/qinminzhang/workflow/catalog_lof/run_all/data/GCST90085160_buildGRCh38_M1_001_ensg_beta_se.csv
GCST90081400	GCST90085386	/gpfs/chencao/qinminzhang/workflow/ldsc/GWAS/all/GCST90081400.txt.gz	/gpfs/chencao/qinminzhang/workflow/catalog_lof/run_all/data/GCST90085386_buildGRCh38_M1_001_ensg_beta_se.csv
GCST90081422	GCST90085408	/gpfs/chencao/qinminzhang/workflow/ldsc/GWAS/all/GCST90081422.txt.gz	/gpfs/chencao/qinminzhang/workflow/catalog_lof/run_all/data/GCST90085408_buildGRCh38_M1_001_ensg_beta_se.csv
PE04608	GCST90083639	/gpfs/chencao/qinminzhang/workflow/ldsc/GWAS/all/PE04608.txt.gz	/gpfs/chencao/qinminzhang/workflow/catalog_lof/run_all/data/GCST90083639_buildGRCh38_M1_001_ensg_beta_se.csv
GCST90080037	GCST90084023	/gpfs/chencao/qinminzhang/workflow/ldsc/GWAS/all/GCST90080037.txt.gz	/gpfs/chencao/qinminzhang/workflow/catalog_lof/run_all/data/GCST90084023_buildGRCh38_M1_001_ensg_beta_se.csv
AT205	GCST90084104	/gpfs/chencao/qinminzhang/workflow/ldsc/GWAS/all/AT205.txt.gz	/gpfs/chencao/qinminzhang/workflow/catalog_lof/run_all/data/GCST90084104_buildGRCh38_M1_001_ensg_beta_se.csv
GCST90080149	GCST90084135	/gpfs/chencao/qinminzhang/workflow/ldsc/GWAS/all/GCST90080149.txt.gz	/gpfs/chencao/qinminzhang/workflow/catalog_lof/run_all/data/GCST90084135_buildGRCh38_M1_001_ensg_beta_se.csv
GCST90080285	GCST90084271	/gpfs/chencao/qinminzhang/workflow/ldsc/GWAS/all/GCST90080285.txt.gz	/gpfs/chencao/qinminzhang/workflow/catalog_lof/run_all/data/GCST90084271_buildGRCh38_M1_001_ensg_beta_se.csv
GCST90080378	GCST90084364	/gpfs/chencao/qinminzhang/workflow/ldsc/GWAS/all/GCST90080378.txt.gz	/gpfs/chencao/qinminzhang/workflow/catalog_lof/run_all/data/GCST90084364_buildGRCh38_M1_001_ensg_beta_se.csv
AT063	GCST90084418	/gpfs/chencao/qinminzhang/workflow/ldsc/GWAS/all/AT063.txt.gz	/gpfs/chencao/qinminzhang/workflow/catalog_lof/run_all/data/GCST90084418_buildGRCh38_M1_001_ensg_beta_se.csv
GCST90080818	GCST90084804	/gpfs/chencao/qinminzhang/workflow/ldsc/GWAS/all/GCST90080818.txt.gz	/gpfs/chencao/qinminzhang/workflow/catalog_lof/run_all/data/GCST90084804_buildGRCh38_M1_001_ensg_beta_se.csv
GCST90080829	GCST90084815	/gpfs/chencao/qinminzhang/workflow/ldsc/GWAS/all/GCST90080829.txt.gz	/gpfs/chencao/qinminzhang/workflow/catalog_lof/run_all/data/GCST90084815_buildGRCh38_M1_001_ensg_beta_se.csv
GCST90081300	GCST90085286	/gpfs/chencao/qinminzhang/workflow/ldsc/GWAS/all/GCST90081300.txt.gz	/gpfs/chencao/qinminzhang/workflow/catalog_lof/run_all/data/GCST90085286_buildGRCh38_M1_001_ensg_beta_se.csv
AT166	GCST90083576	/gpfs/chencao/qinminzhang/workflow/ldsc/GWAS/all/AT166.txt.gz	/gpfs/chencao/qinminzhang/workflow/catalog_lof/run_all/data/GCST90083576_buildGRCh38_M1_001_ensg_beta_se.csv
AT594	GCST90084154	/gpfs/chencao/qinminzhang/workflow/ldsc/GWAS/all/AT594.txt.gz	/gpfs/chencao/qinminzhang/workflow/catalog_lof/run_all/data/GCST90084154_buildGRCh38_M1_001_ensg_beta_se.csv
GCST90080581	GCST90084567	/gpfs/chencao/qinminzhang/workflow/ldsc/GWAS/all/GCST90080581.txt.gz	/gpfs/chencao/qinminzhang/workflow/catalog_lof/run_all/data/GCST90084567_buildGRCh38_M1_001_ensg_beta_se.csv
GCST90081046	GCST90085032	/gpfs/chencao/qinminzhang/workflow/ldsc/GWAS/all/GCST90081046.txt.gz	/gpfs/chencao/qinminzhang/workflow/catalog_lof/run_all/data/GCST90085032_buildGRCh38_M1_001_ensg_beta_se.csv
GCST90079680	GCST90083666	/gpfs/chencao/qinminzhang/workflow/ldsc/GWAS/all/GCST90079680.txt.gz	/gpfs/chencao/qinminzhang/workflow/catalog_lof/run_all/data/GCST90083666_buildGRCh38_M1_001_ensg_beta_se.csv
PE04622	GCST90083677	/gpfs/chencao/qinminzhang/workflow/ldsc/GWAS/all/PE04622.txt.gz	/gpfs/chencao/qinminzhang/workflow/catalog_lof/run_all/data/GCST90083677_buildGRCh38_M1_001_ensg_beta_se.csv
GCST90079925	GCST90083911	/gpfs/chencao/qinminzhang/workflow/ldsc/GWAS/all/GCST90079925.txt.gz	/gpfs/chencao/qinminzhang/workflow/catalog_lof/run_all/data/GCST90083911_buildGRCh38_M1_001_ensg_beta_se.csv
AT121	GCST90084199	/gpfs/chencao/qinminzhang/workflow/ldsc/GWAS/all/AT121.txt.gz	/gpfs/chencao/qinminzhang/workflow/catalog_lof/run_all/data/GCST90084199_buildGRCh38_M1_001_ensg_beta_se.csv
AT642	GCST90084510	/gpfs/chencao/qinminzhang/workflow/ldsc/GWAS/all/AT642.txt.gz	/gpfs/chencao/qinminzhang/workflow/catalog_lof/run_all/data/GCST90084510_buildGRCh38_M1_001_ensg_beta_se.csv
GCST90080527	GCST90084513	/gpfs/chencao/qinminzhang/workflow/ldsc/GWAS/all/GCST90080527.txt.gz	/gpfs/chencao/qinminzhang/workflow/catalog_lof/run_all/data/GCST90084513_buildGRCh38_M1_001_ensg_beta_se.csv
PE05076	GCST90084633	/gpfs/chencao/qinminzhang/workflow/ldsc/GWAS/all/PE05076.txt.gz	/gpfs/chencao/qinminzhang/workflow/catalog_lof/run_all/data/GCST90084633_buildGRCh38_M1_001_ensg_beta_se.csv
GCST90080675	GCST90084661	/gpfs/chencao/qinminzhang/workflow/ldsc/GWAS/all/GCST90080675.txt.gz	/gpfs/chencao/qinminzhang/workflow/catalog_lof/run_all/data/GCST90084661_buildGRCh38_M1_001_ensg_beta_se.csv
GCST90080716	GCST90084702	/gpfs/chencao/qinminzhang/workflow/ldsc/GWAS/all/GCST90080716.txt.gz	/gpfs/chencao/qinminzhang/workflow/catalog_lof/run_all/data/GCST90084702_buildGRCh38_M1_001_ensg_beta_se.csv
GCST90080907	GCST90084893	/gpfs/chencao/qinminzhang/workflow/ldsc/GWAS/all/GCST90080907.txt.gz	/gpfs/chencao/qinminzhang/workflow/catalog_lof/run_all/data/GCST90084893_buildGRCh38_M1_001_ensg_beta_se.csv
PE05207	GCST90084941	/gpfs/chencao/qinminzhang/workflow/ldsc/GWAS/all/PE05207.txt.gz	/gpfs/chencao/qinminzhang/workflow/catalog_lof/run_all/data/GCST90084941_buildGRCh38_M1_001_ensg_beta_se.csv
GCST90081318	GCST90085304	/gpfs/chencao/qinminzhang/workflow/ldsc/GWAS/all/GCST90081318.txt.gz	/gpfs/chencao/qinminzhang/workflow/catalog_lof/run_all/data/GCST90085304_buildGRCh38_M1_001_ensg_beta_se.csv
GCST90081405	GCST90085391	/gpfs/chencao/qinminzhang/workflow/ldsc/GWAS/all/GCST90081405.txt.gz	/gpfs/chencao/qinminzhang/workflow/catalog_lof/run_all/data/GCST90085391_buildGRCh38_M1_001_ensg_beta_se.csv
GCST90079941	GCST90083927	/gpfs/chencao/qinminzhang/workflow/ldsc/GWAS/all/GCST90079941.txt.gz	/gpfs/chencao/qinminzhang/workflow/catalog_lof/run_all/data/GCST90083927_buildGRCh38_M1_001_ensg_beta_se.csv
AT578	GCST90084130	/gpfs/chencao/qinminzhang/workflow/ldsc/GWAS/all/AT578.txt.gz	/gpfs/chencao/qinminzhang/workflow/catalog_lof/run_all/data/GCST90084130_buildGRCh38_M1_001_ensg_beta_se.csv
GCST90080582	GCST90084568	/gpfs/chencao/qinminzhang/workflow/ldsc/GWAS/all/GCST90080582.txt.gz	/gpfs/chencao/qinminzhang/workflow/catalog_lof/run_all/data/GCST90084568_buildGRCh38_M1_001_ensg_beta_se.csv
AT501	GCST90084657	/gpfs/chencao/qinminzhang/workflow/ldsc/GWAS/all/AT501.txt.gz	/gpfs/chencao/qinminzhang/workflow/catalog_lof/run_all/data/GCST90084657_buildGRCh38_M1_001_ensg_beta_se.csv
GCST90080819	GCST90084805	/gpfs/chencao/qinminzhang/workflow/ldsc/GWAS/all/GCST90080819.txt.gz	/gpfs/chencao/qinminzhang/workflow/catalog_lof/run_all/data/GCST90084805_buildGRCh38_M1_001_ensg_beta_se.csv
GCST90080820	GCST90084806	/gpfs/chencao/qinminzhang/workflow/ldsc/GWAS/all/GCST90080820.txt.gz	/gpfs/chencao/qinminzhang/workflow/catalog_lof/run_all/data/GCST90084806_buildGRCh38_M1_001_ensg_beta_se.csv
PE05249	GCST90085015	/gpfs/chencao/qinminzhang/workflow/ldsc/GWAS/all/PE05249.txt.gz	/gpfs/chencao/qinminzhang/workflow/catalog_lof/run_all/data/GCST90085015_buildGRCh38_M1_001_ensg_beta_se.csv
GCST90081390	GCST90085376	/gpfs/chencao/qinminzhang/workflow/ldsc/GWAS/all/GCST90081390.txt.gz	/gpfs/chencao/qinminzhang/workflow/catalog_lof/run_all/data/GCST90085376_buildGRCh38_M1_001_ensg_beta_se.csv
PE04607	GCST90083638	/gpfs/chencao/qinminzhang/workflow/ldsc/GWAS/all/PE04607.txt.gz	/gpfs/chencao/qinminzhang/workflow/catalog_lof/run_all/data/GCST90083638_buildGRCh38_M1_001_ensg_beta_se.csv
PE04651	GCST90083703	/gpfs/chencao/qinminzhang/workflow/ldsc/GWAS/all/PE04651.txt.gz	/gpfs/chencao/qinminzhang/workflow/catalog_lof/run_all/data/GCST90083703_buildGRCh38_M1_001_ensg_beta_se.csv
AT200	GCST90083744	/gpfs/chencao/qinminzhang/workflow/ldsc/GWAS/all/AT200.txt.gz	/gpfs/chencao/qinminzhang/workflow/catalog_lof/run_all/data/GCST90083744_buildGRCh38_M1_001_ensg_beta_se.csv
MR26243	GCST90084362	/gpfs/chencao/qinminzhang/workflow/ldsc/GWAS/all/MR26243.txt.gz	/gpfs/chencao/qinminzhang/workflow/catalog_lof/run_all/data/GCST90084362_buildGRCh38_M1_001_ensg_beta_se.csv
GCST90081044	GCST90085030	/gpfs/chencao/qinminzhang/workflow/ldsc/GWAS/all/GCST90081044.txt.gz	/gpfs/chencao/qinminzhang/workflow/catalog_lof/run_all/data/GCST90085030_buildGRCh38_M1_001_ensg_beta_se.csv
GCST90081326	GCST90085312	/gpfs/chencao/qinminzhang/workflow/ldsc/GWAS/all/GCST90081326.txt.gz	/gpfs/chencao/qinminzhang/workflow/catalog_lof/run_all/data/GCST90085312_buildGRCh38_M1_001_ensg_beta_se.csv
GCST90081327	GCST90085313	/gpfs/chencao/qinminzhang/workflow/ldsc/GWAS/all/GCST90081327.txt.gz	/gpfs/chencao/qinminzhang/workflow/catalog_lof/run_all/data/GCST90085313_buildGRCh38_M1_001_ensg_beta_se.csv
GCST90080431	GCST90084417	/gpfs/chencao/qinminzhang/workflow/ldsc/GWAS/all/GCST90080431.txt.gz	/gpfs/chencao/qinminzhang/workflow/catalog_lof/run_all/data/GCST90084417_buildGRCh38_M1_001_ensg_beta_se.csv
GCST90080954	GCST90084940	/gpfs/chencao/qinminzhang/workflow/ldsc/GWAS/all/GCST90080954.txt.gz	/gpfs/chencao/qinminzhang/workflow/catalog_lof/run_all/data/GCST90084940_buildGRCh38_M1_001_ensg_beta_se.csv
PE05218	GCST90084956	/gpfs/chencao/qinminzhang/workflow/ldsc/GWAS/all/PE05218.txt.gz	/gpfs/chencao/qinminzhang/workflow/catalog_lof/run_all/data/GCST90084956_buildGRCh38_M1_001_ensg_beta_se.csv
MR05847	GCST90085380	/gpfs/chencao/qinminzhang/workflow/ldsc/GWAS/all/MR05847.txt.gz	/gpfs/chencao/qinminzhang/workflow/catalog_lof/run_all/data/GCST90085380_buildGRCh38_M1_001_ensg_beta_se.csv
GCST90080230	GCST90084216	/gpfs/chencao/qinminzhang/workflow/ldsc/GWAS/all/GCST90080230.txt.gz	/gpfs/chencao/qinminzhang/workflow/catalog_lof/run_all/data/GCST90084216_buildGRCh38_M1_001_ensg_beta_se.csv
AT598	GCST90084247	/gpfs/chencao/qinminzhang/workflow/ldsc/GWAS/all/AT598.txt.gz	/gpfs/chencao/qinminzhang/workflow/catalog_lof/run_all/data/GCST90084247_buildGRCh38_M1_001_ensg_beta_se.csv
PE05204	GCST90084935	/gpfs/chencao/qinminzhang/workflow/ldsc/GWAS/all/PE05204.txt.gz	/gpfs/chencao/qinminzhang/workflow/catalog_lof/run_all/data/GCST90084935_buildGRCh38_M1_001_ensg_beta_se.csv
PE05222	GCST90084966	/gpfs/chencao/qinminzhang/workflow/ldsc/GWAS/all/PE05222.txt.gz	/gpfs/chencao/qinminzhang/workflow/catalog_lof/run_all/data/GCST90084966_buildGRCh38_M1_001_ensg_beta_se.csv
GCST90081011	GCST90084997	/gpfs/chencao/qinminzhang/workflow/ldsc/GWAS/all/GCST90081011.txt.gz	/gpfs/chencao/qinminzhang/workflow/catalog_lof/run_all/data/GCST90084997_buildGRCh38_M1_001_ensg_beta_se.csv
GCST90081113	GCST90085099	/gpfs/chencao/qinminzhang/workflow/ldsc/GWAS/all/GCST90081113.txt.gz	/gpfs/chencao/qinminzhang/workflow/catalog_lof/run_all/data/GCST90085099_buildGRCh38_M1_001_ensg_beta_se.csv
PE04604	GCST90083636	/gpfs/chencao/qinminzhang/workflow/ldsc/GWAS/all/PE04604.txt.gz	/gpfs/chencao/qinminzhang/workflow/catalog_lof/run_all/data/GCST90083636_buildGRCh38_M1_001_ensg_beta_se.csv
PE04790	GCST90083912	/gpfs/chencao/qinminzhang/workflow/ldsc/GWAS/all/PE04790.txt.gz	/gpfs/chencao/qinminzhang/workflow/catalog_lof/run_all/data/GCST90083912_buildGRCh38_M1_001_ensg_beta_se.csv
AT414	GCST90084254	/gpfs/chencao/qinminzhang/workflow/ldsc/GWAS/all/AT414.txt.gz	/gpfs/chencao/qinminzhang/workflow/catalog_lof/run_all/data/GCST90084254_buildGRCh38_M1_001_ensg_beta_se.csv
GCST90080869	GCST90084855	/gpfs/chencao/qinminzhang/workflow/ldsc/GWAS/all/GCST90080869.txt.gz	/gpfs/chencao/qinminzhang/workflow/catalog_lof/run_all/data/GCST90084855_buildGRCh38_M1_001_ensg_beta_se.csv
GCST90080943	GCST90084929	/gpfs/chencao/qinminzhang/workflow/ldsc/GWAS/all/GCST90080943.txt.gz	/gpfs/chencao/qinminzhang/workflow/catalog_lof/run_all/data/GCST90084929_buildGRCh38_M1_001_ensg_beta_se.csv
PE05324	GCST90085094	/gpfs/chencao/qinminzhang/workflow/ldsc/GWAS/all/PE05324.txt.gz	/gpfs/chencao/qinminzhang/workflow/catalog_lof/run_all/data/GCST90085094_buildGRCh38_M1_001_ensg_beta_se.csv
PE05234	GCST90084988	/gpfs/chencao/qinminzhang/workflow/ldsc/GWAS/all/PE05234.txt.gz	/gpfs/chencao/qinminzhang/workflow/catalog_lof/run_all/data/GCST90084988_buildGRCh38_M1_001_ensg_beta_se.csv
GCST90080983	GCST90084969	/gpfs/chencao/qinminzhang/workflow/ldsc/GWAS/all/GCST90080983.txt.gz	/gpfs/chencao/qinminzhang/workflow/catalog_lof/run_all/data/GCST90084969_buildGRCh38_M1_001_ensg_beta_se.csv
GCST90080386	GCST90084372	/gpfs/chencao/qinminzhang/workflow/ldsc/GWAS/all/GCST90080386.txt.gz	/gpfs/chencao/qinminzhang/workflow/catalog_lof/run_all/data/GCST90084372_buildGRCh38_M1_001_ensg_beta_se.csv
GCST90081186	GCST90085172	/gpfs/chencao/qinminzhang/workflow/ldsc/GWAS/all/GCST90081186.txt.gz	/gpfs/chencao/qinminzhang/workflow/catalog_lof/run_all/data/GCST90085172_buildGRCh38_M1_001_ensg_beta_se.csv
GCST90080236	GCST90084222	/gpfs/chencao/qinminzhang/workflow/ldsc/GWAS/all/GCST90080236.txt.gz	/gpfs/chencao/qinminzhang/workflow/catalog_lof/run_all/data/GCST90084222_buildGRCh38_M1_001_ensg_beta_se.csv
GCST90080705	GCST90084691	/gpfs/chencao/qinminzhang/workflow/ldsc/GWAS/all/GCST90080705.txt.gz	/gpfs/chencao/qinminzhang/workflow/catalog_lof/run_all/data/GCST90084691_buildGRCh38_M1_001_ensg_beta_se.csv
GCST90081215	GCST90085201	/gpfs/chencao/qinminzhang/workflow/ldsc/GWAS/all/GCST90081215.txt.gz	/gpfs/chencao/qinminzhang/workflow/catalog_lof/run_all/data/GCST90085201_buildGRCh38_M1_001_ensg_beta_se.csv
GCST90079747	GCST90083733	/gpfs/chencao/qinminzhang/workflow/ldsc/GWAS/all/GCST90079747.txt.gz	/gpfs/chencao/qinminzhang/workflow/catalog_lof/run_all/data/GCST90083733_buildGRCh38_M1_001_ensg_beta_se.csv
GCST90080555	GCST90084541	/gpfs/chencao/qinminzhang/workflow/ldsc/GWAS/all/GCST90080555.txt.gz	/gpfs/chencao/qinminzhang/workflow/catalog_lof/run_all/data/GCST90084541_buildGRCh38_M1_001_ensg_beta_se.csv
GCST90079543	GCST90083529	/gpfs/chencao/qinminzhang/workflow/ldsc/GWAS/all/GCST90079543.txt.gz	/gpfs/chencao/qinminzhang/workflow/catalog_lof/run_all/data/GCST90083529_buildGRCh38_M1_001_ensg_beta_se.csv
GCST90080559	GCST90084545	/gpfs/chencao/qinminzhang/workflow/ldsc/GWAS/all/GCST90080559.txt.gz	/gpfs/chencao/qinminzhang/workflow/catalog_lof/run_all/data/GCST90084545_buildGRCh38_M1_001_ensg_beta_se.csv
MR35423	GCST90084058	/gpfs/chencao/qinminzhang/workflow/ldsc/GWAS/all/MR35423.txt.gz	/gpfs/chencao/qinminzhang/workflow/catalog_lof/run_all/data/GCST90084058_buildGRCh38_M1_001_ensg_beta_se.csv
MR40047	GCST90084118	/gpfs/chencao/qinminzhang/workflow/ldsc/GWAS/all/MR40047.txt.gz	/gpfs/chencao/qinminzhang/workflow/catalog_lof/run_all/data/GCST90084118_buildGRCh38_M1_001_ensg_beta_se.csv
GCST90081239	GCST90085225	/gpfs/chencao/qinminzhang/workflow/ldsc/GWAS/all/GCST90081239.txt.gz	/gpfs/chencao/qinminzhang/workflow/catalog_lof/run_all/data/GCST90085225_buildGRCh38_M1_001_ensg_beta_se.csv
AT207	GCST90084092	/gpfs/chencao/qinminzhang/workflow/ldsc/GWAS/all/AT207.txt.gz	/gpfs/chencao/qinminzhang/workflow/catalog_lof/run_all/data/GCST90084092_buildGRCh38_M1_001_ensg_beta_se.csv
GCST90080601	GCST90084587	/gpfs/chencao/qinminzhang/workflow/ldsc/GWAS/all/GCST90080601.txt.gz	/gpfs/chencao/qinminzhang/workflow/catalog_lof/run_all/data/GCST90084587_buildGRCh38_M1_001_ensg_beta_se.csv
GCST90080644	GCST90084630	/gpfs/chencao/qinminzhang/workflow/ldsc/GWAS/all/GCST90080644.txt.gz	/gpfs/chencao/qinminzhang/workflow/catalog_lof/run_all/data/GCST90084630_buildGRCh38_M1_001_ensg_beta_se.csv
GCST90079538	GCST90083524	/gpfs/chencao/qinminzhang/workflow/ldsc/GWAS/all/GCST90079538.txt.gz	/gpfs/chencao/qinminzhang/workflow/catalog_lof/run_all/data/GCST90083524_buildGRCh38_M1_001_ensg_beta_se.csv
PE04745	GCST90083838	/gpfs/chencao/qinminzhang/workflow/ldsc/GWAS/all/PE04745.txt.gz	/gpfs/chencao/qinminzhang/workflow/catalog_lof/run_all/data/GCST90083838_buildGRCh38_M1_001_ensg_beta_se.csv
GCST90080214	GCST90084200	/gpfs/chencao/qinminzhang/workflow/ldsc/GWAS/all/GCST90080214.txt.gz	/gpfs/chencao/qinminzhang/workflow/catalog_lof/run_all/data/GCST90084200_buildGRCh38_M1_001_ensg_beta_se.csv
GCST90080556	GCST90084542	/gpfs/chencao/qinminzhang/workflow/ldsc/GWAS/all/GCST90080556.txt.gz	/gpfs/chencao/qinminzhang/workflow/catalog_lof/run_all/data/GCST90084542_buildGRCh38_M1_001_ensg_beta_se.csv
GCST90081185	GCST90085171	/gpfs/chencao/qinminzhang/workflow/ldsc/GWAS/all/GCST90081185.txt.gz	/gpfs/chencao/qinminzhang/workflow/catalog_lof/run_all/data/GCST90085171_buildGRCh38_M1_001_ensg_beta_se.csv
MR24159	GCST90085175	/gpfs/chencao/qinminzhang/workflow/ldsc/GWAS/all/MR24159.txt.gz	/gpfs/chencao/qinminzhang/workflow/catalog_lof/run_all/data/GCST90085175_buildGRCh38_M1_001_ensg_beta_se.csv
GCST90081211	GCST90085197	/gpfs/chencao/qinminzhang/workflow/ldsc/GWAS/all/GCST90081211.txt.gz	/gpfs/chencao/qinminzhang/workflow/catalog_lof/run_all/data/GCST90085197_buildGRCh38_M1_001_ensg_beta_se.csv
GCST90079829	GCST90083815	/gpfs/chencao/qinminzhang/workflow/ldsc/GWAS/all/GCST90079829.txt.gz	/gpfs/chencao/qinminzhang/workflow/catalog_lof/run_all/data/GCST90083815_buildGRCh38_M1_001_ensg_beta_se.csv
MR12012	GCST90084053	/gpfs/chencao/qinminzhang/workflow/ldsc/GWAS/all/MR12012.txt.gz	/gpfs/chencao/qinminzhang/workflow/catalog_lof/run_all/data/GCST90084053_buildGRCh38_M1_001_ensg_beta_se.csv
GCST90080069	GCST90084055	/gpfs/chencao/qinminzhang/workflow/ldsc/GWAS/all/GCST90080069.txt.gz	/gpfs/chencao/qinminzhang/workflow/catalog_lof/run_all/data/GCST90084055_buildGRCh38_M1_001_ensg_beta_se.csv
GCST90080720	GCST90084706	/gpfs/chencao/qinminzhang/workflow/ldsc/GWAS/all/GCST90080720.txt.gz	/gpfs/chencao/qinminzhang/workflow/catalog_lof/run_all/data/GCST90084706_buildGRCh38_M1_001_ensg_beta_se.csv
GCST90081234	GCST90085220	/gpfs/chencao/qinminzhang/workflow/ldsc/GWAS/all/GCST90081234.txt.gz	/gpfs/chencao/qinminzhang/workflow/catalog_lof/run_all/data/GCST90085220_buildGRCh38_M1_001_ensg_beta_se.csv
GCST90081278	GCST90085264	/gpfs/chencao/qinminzhang/workflow/ldsc/GWAS/all/GCST90081278.txt.gz	/gpfs/chencao/qinminzhang/workflow/catalog_lof/run_all/data/GCST90085264_buildGRCh38_M1_001_ensg_beta_se.csv
GCST90080091	GCST90084077	/gpfs/chencao/qinminzhang/workflow/ldsc/GWAS/all/GCST90080091.txt.gz	/gpfs/chencao/qinminzhang/workflow/catalog_lof/run_all/data/GCST90084077_buildGRCh38_M1_001_ensg_beta_se.csv
GCST90080093	GCST90084079	/gpfs/chencao/qinminzhang/workflow/ldsc/GWAS/all/GCST90080093.txt.gz	/gpfs/chencao/qinminzhang/workflow/catalog_lof/run_all/data/GCST90084079_buildGRCh38_M1_001_ensg_beta_se.csv
AT033	GCST90084087	/gpfs/chencao/qinminzhang/workflow/ldsc/GWAS/all/AT033.txt.gz	/gpfs/chencao/qinminzhang/workflow/catalog_lof/run_all/data/GCST90084087_buildGRCh38_M1_001_ensg_beta_se.csv
MR08052	GCST90084281	/gpfs/chencao/qinminzhang/workflow/ldsc/GWAS/all/MR08052.txt.gz	/gpfs/chencao/qinminzhang/workflow/catalog_lof/run_all/data/GCST90084281_buildGRCh38_M1_001_ensg_beta_se.csv
GCST90080330	GCST90084316	/gpfs/chencao/qinminzhang/workflow/ldsc/GWAS/all/GCST90080330.txt.gz	/gpfs/chencao/qinminzhang/workflow/catalog_lof/run_all/data/GCST90084316_buildGRCh38_M1_001_ensg_beta_se.csv
GCST90080418	GCST90084404	/gpfs/chencao/qinminzhang/workflow/ldsc/GWAS/all/GCST90080418.txt.gz	/gpfs/chencao/qinminzhang/workflow/catalog_lof/run_all/data/GCST90084404_buildGRCh38_M1_001_ensg_beta_se.csv
PE05089	GCST90084674	/gpfs/chencao/qinminzhang/workflow/ldsc/GWAS/all/PE05089.txt.gz	/gpfs/chencao/qinminzhang/workflow/catalog_lof/run_all/data/GCST90084674_buildGRCh38_M1_001_ensg_beta_se.csv
PE05092	GCST90084684	/gpfs/chencao/qinminzhang/workflow/ldsc/GWAS/all/PE05092.txt.gz	/gpfs/chencao/qinminzhang/workflow/catalog_lof/run_all/data/GCST90084684_buildGRCh38_M1_001_ensg_beta_se.csv
GCST90081027	GCST90085013	/gpfs/chencao/qinminzhang/workflow/ldsc/GWAS/all/GCST90081027.txt.gz	/gpfs/chencao/qinminzhang/workflow/catalog_lof/run_all/data/GCST90085013_buildGRCh38_M1_001_ensg_beta_se.csv
GCST90081213	GCST90085199	/gpfs/chencao/qinminzhang/workflow/ldsc/GWAS/all/GCST90081213.txt.gz	/gpfs/chencao/qinminzhang/workflow/catalog_lof/run_all/data/GCST90085199_buildGRCh38_M1_001_ensg_beta_se.csv
GCST90081214	GCST90085200	/gpfs/chencao/qinminzhang/workflow/ldsc/GWAS/all/GCST90081214.txt.gz	/gpfs/chencao/qinminzhang/workflow/catalog_lof/run_all/data/GCST90085200_buildGRCh38_M1_001_ensg_beta_se.csv
GCST90081432	GCST90085418	/gpfs/chencao/qinminzhang/workflow/ldsc/GWAS/all/GCST90081432.txt.gz	/gpfs/chencao/qinminzhang/workflow/catalog_lof/run_all/data/GCST90085418_buildGRCh38_M1_001_ensg_beta_se.csv
GCST90079938	GCST90083924	/gpfs/chencao/qinminzhang/workflow/ldsc/GWAS/all/GCST90079938.txt.gz	/gpfs/chencao/qinminzhang/workflow/catalog_lof/run_all/data/GCST90083924_buildGRCh38_M1_001_ensg_beta_se.csv
GCST90080008	GCST90083994	/gpfs/chencao/qinminzhang/workflow/ldsc/GWAS/all/GCST90080008.txt.gz	/gpfs/chencao/qinminzhang/workflow/catalog_lof/run_all/data/GCST90083994_buildGRCh38_M1_001_ensg_beta_se.csv
PE04874	GCST90084080	/gpfs/chencao/qinminzhang/workflow/ldsc/GWAS/all/PE04874.txt.gz	/gpfs/chencao/qinminzhang/workflow/catalog_lof/run_all/data/GCST90084080_buildGRCh38_M1_001_ensg_beta_se.csv
AT372	GCST90084143	/gpfs/chencao/qinminzhang/workflow/ldsc/GWAS/all/AT372.txt.gz	/gpfs/chencao/qinminzhang/workflow/catalog_lof/run_all/data/GCST90084143_buildGRCh38_M1_001_ensg_beta_se.csv
MR18367	GCST90084228	/gpfs/chencao/qinminzhang/workflow/ldsc/GWAS/all/MR18367.txt.gz	/gpfs/chencao/qinminzhang/workflow/catalog_lof/run_all/data/GCST90084228_buildGRCh38_M1_001_ensg_beta_se.csv
GCST90080619	GCST90084605	/gpfs/chencao/qinminzhang/workflow/ldsc/GWAS/all/GCST90080619.txt.gz	/gpfs/chencao/qinminzhang/workflow/catalog_lof/run_all/data/GCST90084605_buildGRCh38_M1_001_ensg_beta_se.csv
PE05176	GCST90084850	/gpfs/chencao/qinminzhang/workflow/ldsc/GWAS/all/PE05176.txt.gz	/gpfs/chencao/qinminzhang/workflow/catalog_lof/run_all/data/GCST90084850_buildGRCh38_M1_001_ensg_beta_se.csv
GCST90081188	GCST90085174	/gpfs/chencao/qinminzhang/workflow/ldsc/GWAS/all/GCST90081188.txt.gz	/gpfs/chencao/qinminzhang/workflow/catalog_lof/run_all/data/GCST90085174_buildGRCh38_M1_001_ensg_beta_se.csv
GCST90081238	GCST90085224	/gpfs/chencao/qinminzhang/workflow/ldsc/GWAS/all/GCST90081238.txt.gz	/gpfs/chencao/qinminzhang/workflow/catalog_lof/run_all/data/GCST90085224_buildGRCh38_M1_001_ensg_beta_se.csv
GCST90081240	GCST90085226	/gpfs/chencao/qinminzhang/workflow/ldsc/GWAS/all/GCST90081240.txt.gz	/gpfs/chencao/qinminzhang/workflow/catalog_lof/run_all/data/GCST90085226_buildGRCh38_M1_001_ensg_beta_se.csv
GCST90081271	GCST90085257	/gpfs/chencao/qinminzhang/workflow/ldsc/GWAS/all/GCST90081271.txt.gz	/gpfs/chencao/qinminzhang/workflow/catalog_lof/run_all/data/GCST90085257_buildGRCh38_M1_001_ensg_beta_se.csv
GCST90081281	GCST90085267	/gpfs/chencao/qinminzhang/workflow/ldsc/GWAS/all/GCST90081281.txt.gz	/gpfs/chencao/qinminzhang/workflow/catalog_lof/run_all/data/GCST90085267_buildGRCh38_M1_001_ensg_beta_se.csv
AT001	GCST90083804	/gpfs/chencao/qinminzhang/workflow/ldsc/GWAS/all/AT001.txt.gz	/gpfs/chencao/qinminzhang/workflow/catalog_lof/run_all/data/GCST90083804_buildGRCh38_M1_001_ensg_beta_se.csv
GCST90079860	GCST90083846	/gpfs/chencao/qinminzhang/workflow/ldsc/GWAS/all/GCST90079860.txt.gz	/gpfs/chencao/qinminzhang/workflow/catalog_lof/run_all/data/GCST90083846_buildGRCh38_M1_001_ensg_beta_se.csv
AT417	GCST90084119	/gpfs/chencao/qinminzhang/workflow/ldsc/GWAS/all/AT417.txt.gz	/gpfs/chencao/qinminzhang/workflow/catalog_lof/run_all/data/GCST90084119_buildGRCh38_M1_001_ensg_beta_se.csv
GCST90081034	GCST90085020	/gpfs/chencao/qinminzhang/workflow/ldsc/GWAS/all/GCST90081034.txt.gz	/gpfs/chencao/qinminzhang/workflow/catalog_lof/run_all/data/GCST90085020_buildGRCh38_M1_001_ensg_beta_se.csv
GCST90081076	GCST90085062	/gpfs/chencao/qinminzhang/workflow/ldsc/GWAS/all/GCST90081076.txt.gz	/gpfs/chencao/qinminzhang/workflow/catalog_lof/run_all/data/GCST90085062_buildGRCh38_M1_001_ensg_beta_se.csv
GCST90081181	GCST90085167	/gpfs/chencao/qinminzhang/workflow/ldsc/GWAS/all/GCST90081181.txt.gz	/gpfs/chencao/qinminzhang/workflow/catalog_lof/run_all/data/GCST90085167_buildGRCh38_M1_001_ensg_beta_se.csv
GCST90079537	GCST90083523	/gpfs/chencao/qinminzhang/workflow/ldsc/GWAS/all/GCST90079537.txt.gz	/gpfs/chencao/qinminzhang/workflow/catalog_lof/run_all/data/GCST90083523_buildGRCh38_M1_001_ensg_beta_se.csv
GCST90079981	GCST90083967	/gpfs/chencao/qinminzhang/workflow/ldsc/GWAS/all/GCST90079981.txt.gz	/gpfs/chencao/qinminzhang/workflow/catalog_lof/run_all/data/GCST90083967_buildGRCh38_M1_001_ensg_beta_se.csv
GCST90080277	GCST90084263	/gpfs/chencao/qinminzhang/workflow/ldsc/GWAS/all/GCST90080277.txt.gz	/gpfs/chencao/qinminzhang/workflow/catalog_lof/run_all/data/GCST90084263_buildGRCh38_M1_001_ensg_beta_se.csv
GCST90080600	GCST90084586	/gpfs/chencao/qinminzhang/workflow/ldsc/GWAS/all/GCST90080600.txt.gz	/gpfs/chencao/qinminzhang/workflow/catalog_lof/run_all/data/GCST90084586_buildGRCh38_M1_001_ensg_beta_se.csv
GCST90081217	GCST90085203	/gpfs/chencao/qinminzhang/workflow/ldsc/GWAS/all/GCST90081217.txt.gz	/gpfs/chencao/qinminzhang/workflow/catalog_lof/run_all/data/GCST90085203_buildGRCh38_M1_001_ensg_beta_se.csv
GCST90079780	GCST90083766	/gpfs/chencao/qinminzhang/workflow/ldsc/GWAS/all/GCST90079780.txt.gz	/gpfs/chencao/qinminzhang/workflow/catalog_lof/run_all/data/GCST90083766_buildGRCh38_M1_001_ensg_beta_se.csv
AT175	GCST90083903	/gpfs/chencao/qinminzhang/workflow/ldsc/GWAS/all/AT175.txt.gz	/gpfs/chencao/qinminzhang/workflow/catalog_lof/run_all/data/GCST90083903_buildGRCh38_M1_001_ensg_beta_se.csv
AT561	GCST90083932	/gpfs/chencao/qinminzhang/workflow/ldsc/GWAS/all/AT561.txt.gz	/gpfs/chencao/qinminzhang/workflow/catalog_lof/run_all/data/GCST90083932_buildGRCh38_M1_001_ensg_beta_se.csv
GCST90080047	GCST90084033	/gpfs/chencao/qinminzhang/workflow/ldsc/GWAS/all/GCST90080047.txt.gz	/gpfs/chencao/qinminzhang/workflow/catalog_lof/run_all/data/GCST90084033_buildGRCh38_M1_001_ensg_beta_se.csv
AT375	GCST90084134	/gpfs/chencao/qinminzhang/workflow/ldsc/GWAS/all/AT375.txt.gz	/gpfs/chencao/qinminzhang/workflow/catalog_lof/run_all/data/GCST90084134_buildGRCh38_M1_001_ensg_beta_se.csv
GCST90080251	GCST90084237	/gpfs/chencao/qinminzhang/workflow/ldsc/GWAS/all/GCST90080251.txt.gz	/gpfs/chencao/qinminzhang/workflow/catalog_lof/run_all/data/GCST90084237_buildGRCh38_M1_001_ensg_beta_se.csv
GCST90080414	GCST90084400	/gpfs/chencao/qinminzhang/workflow/ldsc/GWAS/all/GCST90080414.txt.gz	/gpfs/chencao/qinminzhang/workflow/catalog_lof/run_all/data/GCST90084400_buildGRCh38_M1_001_ensg_beta_se.csv
GCST90080492	GCST90084478	/gpfs/chencao/qinminzhang/workflow/ldsc/GWAS/all/GCST90080492.txt.gz	/gpfs/chencao/qinminzhang/workflow/catalog_lof/run_all/data/GCST90084478_buildGRCh38_M1_001_ensg_beta_se.csv
PE05074	GCST90084631	/gpfs/chencao/qinminzhang/workflow/ldsc/GWAS/all/PE05074.txt.gz	/gpfs/chencao/qinminzhang/workflow/catalog_lof/run_all/data/GCST90084631_buildGRCh38_M1_001_ensg_beta_se.csv
PE05086	GCST90084665	/gpfs/chencao/qinminzhang/workflow/ldsc/GWAS/all/PE05086.txt.gz	/gpfs/chencao/qinminzhang/workflow/catalog_lof/run_all/data/GCST90084665_buildGRCh38_M1_001_ensg_beta_se.csv
PE05128	GCST90084734	/gpfs/chencao/qinminzhang/workflow/ldsc/GWAS/all/PE05128.txt.gz	/gpfs/chencao/qinminzhang/workflow/catalog_lof/run_all/data/GCST90084734_buildGRCh38_M1_001_ensg_beta_se.csv
GCST90081229	GCST90085215	/gpfs/chencao/qinminzhang/workflow/ldsc/GWAS/all/GCST90081229.txt.gz	/gpfs/chencao/qinminzhang/workflow/catalog_lof/run_all/data/GCST90085215_buildGRCh38_M1_001_ensg_beta_se.csv
GCST90081100	GCST90085086	/gpfs/chencao/qinminzhang/workflow/ldsc/GWAS/all/GCST90081100.txt.gz	/gpfs/chencao/qinminzhang/workflow/catalog_lof/run_all/data/GCST90085086_buildGRCh38_M1_001_ensg_beta_se.csv
GCST90079660	GCST90083646	/gpfs/chencao/qinminzhang/workflow/ldsc/GWAS/all/GCST90079660.txt.gz	/gpfs/chencao/qinminzhang/workflow/catalog_lof/run_all/data/GCST90083646_buildGRCh38_M1_001_ensg_beta_se.csv
GCST90079715	GCST90083701	/gpfs/chencao/qinminzhang/workflow/ldsc/GWAS/all/GCST90079715.txt.gz	/gpfs/chencao/qinminzhang/workflow/catalog_lof/run_all/data/GCST90083701_buildGRCh38_M1_001_ensg_beta_se.csv
GCST90079804	GCST90083790	/gpfs/chencao/qinminzhang/workflow/ldsc/GWAS/all/GCST90079804.txt.gz	/gpfs/chencao/qinminzhang/workflow/catalog_lof/run_all/data/GCST90083790_buildGRCh38_M1_001_ensg_beta_se.csv
AT357	GCST90083921	/gpfs/chencao/qinminzhang/workflow/ldsc/GWAS/all/AT357.txt.gz	/gpfs/chencao/qinminzhang/workflow/catalog_lof/run_all/data/GCST90083921_buildGRCh38_M1_001_ensg_beta_se.csv
GCST90079976	GCST90083962	/gpfs/chencao/qinminzhang/workflow/ldsc/GWAS/all/GCST90079976.txt.gz	/gpfs/chencao/qinminzhang/workflow/catalog_lof/run_all/data/GCST90083962_buildGRCh38_M1_001_ensg_beta_se.csv
PE04947	GCST90084270	/gpfs/chencao/qinminzhang/workflow/ldsc/GWAS/all/PE04947.txt.gz	/gpfs/chencao/qinminzhang/workflow/catalog_lof/run_all/data/GCST90084270_buildGRCh38_M1_001_ensg_beta_se.csv
AT464	GCST90084312	/gpfs/chencao/qinminzhang/workflow/ldsc/GWAS/all/AT464.txt.gz	/gpfs/chencao/qinminzhang/workflow/catalog_lof/run_all/data/GCST90084312_buildGRCh38_M1_001_ensg_beta_se.csv
GCST90080410	GCST90084396	/gpfs/chencao/qinminzhang/workflow/ldsc/GWAS/all/GCST90080410.txt.gz	/gpfs/chencao/qinminzhang/workflow/catalog_lof/run_all/data/GCST90084396_buildGRCh38_M1_001_ensg_beta_se.csv
GCST90080413	GCST90084399	/gpfs/chencao/qinminzhang/workflow/ldsc/GWAS/all/GCST90080413.txt.gz	/gpfs/chencao/qinminzhang/workflow/catalog_lof/run_all/data/GCST90084399_buildGRCh38_M1_001_ensg_beta_se.csv
GCST90080538	GCST90084524	/gpfs/chencao/qinminzhang/workflow/ldsc/GWAS/all/GCST90080538.txt.gz	/gpfs/chencao/qinminzhang/workflow/catalog_lof/run_all/data/GCST90084524_buildGRCh38_M1_001_ensg_beta_se.csv
GCST90080696	GCST90084682	/gpfs/chencao/qinminzhang/workflow/ldsc/GWAS/all/GCST90080696.txt.gz	/gpfs/chencao/qinminzhang/workflow/catalog_lof/run_all/data/GCST90084682_buildGRCh38_M1_001_ensg_beta_se.csv
PE05152	GCST90084742	/gpfs/chencao/qinminzhang/workflow/ldsc/GWAS/all/PE05152.txt.gz	/gpfs/chencao/qinminzhang/workflow/catalog_lof/run_all/data/GCST90084742_buildGRCh38_M1_001_ensg_beta_se.csv
GCST90080974	GCST90084960	/gpfs/chencao/qinminzhang/workflow/ldsc/GWAS/all/GCST90080974.txt.gz	/gpfs/chencao/qinminzhang/workflow/catalog_lof/run_all/data/GCST90084960_buildGRCh38_M1_001_ensg_beta_se.csv
GCST90080978	GCST90084964	/gpfs/chencao/qinminzhang/workflow/ldsc/GWAS/all/GCST90080978.txt.gz	/gpfs/chencao/qinminzhang/workflow/catalog_lof/run_all/data/GCST90084964_buildGRCh38_M1_001_ensg_beta_se.csv
PE05282	GCST90085052	/gpfs/chencao/qinminzhang/workflow/ldsc/GWAS/all/PE05282.txt.gz	/gpfs/chencao/qinminzhang/workflow/catalog_lof/run_all/data/GCST90085052_buildGRCh38_M1_001_ensg_beta_se.csv
GCST90081385	GCST90085371	/gpfs/chencao/qinminzhang/workflow/ldsc/GWAS/all/GCST90081385.txt.gz	/gpfs/chencao/qinminzhang/workflow/catalog_lof/run_all/data/GCST90085371_buildGRCh38_M1_001_ensg_beta_se.csv
MR41163	GCST90085421	/gpfs/chencao/qinminzhang/workflow/ldsc/GWAS/all/MR41163.txt.gz	/gpfs/chencao/qinminzhang/workflow/catalog_lof/run_all/data/GCST90085421_buildGRCh38_M1_001_ensg_beta_se.csv
AT229	GCST90083533	/gpfs/chencao/qinminzhang/workflow/ldsc/GWAS/all/AT229.txt.gz	/gpfs/chencao/qinminzhang/workflow/catalog_lof/run_all/data/GCST90083533_buildGRCh38_M1_001_ensg_beta_se.csv
GCST90080303	GCST90084289	/gpfs/chencao/qinminzhang/workflow/ldsc/GWAS/all/GCST90080303.txt.gz	/gpfs/chencao/qinminzhang/workflow/catalog_lof/run_all/data/GCST90084289_buildGRCh38_M1_001_ensg_beta_se.csv
GCST90080409	GCST90084395	/gpfs/chencao/qinminzhang/workflow/ldsc/GWAS/all/GCST90080409.txt.gz	/gpfs/chencao/qinminzhang/workflow/catalog_lof/run_all/data/GCST90084395_buildGRCh38_M1_001_ensg_beta_se.csv
GCST90080966	GCST90084952	/gpfs/chencao/qinminzhang/workflow/ldsc/GWAS/all/GCST90080966.txt.gz	/gpfs/chencao/qinminzhang/workflow/catalog_lof/run_all/data/GCST90084952_buildGRCh38_M1_001_ensg_beta_se.csv
GCST90081041	GCST90085027	/gpfs/chencao/qinminzhang/workflow/ldsc/GWAS/all/GCST90081041.txt.gz	/gpfs/chencao/qinminzhang/workflow/catalog_lof/run_all/data/GCST90085027_buildGRCh38_M1_001_ensg_beta_se.csv
GCST90081247	GCST90085233	/gpfs/chencao/qinminzhang/workflow/ldsc/GWAS/all/GCST90081247.txt.gz	/gpfs/chencao/qinminzhang/workflow/catalog_lof/run_all/data/GCST90085233_buildGRCh38_M1_001_ensg_beta_se.csv
GCST90081285	GCST90085271	/gpfs/chencao/qinminzhang/workflow/ldsc/GWAS/all/GCST90081285.txt.gz	/gpfs/chencao/qinminzhang/workflow/catalog_lof/run_all/data/GCST90085271_buildGRCh38_M1_001_ensg_beta_se.csv
GCST90081384	GCST90085370	/gpfs/chencao/qinminzhang/workflow/ldsc/GWAS/all/GCST90081384.txt.gz	/gpfs/chencao/qinminzhang/workflow/catalog_lof/run_all/data/GCST90085370_buildGRCh38_M1_001_ensg_beta_se.csv
GCST90079622	GCST90083608	/gpfs/chencao/qinminzhang/workflow/ldsc/GWAS/all/GCST90079622.txt.gz	/gpfs/chencao/qinminzhang/workflow/catalog_lof/run_all/data/GCST90083608_buildGRCh38_M1_001_ensg_beta_se.csv
GCST90080250	GCST90084236	/gpfs/chencao/qinminzhang/workflow/ldsc/GWAS/all/GCST90080250.txt.gz	/gpfs/chencao/qinminzhang/workflow/catalog_lof/run_all/data/GCST90084236_buildGRCh38_M1_001_ensg_beta_se.csv
GCST90080420	GCST90084406	/gpfs/chencao/qinminzhang/workflow/ldsc/GWAS/all/GCST90080420.txt.gz	/gpfs/chencao/qinminzhang/workflow/catalog_lof/run_all/data/GCST90084406_buildGRCh38_M1_001_ensg_beta_se.csv
GCST90080491	GCST90084477	/gpfs/chencao/qinminzhang/workflow/ldsc/GWAS/all/GCST90080491.txt.gz	/gpfs/chencao/qinminzhang/workflow/catalog_lof/run_all/data/GCST90084477_buildGRCh38_M1_001_ensg_beta_se.csv
GCST90080615	GCST90084601	/gpfs/chencao/qinminzhang/workflow/ldsc/GWAS/all/GCST90080615.txt.gz	/gpfs/chencao/qinminzhang/workflow/catalog_lof/run_all/data/GCST90084601_buildGRCh38_M1_001_ensg_beta_se.csv
GCST90080759	GCST90084745	/gpfs/chencao/qinminzhang/workflow/ldsc/GWAS/all/GCST90080759.txt.gz	/gpfs/chencao/qinminzhang/workflow/catalog_lof/run_all/data/GCST90084745_buildGRCh38_M1_001_ensg_beta_se.csv
PE05429	GCST90085285	/gpfs/chencao/qinminzhang/workflow/ldsc/GWAS/all/PE05429.txt.gz	/gpfs/chencao/qinminzhang/workflow/catalog_lof/run_all/data/GCST90085285_buildGRCh38_M1_001_ensg_beta_se.csv
PE05442	GCST90085340	/gpfs/chencao/qinminzhang/workflow/ldsc/GWAS/all/PE05442.txt.gz	/gpfs/chencao/qinminzhang/workflow/catalog_lof/run_all/data/GCST90085340_buildGRCh38_M1_001_ensg_beta_se.csv
MR00652	GCST90085406	/gpfs/chencao/qinminzhang/workflow/ldsc/GWAS/all/MR00652.txt.gz	/gpfs/chencao/qinminzhang/workflow/catalog_lof/run_all/data/GCST90085406_buildGRCh38_M1_001_ensg_beta_se.csv
GCST90079558	GCST90083544	/gpfs/chencao/qinminzhang/workflow/ldsc/GWAS/all/GCST90079558.txt.gz	/gpfs/chencao/qinminzhang/workflow/catalog_lof/run_all/data/GCST90083544_buildGRCh38_M1_001_ensg_beta_se.csv
PE04677	GCST90083747	/gpfs/chencao/qinminzhang/workflow/ldsc/GWAS/all/PE04677.txt.gz	/gpfs/chencao/qinminzhang/workflow/catalog_lof/run_all/data/GCST90083747_buildGRCh38_M1_001_ensg_beta_se.csv
GCST90080193	GCST90084179	/gpfs/chencao/qinminzhang/workflow/ldsc/GWAS/all/GCST90080193.txt.gz	/gpfs/chencao/qinminzhang/workflow/catalog_lof/run_all/data/GCST90084179_buildGRCh38_M1_001_ensg_beta_se.csv
GCST90080272	GCST90084258	/gpfs/chencao/qinminzhang/workflow/ldsc/GWAS/all/GCST90080272.txt.gz	/gpfs/chencao/qinminzhang/workflow/catalog_lof/run_all/data/GCST90084258_buildGRCh38_M1_001_ensg_beta_se.csv
GCST90080419	GCST90084405	/gpfs/chencao/qinminzhang/workflow/ldsc/GWAS/all/GCST90080419.txt.gz	/gpfs/chencao/qinminzhang/workflow/catalog_lof/run_all/data/GCST90084405_buildGRCh38_M1_001_ensg_beta_se.csv
GCST90080552	GCST90084538	/gpfs/chencao/qinminzhang/workflow/ldsc/GWAS/all/GCST90080552.txt.gz	/gpfs/chencao/qinminzhang/workflow/catalog_lof/run_all/data/GCST90084538_buildGRCh38_M1_001_ensg_beta_se.csv
GCST90080553	GCST90084539	/gpfs/chencao/qinminzhang/workflow/ldsc/GWAS/all/GCST90080553.txt.gz	/gpfs/chencao/qinminzhang/workflow/catalog_lof/run_all/data/GCST90084539_buildGRCh38_M1_001_ensg_beta_se.csv
GCST90080621	GCST90084607	/gpfs/chencao/qinminzhang/workflow/ldsc/GWAS/all/GCST90080621.txt.gz	/gpfs/chencao/qinminzhang/workflow/catalog_lof/run_all/data/GCST90084607_buildGRCh38_M1_001_ensg_beta_se.csv
GCST90080673	GCST90084659	/gpfs/chencao/qinminzhang/workflow/ldsc/GWAS/all/GCST90080673.txt.gz	/gpfs/chencao/qinminzhang/workflow/catalog_lof/run_all/data/GCST90084659_buildGRCh38_M1_001_ensg_beta_se.csv
PE05096	GCST90084690	/gpfs/chencao/qinminzhang/workflow/ldsc/GWAS/all/PE05096.txt.gz	/gpfs/chencao/qinminzhang/workflow/catalog_lof/run_all/data/GCST90084690_buildGRCh38_M1_001_ensg_beta_se.csv
GCST90080956	GCST90084942	/gpfs/chencao/qinminzhang/workflow/ldsc/GWAS/all/GCST90080956.txt.gz	/gpfs/chencao/qinminzhang/workflow/catalog_lof/run_all/data/GCST90084942_buildGRCh38_M1_001_ensg_beta_se.csv
PE05426	GCST90085283	/gpfs/chencao/qinminzhang/workflow/ldsc/GWAS/all/PE05426.txt.gz	/gpfs/chencao/qinminzhang/workflow/catalog_lof/run_all/data/GCST90085283_buildGRCh38_M1_001_ensg_beta_se.csv
PE05449	GCST90085397	/gpfs/chencao/qinminzhang/workflow/ldsc/GWAS/all/PE05449.txt.gz	/gpfs/chencao/qinminzhang/workflow/catalog_lof/run_all/data/GCST90085397_buildGRCh38_M1_001_ensg_beta_se.csv
GCST90081428	GCST90085414	/gpfs/chencao/qinminzhang/workflow/ldsc/GWAS/all/GCST90081428.txt.gz	/gpfs/chencao/qinminzhang/workflow/catalog_lof/run_all/data/GCST90085414_buildGRCh38_M1_001_ensg_beta_se.csv
PE05453	GCST90085416	/gpfs/chencao/qinminzhang/workflow/ldsc/GWAS/all/PE05453.txt.gz	/gpfs/chencao/qinminzhang/workflow/catalog_lof/run_all/data/GCST90085416_buildGRCh38_M1_001_ensg_beta_se.csv
GCST90079621	GCST90083607	/gpfs/chencao/qinminzhang/workflow/ldsc/GWAS/all/GCST90079621.txt.gz	/gpfs/chencao/qinminzhang/workflow/catalog_lof/run_all/data/GCST90083607_buildGRCh38_M1_001_ensg_beta_se.csv
GCST90079659	GCST90083645	/gpfs/chencao/qinminzhang/workflow/ldsc/GWAS/all/GCST90079659.txt.gz	/gpfs/chencao/qinminzhang/workflow/catalog_lof/run_all/data/GCST90083645_buildGRCh38_M1_001_ensg_beta_se.csv
GCST90079671	GCST90083657	/gpfs/chencao/qinminzhang/workflow/ldsc/GWAS/all/GCST90079671.txt.gz	/gpfs/chencao/qinminzhang/workflow/catalog_lof/run_all/data/GCST90083657_buildGRCh38_M1_001_ensg_beta_se.csv
PE04800	GCST90083926	/gpfs/chencao/qinminzhang/workflow/ldsc/GWAS/all/PE04800.txt.gz	/gpfs/chencao/qinminzhang/workflow/catalog_lof/run_all/data/GCST90083926_buildGRCh38_M1_001_ensg_beta_se.csv
GCST90080004	GCST90083990	/gpfs/chencao/qinminzhang/workflow/ldsc/GWAS/all/GCST90080004.txt.gz	/gpfs/chencao/qinminzhang/workflow/catalog_lof/run_all/data/GCST90083990_buildGRCh38_M1_001_ensg_beta_se.csv
PE04856	GCST90084049	/gpfs/chencao/qinminzhang/workflow/ldsc/GWAS/all/PE04856.txt.gz	/gpfs/chencao/qinminzhang/workflow/catalog_lof/run_all/data/GCST90084049_buildGRCh38_M1_001_ensg_beta_se.csv
GCST90080312	GCST90084298	/gpfs/chencao/qinminzhang/workflow/ldsc/GWAS/all/GCST90080312.txt.gz	/gpfs/chencao/qinminzhang/workflow/catalog_lof/run_all/data/GCST90084298_buildGRCh38_M1_001_ensg_beta_se.csv
MR27680	GCST90084591	/gpfs/chencao/qinminzhang/workflow/ldsc/GWAS/all/MR27680.txt.gz	/gpfs/chencao/qinminzhang/workflow/catalog_lof/run_all/data/GCST90084591_buildGRCh38_M1_001_ensg_beta_se.csv
AT605	GCST90084629	/gpfs/chencao/qinminzhang/workflow/ldsc/GWAS/all/AT605.txt.gz	/gpfs/chencao/qinminzhang/workflow/catalog_lof/run_all/data/GCST90084629_buildGRCh38_M1_001_ensg_beta_se.csv
MR18091	GCST90084775	/gpfs/chencao/qinminzhang/workflow/ldsc/GWAS/all/MR18091.txt.gz	/gpfs/chencao/qinminzhang/workflow/catalog_lof/run_all/data/GCST90084775_buildGRCh38_M1_001_ensg_beta_se.csv
GCST90080816	GCST90084802	/gpfs/chencao/qinminzhang/workflow/ldsc/GWAS/all/GCST90080816.txt.gz	/gpfs/chencao/qinminzhang/workflow/catalog_lof/run_all/data/GCST90084802_buildGRCh38_M1_001_ensg_beta_se.csv
GCST90080937	GCST90084923	/gpfs/chencao/qinminzhang/workflow/ldsc/GWAS/all/GCST90080937.txt.gz	/gpfs/chencao/qinminzhang/workflow/catalog_lof/run_all/data/GCST90084923_buildGRCh38_M1_001_ensg_beta_se.csv
GCST90081259	GCST90085245	/gpfs/chencao/qinminzhang/workflow/ldsc/GWAS/all/GCST90081259.txt.gz	/gpfs/chencao/qinminzhang/workflow/catalog_lof/run_all/data/GCST90085245_buildGRCh38_M1_001_ensg_beta_se.csv
GCST90081294	GCST90085280	/gpfs/chencao/qinminzhang/workflow/ldsc/GWAS/all/GCST90081294.txt.gz	/gpfs/chencao/qinminzhang/workflow/catalog_lof/run_all/data/GCST90085280_buildGRCh38_M1_001_ensg_beta_se.csv
GCST90081295	GCST90085281	/gpfs/chencao/qinminzhang/workflow/ldsc/GWAS/all/GCST90081295.txt.gz	/gpfs/chencao/qinminzhang/workflow/catalog_lof/run_all/data/GCST90085281_buildGRCh38_M1_001_ensg_beta_se.csv
PE05451	GCST90085404	/gpfs/chencao/qinminzhang/workflow/ldsc/GWAS/all/PE05451.txt.gz	/gpfs/chencao/qinminzhang/workflow/catalog_lof/run_all/data/GCST90085404_buildGRCh38_M1_001_ensg_beta_se.csv
AT201	GCST90083538	/gpfs/chencao/qinminzhang/workflow/ldsc/GWAS/all/AT201.txt.gz	/gpfs/chencao/qinminzhang/workflow/catalog_lof/run_all/data/GCST90083538_buildGRCh38_M1_001_ensg_beta_se.csv
GCST90079656	GCST90083642	/gpfs/chencao/qinminzhang/workflow/ldsc/GWAS/all/GCST90079656.txt.gz	/gpfs/chencao/qinminzhang/workflow/catalog_lof/run_all/data/GCST90083642_buildGRCh38_M1_001_ensg_beta_se.csv
GCST90079657	GCST90083643	/gpfs/chencao/qinminzhang/workflow/ldsc/GWAS/all/GCST90079657.txt.gz	/gpfs/chencao/qinminzhang/workflow/catalog_lof/run_all/data/GCST90083643_buildGRCh38_M1_001_ensg_beta_se.csv
MR16806	GCST90083858	/gpfs/chencao/qinminzhang/workflow/ldsc/GWAS/all/MR16806.txt.gz	/gpfs/chencao/qinminzhang/workflow/catalog_lof/run_all/data/GCST90083858_buildGRCh38_M1_001_ensg_beta_se.csv
GCST90079977	GCST90083963	/gpfs/chencao/qinminzhang/workflow/ldsc/GWAS/all/GCST90079977.txt.gz	/gpfs/chencao/qinminzhang/workflow/catalog_lof/run_all/data/GCST90083963_buildGRCh38_M1_001_ensg_beta_se.csv
AT620	GCST90084052	/gpfs/chencao/qinminzhang/workflow/ldsc/GWAS/all/AT620.txt.gz	/gpfs/chencao/qinminzhang/workflow/catalog_lof/run_all/data/GCST90084052_buildGRCh38_M1_001_ensg_beta_se.csv
GCST90080445	GCST90084431	/gpfs/chencao/qinminzhang/workflow/ldsc/GWAS/all/GCST90080445.txt.gz	/gpfs/chencao/qinminzhang/workflow/catalog_lof/run_all/data/GCST90084431_buildGRCh38_M1_001_ensg_beta_se.csv
GCST90080446	GCST90084432	/gpfs/chencao/qinminzhang/workflow/ldsc/GWAS/all/GCST90080446.txt.gz	/gpfs/chencao/qinminzhang/workflow/catalog_lof/run_all/data/GCST90084432_buildGRCh38_M1_001_ensg_beta_se.csv
GCST90080514	GCST90084500	/gpfs/chencao/qinminzhang/workflow/ldsc/GWAS/all/GCST90080514.txt.gz	/gpfs/chencao/qinminzhang/workflow/catalog_lof/run_all/data/GCST90084500_buildGRCh38_M1_001_ensg_beta_se.csv
MR17429	GCST90084647	/gpfs/chencao/qinminzhang/workflow/ldsc/GWAS/all/MR17429.txt.gz	/gpfs/chencao/qinminzhang/workflow/catalog_lof/run_all/data/GCST90084647_buildGRCh38_M1_001_ensg_beta_se.csv
PE05088	GCST90084669	/gpfs/chencao/qinminzhang/workflow/ldsc/GWAS/all/PE05088.txt.gz	/gpfs/chencao/qinminzhang/workflow/catalog_lof/run_all/data/GCST90084669_buildGRCh38_M1_001_ensg_beta_se.csv
GCST90080866	GCST90084852	/gpfs/chencao/qinminzhang/workflow/ldsc/GWAS/all/GCST90080866.txt.gz	/gpfs/chencao/qinminzhang/workflow/catalog_lof/run_all/data/GCST90084852_buildGRCh38_M1_001_ensg_beta_se.csv
GCST90080971	GCST90084957	/gpfs/chencao/qinminzhang/workflow/ldsc/GWAS/all/GCST90080971.txt.gz	/gpfs/chencao/qinminzhang/workflow/catalog_lof/run_all/data/GCST90084957_buildGRCh38_M1_001_ensg_beta_se.csv
GCST90081313	GCST90085299	/gpfs/chencao/qinminzhang/workflow/ldsc/GWAS/all/GCST90081313.txt.gz	/gpfs/chencao/qinminzhang/workflow/catalog_lof/run_all/data/GCST90085299_buildGRCh38_M1_001_ensg_beta_se.csv
GCST90081314	GCST90085300	/gpfs/chencao/qinminzhang/workflow/ldsc/GWAS/all/GCST90081314.txt.gz	/gpfs/chencao/qinminzhang/workflow/catalog_lof/run_all/data/GCST90085300_buildGRCh38_M1_001_ensg_beta_se.csv
GCST90081340	GCST90085326	/gpfs/chencao/qinminzhang/workflow/ldsc/GWAS/all/GCST90081340.txt.gz	/gpfs/chencao/qinminzhang/workflow/catalog_lof/run_all/data/GCST90085326_buildGRCh38_M1_001_ensg_beta_se.csv
GCST90081433	GCST90085419	/gpfs/chencao/qinminzhang/workflow/ldsc/GWAS/all/GCST90081433.txt.gz	/gpfs/chencao/qinminzhang/workflow/catalog_lof/run_all/data/GCST90085419_buildGRCh38_M1_001_ensg_beta_se.csv
PE04581	GCST90083594	/gpfs/chencao/qinminzhang/workflow/ldsc/GWAS/all/PE04581.txt.gz	/gpfs/chencao/qinminzhang/workflow/catalog_lof/run_all/data/GCST90083594_buildGRCh38_M1_001_ensg_beta_se.csv
GCST90079655	GCST90083641	/gpfs/chencao/qinminzhang/workflow/ldsc/GWAS/all/GCST90079655.txt.gz	/gpfs/chencao/qinminzhang/workflow/catalog_lof/run_all/data/GCST90083641_buildGRCh38_M1_001_ensg_beta_se.csv
GCST90079868	GCST90083854	/gpfs/chencao/qinminzhang/workflow/ldsc/GWAS/all/GCST90079868.txt.gz	/gpfs/chencao/qinminzhang/workflow/catalog_lof/run_all/data/GCST90083854_buildGRCh38_M1_001_ensg_beta_se.csv
GCST90079951	GCST90083937	/gpfs/chencao/qinminzhang/workflow/ldsc/GWAS/all/GCST90079951.txt.gz	/gpfs/chencao/qinminzhang/workflow/catalog_lof/run_all/data/GCST90083937_buildGRCh38_M1_001_ensg_beta_se.csv
AT487	GCST90084218	/gpfs/chencao/qinminzhang/workflow/ldsc/GWAS/all/AT487.txt.gz	/gpfs/chencao/qinminzhang/workflow/catalog_lof/run_all/data/GCST90084218_buildGRCh38_M1_001_ensg_beta_se.csv
AT610	GCST90084308	/gpfs/chencao/qinminzhang/workflow/ldsc/GWAS/all/AT610.txt.gz	/gpfs/chencao/qinminzhang/workflow/catalog_lof/run_all/data/GCST90084308_buildGRCh38_M1_001_ensg_beta_se.csv
GCST90080630	GCST90084616	/gpfs/chencao/qinminzhang/workflow/ldsc/GWAS/all/GCST90080630.txt.gz	/gpfs/chencao/qinminzhang/workflow/catalog_lof/run_all/data/GCST90084616_buildGRCh38_M1_001_ensg_beta_se.csv
PE05165	GCST90084816	/gpfs/chencao/qinminzhang/workflow/ldsc/GWAS/all/PE05165.txt.gz	/gpfs/chencao/qinminzhang/workflow/catalog_lof/run_all/data/GCST90084816_buildGRCh38_M1_001_ensg_beta_se.csv
PE05295	GCST90085076	/gpfs/chencao/qinminzhang/workflow/ldsc/GWAS/all/PE05295.txt.gz	/gpfs/chencao/qinminzhang/workflow/catalog_lof/run_all/data/GCST90085076_buildGRCh38_M1_001_ensg_beta_se.csv
PE05296	GCST90085077	/gpfs/chencao/qinminzhang/workflow/ldsc/GWAS/all/PE05296.txt.gz	/gpfs/chencao/qinminzhang/workflow/catalog_lof/run_all/data/GCST90085077_buildGRCh38_M1_001_ensg_beta_se.csv
PE05407	GCST90085232	/gpfs/chencao/qinminzhang/workflow/ldsc/GWAS/all/PE05407.txt.gz	/gpfs/chencao/qinminzhang/workflow/catalog_lof/run_all/data/GCST90085232_buildGRCh38_M1_001_ensg_beta_se.csv
PE05441	GCST90085332	/gpfs/chencao/qinminzhang/workflow/ldsc/GWAS/all/PE05441.txt.gz	/gpfs/chencao/qinminzhang/workflow/catalog_lof/run_all/data/GCST90085332_buildGRCh38_M1_001_ensg_beta_se.csv
GCST90081421	GCST90085407	/gpfs/chencao/qinminzhang/workflow/ldsc/GWAS/all/GCST90081421.txt.gz	/gpfs/chencao/qinminzhang/workflow/catalog_lof/run_all/data/GCST90085407_buildGRCh38_M1_001_ensg_beta_se.csv
GCST90079875	GCST90083861	/gpfs/chencao/qinminzhang/workflow/ldsc/GWAS/all/GCST90079875.txt.gz	/gpfs/chencao/qinminzhang/workflow/catalog_lof/run_all/data/GCST90083861_buildGRCh38_M1_001_ensg_beta_se.csv
GCST90080290	GCST90084276	/gpfs/chencao/qinminzhang/workflow/ldsc/GWAS/all/GCST90080290.txt.gz	/gpfs/chencao/qinminzhang/workflow/catalog_lof/run_all/data/GCST90084276_buildGRCh38_M1_001_ensg_beta_se.csv
AT521	GCST90084602	/gpfs/chencao/qinminzhang/workflow/ldsc/GWAS/all/AT521.txt.gz	/gpfs/chencao/qinminzhang/workflow/catalog_lof/run_all/data/GCST90084602_buildGRCh38_M1_001_ensg_beta_se.csv
GCST90080753	GCST90084739	/gpfs/chencao/qinminzhang/workflow/ldsc/GWAS/all/GCST90080753.txt.gz	/gpfs/chencao/qinminzhang/workflow/catalog_lof/run_all/data/GCST90084739_buildGRCh38_M1_001_ensg_beta_se.csv
GCST90081028	GCST90085014	/gpfs/chencao/qinminzhang/workflow/ldsc/GWAS/all/GCST90081028.txt.gz	/gpfs/chencao/qinminzhang/workflow/catalog_lof/run_all/data/GCST90085014_buildGRCh38_M1_001_ensg_beta_se.csv
PE05260	GCST90085033	/gpfs/chencao/qinminzhang/workflow/ldsc/GWAS/all/PE05260.txt.gz	/gpfs/chencao/qinminzhang/workflow/catalog_lof/run_all/data/GCST90085033_buildGRCh38_M1_001_ensg_beta_se.csv
GCST90079658	GCST90083644	/gpfs/chencao/qinminzhang/workflow/ldsc/GWAS/all/GCST90079658.txt.gz	/gpfs/chencao/qinminzhang/workflow/catalog_lof/run_all/data/GCST90083644_buildGRCh38_M1_001_ensg_beta_se.csv
AT100	GCST90083741	/gpfs/chencao/qinminzhang/workflow/ldsc/GWAS/all/AT100.txt.gz	/gpfs/chencao/qinminzhang/workflow/catalog_lof/run_all/data/GCST90083741_buildGRCh38_M1_001_ensg_beta_se.csv
GCST90079911	GCST90083897	/gpfs/chencao/qinminzhang/workflow/ldsc/GWAS/all/GCST90079911.txt.gz	/gpfs/chencao/qinminzhang/workflow/catalog_lof/run_all/data/GCST90083897_buildGRCh38_M1_001_ensg_beta_se.csv
GCST90080025	GCST90084011	/gpfs/chencao/qinminzhang/workflow/ldsc/GWAS/all/GCST90080025.txt.gz	/gpfs/chencao/qinminzhang/workflow/catalog_lof/run_all/data/GCST90084011_buildGRCh38_M1_001_ensg_beta_se.csv
GCST90080897	GCST90084883	/gpfs/chencao/qinminzhang/workflow/ldsc/GWAS/all/GCST90080897.txt.gz	/gpfs/chencao/qinminzhang/workflow/catalog_lof/run_all/data/GCST90084883_buildGRCh38_M1_001_ensg_beta_se.csv
GCST90080898	GCST90084884	/gpfs/chencao/qinminzhang/workflow/ldsc/GWAS/all/GCST90080898.txt.gz	/gpfs/chencao/qinminzhang/workflow/catalog_lof/run_all/data/GCST90084884_buildGRCh38_M1_001_ensg_beta_se.csv
PE05187	GCST90084885	/gpfs/chencao/qinminzhang/workflow/ldsc/GWAS/all/PE05187.txt.gz	/gpfs/chencao/qinminzhang/workflow/catalog_lof/run_all/data/GCST90084885_buildGRCh38_M1_001_ensg_beta_se.csv
GCST90080916	GCST90084902	/gpfs/chencao/qinminzhang/workflow/ldsc/GWAS/all/GCST90080916.txt.gz	/gpfs/chencao/qinminzhang/workflow/catalog_lof/run_all/data/GCST90084902_buildGRCh38_M1_001_ensg_beta_se.csv
GCST90080977	GCST90084963	/gpfs/chencao/qinminzhang/workflow/ldsc/GWAS/all/GCST90080977.txt.gz	/gpfs/chencao/qinminzhang/workflow/catalog_lof/run_all/data/GCST90084963_buildGRCh38_M1_001_ensg_beta_se.csv
GCST90081124	GCST90085110	/gpfs/chencao/qinminzhang/workflow/ldsc/GWAS/all/GCST90081124.txt.gz	/gpfs/chencao/qinminzhang/workflow/catalog_lof/run_all/data/GCST90085110_buildGRCh38_M1_001_ensg_beta_se.csv
GCST90081298	GCST90085284	/gpfs/chencao/qinminzhang/workflow/ldsc/GWAS/all/GCST90081298.txt.gz	/gpfs/chencao/qinminzhang/workflow/catalog_lof/run_all/data/GCST90085284_buildGRCh38_M1_001_ensg_beta_se.csv
GCST90081391	GCST90085377	/gpfs/chencao/qinminzhang/workflow/ldsc/GWAS/all/GCST90081391.txt.gz	/gpfs/chencao/qinminzhang/workflow/catalog_lof/run_all/data/GCST90085377_buildGRCh38_M1_001_ensg_beta_se.csv
GCST90081406	GCST90085392	/gpfs/chencao/qinminzhang/workflow/ldsc/GWAS/all/GCST90081406.txt.gz	/gpfs/chencao/qinminzhang/workflow/catalog_lof/run_all/data/GCST90085392_buildGRCh38_M1_001_ensg_beta_se.csv
GCST90081431	GCST90085417	/gpfs/chencao/qinminzhang/workflow/ldsc/GWAS/all/GCST90081431.txt.gz	/gpfs/chencao/qinminzhang/workflow/catalog_lof/run_all/data/GCST90085417_buildGRCh38_M1_001_ensg_beta_se.csv
GCST90079556	GCST90083542	/gpfs/chencao/qinminzhang/workflow/ldsc/GWAS/all/GCST90079556.txt.gz	/gpfs/chencao/qinminzhang/workflow/catalog_lof/run_all/data/GCST90083542_buildGRCh38_M1_001_ensg_beta_se.csv
PE04687	GCST90083769	/gpfs/chencao/qinminzhang/workflow/ldsc/GWAS/all/PE04687.txt.gz	/gpfs/chencao/qinminzhang/workflow/catalog_lof/run_all/data/GCST90083769_buildGRCh38_M1_001_ensg_beta_se.csv
PE04736	GCST90083826	/gpfs/chencao/qinminzhang/workflow/ldsc/GWAS/all/PE04736.txt.gz	/gpfs/chencao/qinminzhang/workflow/catalog_lof/run_all/data/GCST90083826_buildGRCh38_M1_001_ensg_beta_se.csv
AT352	GCST90083916	/gpfs/chencao/qinminzhang/workflow/ldsc/GWAS/all/AT352.txt.gz	/gpfs/chencao/qinminzhang/workflow/catalog_lof/run_all/data/GCST90083916_buildGRCh38_M1_001_ensg_beta_se.csv
GCST90080102	GCST90084088	/gpfs/chencao/qinminzhang/workflow/ldsc/GWAS/all/GCST90080102.txt.gz	/gpfs/chencao/qinminzhang/workflow/catalog_lof/run_all/data/GCST90084088_buildGRCh38_M1_001_ensg_beta_se.csv
AT239	GCST90084272	/gpfs/chencao/qinminzhang/workflow/ldsc/GWAS/all/AT239.txt.gz	/gpfs/chencao/qinminzhang/workflow/catalog_lof/run_all/data/GCST90084272_buildGRCh38_M1_001_ensg_beta_se.csv
AT137	GCST90084294	/gpfs/chencao/qinminzhang/workflow/ldsc/GWAS/all/AT137.txt.gz	/gpfs/chencao/qinminzhang/workflow/catalog_lof/run_all/data/GCST90084294_buildGRCh38_M1_001_ensg_beta_se.csv
AT334	GCST90084576	/gpfs/chencao/qinminzhang/workflow/ldsc/GWAS/all/AT334.txt.gz	/gpfs/chencao/qinminzhang/workflow/catalog_lof/run_all/data/GCST90084576_buildGRCh38_M1_001_ensg_beta_se.csv
GCST90080725	GCST90084711	/gpfs/chencao/qinminzhang/workflow/ldsc/GWAS/all/GCST90080725.txt.gz	/gpfs/chencao/qinminzhang/workflow/catalog_lof/run_all/data/GCST90084711_buildGRCh38_M1_001_ensg_beta_se.csv
GCST90080785	GCST90084771	/gpfs/chencao/qinminzhang/workflow/ldsc/GWAS/all/GCST90080785.txt.gz	/gpfs/chencao/qinminzhang/workflow/catalog_lof/run_all/data/GCST90084771_buildGRCh38_M1_001_ensg_beta_se.csv
GCST90080986	GCST90084972	/gpfs/chencao/qinminzhang/workflow/ldsc/GWAS/all/GCST90080986.txt.gz	/gpfs/chencao/qinminzhang/workflow/catalog_lof/run_all/data/GCST90084972_buildGRCh38_M1_001_ensg_beta_se.csv
GCST90080988	GCST90084974	/gpfs/chencao/qinminzhang/workflow/ldsc/GWAS/all/GCST90080988.txt.gz	/gpfs/chencao/qinminzhang/workflow/catalog_lof/run_all/data/GCST90084974_buildGRCh38_M1_001_ensg_beta_se.csv
GCST90081030	GCST90085016	/gpfs/chencao/qinminzhang/workflow/ldsc/GWAS/all/GCST90081030.txt.gz	/gpfs/chencao/qinminzhang/workflow/catalog_lof/run_all/data/GCST90085016_buildGRCh38_M1_001_ensg_beta_se.csv
GCST90081035	GCST90085021	/gpfs/chencao/qinminzhang/workflow/ldsc/GWAS/all/GCST90081035.txt.gz	/gpfs/chencao/qinminzhang/workflow/catalog_lof/run_all/data/GCST90085021_buildGRCh38_M1_001_ensg_beta_se.csv
PE04618	GCST90083669	/gpfs/chencao/qinminzhang/workflow/ldsc/GWAS/all/PE04618.txt.gz	/gpfs/chencao/qinminzhang/workflow/catalog_lof/run_all/data/GCST90083669_buildGRCh38_M1_001_ensg_beta_se.csv
GCST90079966	GCST90083952	/gpfs/chencao/qinminzhang/workflow/ldsc/GWAS/all/GCST90079966.txt.gz	/gpfs/chencao/qinminzhang/workflow/catalog_lof/run_all/data/GCST90083952_buildGRCh38_M1_001_ensg_beta_se.csv
GCST90081019	GCST90085005	/gpfs/chencao/qinminzhang/workflow/ldsc/GWAS/all/GCST90081019.txt.gz	/gpfs/chencao/qinminzhang/workflow/catalog_lof/run_all/data/GCST90085005_buildGRCh38_M1_001_ensg_beta_se.csv
GCST90081021	GCST90085007	/gpfs/chencao/qinminzhang/workflow/ldsc/GWAS/all/GCST90081021.txt.gz	/gpfs/chencao/qinminzhang/workflow/catalog_lof/run_all/data/GCST90085007_buildGRCh38_M1_001_ensg_beta_se.csv
GCST90081328	GCST90085314	/gpfs/chencao/qinminzhang/workflow/ldsc/GWAS/all/GCST90081328.txt.gz	/gpfs/chencao/qinminzhang/workflow/catalog_lof/run_all/data/GCST90085314_buildGRCh38_M1_001_ensg_beta_se.csv
PE04860	GCST90084063	/gpfs/chencao/qinminzhang/workflow/ldsc/GWAS/all/PE04860.txt.gz	/gpfs/chencao/qinminzhang/workflow/catalog_lof/run_all/data/GCST90084063_buildGRCh38_M1_001_ensg_beta_se.csv
GCST90080120	GCST90084106	/gpfs/chencao/qinminzhang/workflow/ldsc/GWAS/all/GCST90080120.txt.gz	/gpfs/chencao/qinminzhang/workflow/catalog_lof/run_all/data/GCST90084106_buildGRCh38_M1_001_ensg_beta_se.csv
MR28732	GCST90084196	/gpfs/chencao/qinminzhang/workflow/ldsc/GWAS/all/MR28732.txt.gz	/gpfs/chencao/qinminzhang/workflow/catalog_lof/run_all/data/GCST90084196_buildGRCh38_M1_001_ensg_beta_se.csv
GCST90080265	GCST90084251	/gpfs/chencao/qinminzhang/workflow/ldsc/GWAS/all/GCST90080265.txt.gz	/gpfs/chencao/qinminzhang/workflow/catalog_lof/run_all/data/GCST90084251_buildGRCh38_M1_001_ensg_beta_se.csv
AT335	GCST90084574	/gpfs/chencao/qinminzhang/workflow/ldsc/GWAS/all/AT335.txt.gz	/gpfs/chencao/qinminzhang/workflow/catalog_lof/run_all/data/GCST90084574_buildGRCh38_M1_001_ensg_beta_se.csv
PE05075	GCST90084632	/gpfs/chencao/qinminzhang/workflow/ldsc/GWAS/all/PE05075.txt.gz	/gpfs/chencao/qinminzhang/workflow/catalog_lof/run_all/data/GCST90084632_buildGRCh38_M1_001_ensg_beta_se.csv
PE05082	GCST90084652	/gpfs/chencao/qinminzhang/workflow/ldsc/GWAS/all/PE05082.txt.gz	/gpfs/chencao/qinminzhang/workflow/catalog_lof/run_all/data/GCST90084652_buildGRCh38_M1_001_ensg_beta_se.csv
GCST90080985	GCST90084971	/gpfs/chencao/qinminzhang/workflow/ldsc/GWAS/all/GCST90080985.txt.gz	/gpfs/chencao/qinminzhang/workflow/catalog_lof/run_all/data/GCST90084971_buildGRCh38_M1_001_ensg_beta_se.csv
GCST90080990	GCST90084976	/gpfs/chencao/qinminzhang/workflow/ldsc/GWAS/all/GCST90080990.txt.gz	/gpfs/chencao/qinminzhang/workflow/catalog_lof/run_all/data/GCST90084976_buildGRCh38_M1_001_ensg_beta_se.csv
GCST90081038	GCST90085024	/gpfs/chencao/qinminzhang/workflow/ldsc/GWAS/all/GCST90081038.txt.gz	/gpfs/chencao/qinminzhang/workflow/catalog_lof/run_all/data/GCST90085024_buildGRCh38_M1_001_ensg_beta_se.csv
GCST90081399	GCST90085385	/gpfs/chencao/qinminzhang/workflow/ldsc/GWAS/all/GCST90081399.txt.gz	/gpfs/chencao/qinminzhang/workflow/catalog_lof/run_all/data/GCST90085385_buildGRCh38_M1_001_ensg_beta_se.csv
GCST90081025	GCST90085011	/gpfs/chencao/qinminzhang/workflow/ldsc/GWAS/all/GCST90081025.txt.gz	/gpfs/chencao/qinminzhang/workflow/catalog_lof/run_all/data/GCST90085011_buildGRCh38_M1_001_ensg_beta_se.csv
GCST90081026	GCST90085012	/gpfs/chencao/qinminzhang/workflow/ldsc/GWAS/all/GCST90081026.txt.gz	/gpfs/chencao/qinminzhang/workflow/catalog_lof/run_all/data/GCST90085012_buildGRCh38_M1_001_ensg_beta_se.csv
PE04603	GCST90083634	/gpfs/chencao/qinminzhang/workflow/ldsc/GWAS/all/PE04603.txt.gz	/gpfs/chencao/qinminzhang/workflow/catalog_lof/run_all/data/GCST90083634_buildGRCh38_M1_001_ensg_beta_se.csv
AT360	GCST90083931	/gpfs/chencao/qinminzhang/workflow/ldsc/GWAS/all/AT360.txt.gz	/gpfs/chencao/qinminzhang/workflow/catalog_lof/run_all/data/GCST90083931_buildGRCh38_M1_001_ensg_beta_se.csv
AT563	GCST90083938	/gpfs/chencao/qinminzhang/workflow/ldsc/GWAS/all/AT563.txt.gz	/gpfs/chencao/qinminzhang/workflow/catalog_lof/run_all/data/GCST90083938_buildGRCh38_M1_001_ensg_beta_se.csv
GCST90080430	GCST90084416	/gpfs/chencao/qinminzhang/workflow/ldsc/GWAS/all/GCST90080430.txt.gz	/gpfs/chencao/qinminzhang/workflow/catalog_lof/run_all/data/GCST90084416_buildGRCh38_M1_001_ensg_beta_se.csv
AT219	GCST90083631	/gpfs/chencao/qinminzhang/workflow/ldsc/GWAS/all/AT219.txt.gz	/gpfs/chencao/qinminzhang/workflow/catalog_lof/run_all/data/GCST90083631_buildGRCh38_M1_001_ensg_beta_se.csv
GCST90080266	GCST90084252	/gpfs/chencao/qinminzhang/workflow/ldsc/GWAS/all/GCST90080266.txt.gz	/gpfs/chencao/qinminzhang/workflow/catalog_lof/run_all/data/GCST90084252_buildGRCh38_M1_001_ensg_beta_se.csv
PA01023	GCST90084765	/gpfs/chencao/qinminzhang/workflow/ldsc/GWAS/all/PA01023.txt.gz	/gpfs/chencao/qinminzhang/workflow/catalog_lof/run_all/data/GCST90084765_buildGRCh38_M1_001_ensg_beta_se.csv
GCST90080442	GCST90084428	/gpfs/chencao/qinminzhang/workflow/ldsc/GWAS/all/GCST90080442.txt.gz	/gpfs/chencao/qinminzhang/workflow/catalog_lof/run_all/data/GCST90084428_buildGRCh38_M1_001_ensg_beta_se.csv
PE05205	GCST90084936	/gpfs/chencao/qinminzhang/workflow/ldsc/GWAS/all/PE05205.txt.gz	/gpfs/chencao/qinminzhang/workflow/catalog_lof/run_all/data/GCST90084936_buildGRCh38_M1_001_ensg_beta_se.csv
PE05325	GCST90085097	/gpfs/chencao/qinminzhang/workflow/ldsc/GWAS/all/PE05325.txt.gz	/gpfs/chencao/qinminzhang/workflow/catalog_lof/run_all/data/GCST90085097_buildGRCh38_M1_001_ensg_beta_se.csv
GCST90080030	GCST90084016	/gpfs/chencao/qinminzhang/workflow/ldsc/GWAS/all/GCST90080030.txt.gz	/gpfs/chencao/qinminzhang/workflow/catalog_lof/run_all/data/GCST90084016_buildGRCh38_M1_001_ensg_beta_se.csv
GCST90080280	GCST90084266	/gpfs/chencao/qinminzhang/workflow/ldsc/GWAS/all/GCST90080280.txt.gz	/gpfs/chencao/qinminzhang/workflow/catalog_lof/run_all/data/GCST90084266_buildGRCh38_M1_001_ensg_beta_se.csv
GCST90080441	GCST90084427	/gpfs/chencao/qinminzhang/workflow/ldsc/GWAS/all/GCST90080441.txt.gz	/gpfs/chencao/qinminzhang/workflow/catalog_lof/run_all/data/GCST90084427_buildGRCh38_M1_001_ensg_beta_se.csv
GCST90080028	GCST90084014	/gpfs/chencao/qinminzhang/workflow/ldsc/GWAS/all/GCST90080028.txt.gz	/gpfs/chencao/qinminzhang/workflow/catalog_lof/run_all/data/GCST90084014_buildGRCh38_M1_001_ensg_beta_se.csv
GCST90080439	GCST90084425	/gpfs/chencao/qinminzhang/workflow/ldsc/GWAS/all/GCST90080439.txt.gz	/gpfs/chencao/qinminzhang/workflow/catalog_lof/run_all/data/GCST90084425_buildGRCh38_M1_001_ensg_beta_se.csv
GCST90080388	GCST90084374	/gpfs/chencao/qinminzhang/workflow/ldsc/GWAS/all/GCST90080388.txt.gz	/gpfs/chencao/qinminzhang/workflow/catalog_lof/run_all/data/GCST90084374_buildGRCh38_M1_001_ensg_beta_se.csv
MR03154	GCST90084059	/gpfs/chencao/qinminzhang/workflow/ldsc/GWAS/all/MR03154.txt.gz	/gpfs/chencao/qinminzhang/workflow/catalog_lof/run_all/data/GCST90084059_buildGRCh38_M1_001_ensg_beta_se.csv
AT596	GCST90084157	/gpfs/chencao/qinminzhang/workflow/ldsc/GWAS/all/AT596.txt.gz	/gpfs/chencao/qinminzhang/workflow/catalog_lof/run_all/data/GCST90084157_buildGRCh38_M1_001_ensg_beta_se.csv
GCST90079630	GCST90083616	/gpfs/chencao/qinminzhang/workflow/ldsc/GWAS/all/GCST90079630.txt.gz	/gpfs/chencao/qinminzhang/workflow/catalog_lof/run_all/data/GCST90083616_buildGRCh38_M1_001_ensg_beta_se.csv
GCST90080387	GCST90084373	/gpfs/chencao/qinminzhang/workflow/ldsc/GWAS/all/GCST90080387.txt.gz	/gpfs/chencao/qinminzhang/workflow/catalog_lof/run_all/data/GCST90084373_buildGRCh38_M1_001_ensg_beta_se.csv
GCST90080548	GCST90084534	/gpfs/chencao/qinminzhang/workflow/ldsc/GWAS/all/GCST90080548.txt.gz	/gpfs/chencao/qinminzhang/workflow/catalog_lof/run_all/data/GCST90084534_buildGRCh38_M1_001_ensg_beta_se.csv
GCST90079927	GCST90083913	/gpfs/chencao/qinminzhang/workflow/ldsc/GWAS/all/GCST90079927.txt.gz	/gpfs/chencao/qinminzhang/workflow/catalog_lof/run_all/data/GCST90083913_buildGRCh38_M1_001_ensg_beta_se.csv
MR30893	GCST90084054	/gpfs/chencao/qinminzhang/workflow/ldsc/GWAS/all/MR30893.txt.gz	/gpfs/chencao/qinminzhang/workflow/catalog_lof/run_all/data/GCST90084054_buildGRCh38_M1_001_ensg_beta_se.csv
GCST90080070	GCST90084056	/gpfs/chencao/qinminzhang/workflow/ldsc/GWAS/all/GCST90080070.txt.gz	/gpfs/chencao/qinminzhang/workflow/catalog_lof/run_all/data/GCST90084056_buildGRCh38_M1_001_ensg_beta_se.csv
GCST90079933	GCST90083919	/gpfs/chencao/qinminzhang/workflow/ldsc/GWAS/all/GCST90079933.txt.gz	/gpfs/chencao/qinminzhang/workflow/catalog_lof/run_all/data/GCST90083919_buildGRCh38_M1_001_ensg_beta_se.csv
GCST90079949	GCST90083935	/gpfs/chencao/qinminzhang/workflow/ldsc/GWAS/all/GCST90079949.txt.gz	/gpfs/chencao/qinminzhang/workflow/catalog_lof/run_all/data/GCST90083935_buildGRCh38_M1_001_ensg_beta_se.csv
GCST90080039	GCST90084025	/gpfs/chencao/qinminzhang/workflow/ldsc/GWAS/all/GCST90080039.txt.gz	/gpfs/chencao/qinminzhang/workflow/catalog_lof/run_all/data/GCST90084025_buildGRCh38_M1_001_ensg_beta_se.csv
GCST90081187	GCST90085173	/gpfs/chencao/qinminzhang/workflow/ldsc/GWAS/all/GCST90081187.txt.gz	/gpfs/chencao/qinminzhang/workflow/catalog_lof/run_all/data/GCST90085173_buildGRCh38_M1_001_ensg_beta_se.csv
MR17874	GCST90083958	/gpfs/chencao/qinminzhang/workflow/ldsc/GWAS/all/MR17874.txt.gz	/gpfs/chencao/qinminzhang/workflow/catalog_lof/run_all/data/GCST90083958_buildGRCh38_M1_001_ensg_beta_se.csv
GCST90079991	GCST90083977	/gpfs/chencao/qinminzhang/workflow/ldsc/GWAS/all/GCST90079991.txt.gz	/gpfs/chencao/qinminzhang/workflow/catalog_lof/run_all/data/GCST90083977_buildGRCh38_M1_001_ensg_beta_se.csv
GCST90079995	GCST90083981	/gpfs/chencao/qinminzhang/workflow/ldsc/GWAS/all/GCST90079995.txt.gz	/gpfs/chencao/qinminzhang/workflow/catalog_lof/run_all/data/GCST90083981_buildGRCh38_M1_001_ensg_beta_se.csv
MR36975	GCST90084036	/gpfs/chencao/qinminzhang/workflow/ldsc/GWAS/all/MR36975.txt.gz	/gpfs/chencao/qinminzhang/workflow/catalog_lof/run_all/data/GCST90084036_buildGRCh38_M1_001_ensg_beta_se.csv
GCST90080422	GCST90084408	/gpfs/chencao/qinminzhang/workflow/ldsc/GWAS/all/GCST90080422.txt.gz	/gpfs/chencao/qinminzhang/workflow/catalog_lof/run_all/data/GCST90084408_buildGRCh38_M1_001_ensg_beta_se.csv
GCST90080518	GCST90084504	/gpfs/chencao/qinminzhang/workflow/ldsc/GWAS/all/GCST90080518.txt.gz	/gpfs/chencao/qinminzhang/workflow/catalog_lof/run_all/data/GCST90084504_buildGRCh38_M1_001_ensg_beta_se.csv
GCST90080519	GCST90084505	/gpfs/chencao/qinminzhang/workflow/ldsc/GWAS/all/GCST90080519.txt.gz	/gpfs/chencao/qinminzhang/workflow/catalog_lof/run_all/data/GCST90084505_buildGRCh38_M1_001_ensg_beta_se.csv
GCST90079540	GCST90083526	/gpfs/chencao/qinminzhang/workflow/ldsc/GWAS/all/GCST90079540.txt.gz	/gpfs/chencao/qinminzhang/workflow/catalog_lof/run_all/data/GCST90083526_buildGRCh38_M1_001_ensg_beta_se.csv
GCST90079850	GCST90083836	/gpfs/chencao/qinminzhang/workflow/ldsc/GWAS/all/GCST90079850.txt.gz	/gpfs/chencao/qinminzhang/workflow/catalog_lof/run_all/data/GCST90083836_buildGRCh38_M1_001_ensg_beta_se.csv
GCST90079986	GCST90083972	/gpfs/chencao/qinminzhang/workflow/ldsc/GWAS/all/GCST90079986.txt.gz	/gpfs/chencao/qinminzhang/workflow/catalog_lof/run_all/data/GCST90083972_buildGRCh38_M1_001_ensg_beta_se.csv
GCST90080205	GCST90084191	/gpfs/chencao/qinminzhang/workflow/ldsc/GWAS/all/GCST90080205.txt.gz	/gpfs/chencao/qinminzhang/workflow/catalog_lof/run_all/data/GCST90084191_buildGRCh38_M1_001_ensg_beta_se.csv
GCST90081241	GCST90085227	/gpfs/chencao/qinminzhang/workflow/ldsc/GWAS/all/GCST90081241.txt.gz	/gpfs/chencao/qinminzhang/workflow/catalog_lof/run_all/data/GCST90085227_buildGRCh38_M1_001_ensg_beta_se.csv
AT153	GCST90083525	/gpfs/chencao/qinminzhang/workflow/ldsc/GWAS/all/AT153.txt.gz	/gpfs/chencao/qinminzhang/workflow/catalog_lof/run_all/data/GCST90083525_buildGRCh38_M1_001_ensg_beta_se.csv
PE04545	GCST90083534	/gpfs/chencao/qinminzhang/workflow/ldsc/GWAS/all/PE04545.txt.gz	/gpfs/chencao/qinminzhang/workflow/catalog_lof/run_all/data/GCST90083534_buildGRCh38_M1_001_ensg_beta_se.csv
GCST90079894	GCST90083880	/gpfs/chencao/qinminzhang/workflow/ldsc/GWAS/all/GCST90079894.txt.gz	/gpfs/chencao/qinminzhang/workflow/catalog_lof/run_all/data/GCST90083880_buildGRCh38_M1_001_ensg_beta_se.csv
AT193	GCST90084133	/gpfs/chencao/qinminzhang/workflow/ldsc/GWAS/all/AT193.txt.gz	/gpfs/chencao/qinminzhang/workflow/catalog_lof/run_all/data/GCST90084133_buildGRCh38_M1_001_ensg_beta_se.csv
AT480	GCST90084241	/gpfs/chencao/qinminzhang/workflow/ldsc/GWAS/all/AT480.txt.gz	/gpfs/chencao/qinminzhang/workflow/catalog_lof/run_all/data/GCST90084241_buildGRCh38_M1_001_ensg_beta_se.csv
GCST90080269	GCST90084255	/gpfs/chencao/qinminzhang/workflow/ldsc/GWAS/all/GCST90080269.txt.gz	/gpfs/chencao/qinminzhang/workflow/catalog_lof/run_all/data/GCST90084255_buildGRCh38_M1_001_ensg_beta_se.csv
GCST90080316	GCST90084302	/gpfs/chencao/qinminzhang/workflow/ldsc/GWAS/all/GCST90080316.txt.gz	/gpfs/chencao/qinminzhang/workflow/catalog_lof/run_all/data/GCST90084302_buildGRCh38_M1_001_ensg_beta_se.csv
GCST90080529	GCST90084515	/gpfs/chencao/qinminzhang/workflow/ldsc/GWAS/all/GCST90080529.txt.gz	/gpfs/chencao/qinminzhang/workflow/catalog_lof/run_all/data/GCST90084515_buildGRCh38_M1_001_ensg_beta_se.csv
MR35016	GCST90084516	/gpfs/chencao/qinminzhang/workflow/ldsc/GWAS/all/MR35016.txt.gz	/gpfs/chencao/qinminzhang/workflow/catalog_lof/run_all/data/GCST90084516_buildGRCh38_M1_001_ensg_beta_se.csv
GCST90080636	GCST90084622	/gpfs/chencao/qinminzhang/workflow/ldsc/GWAS/all/GCST90080636.txt.gz	/gpfs/chencao/qinminzhang/workflow/catalog_lof/run_all/data/GCST90084622_buildGRCh38_M1_001_ensg_beta_se.csv
GCST90080736	GCST90084722	/gpfs/chencao/qinminzhang/workflow/ldsc/GWAS/all/GCST90080736.txt.gz	/gpfs/chencao/qinminzhang/workflow/catalog_lof/run_all/data/GCST90084722_buildGRCh38_M1_001_ensg_beta_se.csv
GCST90080804	GCST90084790	/gpfs/chencao/qinminzhang/workflow/ldsc/GWAS/all/GCST90080804.txt.gz	/gpfs/chencao/qinminzhang/workflow/catalog_lof/run_all/data/GCST90084790_buildGRCh38_M1_001_ensg_beta_se.csv
GCST90081383	GCST90085369	/gpfs/chencao/qinminzhang/workflow/ldsc/GWAS/all/GCST90081383.txt.gz	/gpfs/chencao/qinminzhang/workflow/catalog_lof/run_all/data/GCST90085369_buildGRCh38_M1_001_ensg_beta_se.csv
GCST90081438	GCST90085424	/gpfs/chencao/qinminzhang/workflow/ldsc/GWAS/all/GCST90081438.txt.gz	/gpfs/chencao/qinminzhang/workflow/catalog_lof/run_all/data/GCST90085424_buildGRCh38_M1_001_ensg_beta_se.csv
GCST90081439	GCST90085425	/gpfs/chencao/qinminzhang/workflow/ldsc/GWAS/all/GCST90081439.txt.gz	/gpfs/chencao/qinminzhang/workflow/catalog_lof/run_all/data/GCST90085425_buildGRCh38_M1_001_ensg_beta_se.csv
GCST90080002	GCST90083988	/gpfs/chencao/qinminzhang/workflow/ldsc/GWAS/all/GCST90080002.txt.gz	/gpfs/chencao/qinminzhang/workflow/catalog_lof/run_all/data/GCST90083988_buildGRCh38_M1_001_ensg_beta_se.csv
GCST90080021	GCST90084007	/gpfs/chencao/qinminzhang/workflow/ldsc/GWAS/all/GCST90080021.txt.gz	/gpfs/chencao/qinminzhang/workflow/catalog_lof/run_all/data/GCST90084007_buildGRCh38_M1_001_ensg_beta_se.csv
GCST90080075	GCST90084061	/gpfs/chencao/qinminzhang/workflow/ldsc/GWAS/all/GCST90080075.txt.gz	/gpfs/chencao/qinminzhang/workflow/catalog_lof/run_all/data/GCST90084061_buildGRCh38_M1_001_ensg_beta_se.csv
GCST90080096	GCST90084082	/gpfs/chencao/qinminzhang/workflow/ldsc/GWAS/all/GCST90080096.txt.gz	/gpfs/chencao/qinminzhang/workflow/catalog_lof/run_all/data/GCST90084082_buildGRCh38_M1_001_ensg_beta_se.csv
GCST90080427	GCST90084413	/gpfs/chencao/qinminzhang/workflow/ldsc/GWAS/all/GCST90080427.txt.gz	/gpfs/chencao/qinminzhang/workflow/catalog_lof/run_all/data/GCST90084413_buildGRCh38_M1_001_ensg_beta_se.csv
GCST90080478	GCST90084464	/gpfs/chencao/qinminzhang/workflow/ldsc/GWAS/all/GCST90080478.txt.gz	/gpfs/chencao/qinminzhang/workflow/catalog_lof/run_all/data/GCST90084464_buildGRCh38_M1_001_ensg_beta_se.csv
GCST90080576	GCST90084562	/gpfs/chencao/qinminzhang/workflow/ldsc/GWAS/all/GCST90080576.txt.gz	/gpfs/chencao/qinminzhang/workflow/catalog_lof/run_all/data/GCST90084562_buildGRCh38_M1_001_ensg_beta_se.csv
GCST90080613	GCST90084599	/gpfs/chencao/qinminzhang/workflow/ldsc/GWAS/all/GCST90080613.txt.gz	/gpfs/chencao/qinminzhang/workflow/catalog_lof/run_all/data/GCST90084599_buildGRCh38_M1_001_ensg_beta_se.csv
GCST90080763	GCST90084749	/gpfs/chencao/qinminzhang/workflow/ldsc/GWAS/all/GCST90080763.txt.gz	/gpfs/chencao/qinminzhang/workflow/catalog_lof/run_all/data/GCST90084749_buildGRCh38_M1_001_ensg_beta_se.csv
PE05180	GCST90084869	/gpfs/chencao/qinminzhang/workflow/ldsc/GWAS/all/PE05180.txt.gz	/gpfs/chencao/qinminzhang/workflow/catalog_lof/run_all/data/GCST90084869_buildGRCh38_M1_001_ensg_beta_se.csv
GCST90079805	GCST90083791	/gpfs/chencao/qinminzhang/workflow/ldsc/GWAS/all/GCST90079805.txt.gz	/gpfs/chencao/qinminzhang/workflow/catalog_lof/run_all/data/GCST90083791_buildGRCh38_M1_001_ensg_beta_se.csv
GCST90079955	GCST90083941	/gpfs/chencao/qinminzhang/workflow/ldsc/GWAS/all/GCST90079955.txt.gz	/gpfs/chencao/qinminzhang/workflow/catalog_lof/run_all/data/GCST90083941_buildGRCh38_M1_001_ensg_beta_se.csv
GCST90079956	GCST90083942	/gpfs/chencao/qinminzhang/workflow/ldsc/GWAS/all/GCST90079956.txt.gz	/gpfs/chencao/qinminzhang/workflow/catalog_lof/run_all/data/GCST90083942_buildGRCh38_M1_001_ensg_beta_se.csv
GCST90079964	GCST90083950	/gpfs/chencao/qinminzhang/workflow/ldsc/GWAS/all/GCST90079964.txt.gz	/gpfs/chencao/qinminzhang/workflow/catalog_lof/run_all/data/GCST90083950_buildGRCh38_M1_001_ensg_beta_se.csv
AT223	GCST90083979	/gpfs/chencao/qinminzhang/workflow/ldsc/GWAS/all/AT223.txt.gz	/gpfs/chencao/qinminzhang/workflow/catalog_lof/run_all/data/GCST90083979_buildGRCh38_M1_001_ensg_beta_se.csv
AT222	GCST90083982	/gpfs/chencao/qinminzhang/workflow/ldsc/GWAS/all/AT222.txt.gz	/gpfs/chencao/qinminzhang/workflow/catalog_lof/run_all/data/GCST90083982_buildGRCh38_M1_001_ensg_beta_se.csv
GCST90080001	GCST90083987	/gpfs/chencao/qinminzhang/workflow/ldsc/GWAS/all/GCST90080001.txt.gz	/gpfs/chencao/qinminzhang/workflow/catalog_lof/run_all/data/GCST90083987_buildGRCh38_M1_001_ensg_beta_se.csv
AT091	GCST90084029	/gpfs/chencao/qinminzhang/workflow/ldsc/GWAS/all/AT091.txt.gz	/gpfs/chencao/qinminzhang/workflow/catalog_lof/run_all/data/GCST90084029_buildGRCh38_M1_001_ensg_beta_se.csv
GCST90080079	GCST90084065	/gpfs/chencao/qinminzhang/workflow/ldsc/GWAS/all/GCST90080079.txt.gz	/gpfs/chencao/qinminzhang/workflow/catalog_lof/run_all/data/GCST90084065_buildGRCh38_M1_001_ensg_beta_se.csv
AT595	GCST90084156	/gpfs/chencao/qinminzhang/workflow/ldsc/GWAS/all/AT595.txt.gz	/gpfs/chencao/qinminzhang/workflow/catalog_lof/run_all/data/GCST90084156_buildGRCh38_M1_001_ensg_beta_se.csv
GCST90080282	GCST90084268	/gpfs/chencao/qinminzhang/workflow/ldsc/GWAS/all/GCST90080282.txt.gz	/gpfs/chencao/qinminzhang/workflow/catalog_lof/run_all/data/GCST90084268_buildGRCh38_M1_001_ensg_beta_se.csv
GCST90080406	GCST90084392	/gpfs/chencao/qinminzhang/workflow/ldsc/GWAS/all/GCST90080406.txt.gz	/gpfs/chencao/qinminzhang/workflow/catalog_lof/run_all/data/GCST90084392_buildGRCh38_M1_001_ensg_beta_se.csv
GCST90080448	GCST90084434	/gpfs/chencao/qinminzhang/workflow/ldsc/GWAS/all/GCST90080448.txt.gz	/gpfs/chencao/qinminzhang/workflow/catalog_lof/run_all/data/GCST90084434_buildGRCh38_M1_001_ensg_beta_se.csv
GCST90080449	GCST90084435	/gpfs/chencao/qinminzhang/workflow/ldsc/GWAS/all/GCST90080449.txt.gz	/gpfs/chencao/qinminzhang/workflow/catalog_lof/run_all/data/GCST90084435_buildGRCh38_M1_001_ensg_beta_se.csv
GCST90080560	GCST90084546	/gpfs/chencao/qinminzhang/workflow/ldsc/GWAS/all/GCST90080560.txt.gz	/gpfs/chencao/qinminzhang/workflow/catalog_lof/run_all/data/GCST90084546_buildGRCh38_M1_001_ensg_beta_se.csv
PE05119	GCST90084721	/gpfs/chencao/qinminzhang/workflow/ldsc/GWAS/all/PE05119.txt.gz	/gpfs/chencao/qinminzhang/workflow/catalog_lof/run_all/data/GCST90084721_buildGRCh38_M1_001_ensg_beta_se.csv
GCST90080849	GCST90084835	/gpfs/chencao/qinminzhang/workflow/ldsc/GWAS/all/GCST90080849.txt.gz	/gpfs/chencao/qinminzhang/workflow/catalog_lof/run_all/data/GCST90084835_buildGRCh38_M1_001_ensg_beta_se.csv
GCST90081219	GCST90085205	/gpfs/chencao/qinminzhang/workflow/ldsc/GWAS/all/GCST90081219.txt.gz	/gpfs/chencao/qinminzhang/workflow/catalog_lof/run_all/data/GCST90085205_buildGRCh38_M1_001_ensg_beta_se.csv
GCST90081306	GCST90085292	/gpfs/chencao/qinminzhang/workflow/ldsc/GWAS/all/GCST90081306.txt.gz	/gpfs/chencao/qinminzhang/workflow/catalog_lof/run_all/data/GCST90085292_buildGRCh38_M1_001_ensg_beta_se.csv
GCST90079703	GCST90083689	/gpfs/chencao/qinminzhang/workflow/ldsc/GWAS/all/GCST90079703.txt.gz	/gpfs/chencao/qinminzhang/workflow/catalog_lof/run_all/data/GCST90083689_buildGRCh38_M1_001_ensg_beta_se.csv
GCST90079727	GCST90083713	/gpfs/chencao/qinminzhang/workflow/ldsc/GWAS/all/GCST90079727.txt.gz	/gpfs/chencao/qinminzhang/workflow/catalog_lof/run_all/data/GCST90083713_buildGRCh38_M1_001_ensg_beta_se.csv
GCST90079989	GCST90083975	/gpfs/chencao/qinminzhang/workflow/ldsc/GWAS/all/GCST90079989.txt.gz	/gpfs/chencao/qinminzhang/workflow/catalog_lof/run_all/data/GCST90083975_buildGRCh38_M1_001_ensg_beta_se.csv
GCST90079992	GCST90083978	/gpfs/chencao/qinminzhang/workflow/ldsc/GWAS/all/GCST90079992.txt.gz	/gpfs/chencao/qinminzhang/workflow/catalog_lof/run_all/data/GCST90083978_buildGRCh38_M1_001_ensg_beta_se.csv
GCST90079994	GCST90083980	/gpfs/chencao/qinminzhang/workflow/ldsc/GWAS/all/GCST90079994.txt.gz	/gpfs/chencao/qinminzhang/workflow/catalog_lof/run_all/data/GCST90083980_buildGRCh38_M1_001_ensg_beta_se.csv
AT329	GCST90084037	/gpfs/chencao/qinminzhang/workflow/ldsc/GWAS/all/AT329.txt.gz	/gpfs/chencao/qinminzhang/workflow/catalog_lof/run_all/data/GCST90084037_buildGRCh38_M1_001_ensg_beta_se.csv
GCST90080415	GCST90084401	/gpfs/chencao/qinminzhang/workflow/ldsc/GWAS/all/GCST90080415.txt.gz	/gpfs/chencao/qinminzhang/workflow/catalog_lof/run_all/data/GCST90084401_buildGRCh38_M1_001_ensg_beta_se.csv
GCST90080545	GCST90084531	/gpfs/chencao/qinminzhang/workflow/ldsc/GWAS/all/GCST90080545.txt.gz	/gpfs/chencao/qinminzhang/workflow/catalog_lof/run_all/data/GCST90084531_buildGRCh38_M1_001_ensg_beta_se.csv
GCST90080571	GCST90084557	/gpfs/chencao/qinminzhang/workflow/ldsc/GWAS/all/GCST90080571.txt.gz	/gpfs/chencao/qinminzhang/workflow/catalog_lof/run_all/data/GCST90084557_buildGRCh38_M1_001_ensg_beta_se.csv
GCST90080583	GCST90084569	/gpfs/chencao/qinminzhang/workflow/ldsc/GWAS/all/GCST90080583.txt.gz	/gpfs/chencao/qinminzhang/workflow/catalog_lof/run_all/data/GCST90084569_buildGRCh38_M1_001_ensg_beta_se.csv
GCST90080650	GCST90084636	/gpfs/chencao/qinminzhang/workflow/ldsc/GWAS/all/GCST90080650.txt.gz	/gpfs/chencao/qinminzhang/workflow/catalog_lof/run_all/data/GCST90084636_buildGRCh38_M1_001_ensg_beta_se.csv
GCST90081254	GCST90085240	/gpfs/chencao/qinminzhang/workflow/ldsc/GWAS/all/GCST90081254.txt.gz	/gpfs/chencao/qinminzhang/workflow/catalog_lof/run_all/data/GCST90085240_buildGRCh38_M1_001_ensg_beta_se.csv
PE04664	GCST90083732	/gpfs/chencao/qinminzhang/workflow/ldsc/GWAS/all/PE04664.txt.gz	/gpfs/chencao/qinminzhang/workflow/catalog_lof/run_all/data/GCST90083732_buildGRCh38_M1_001_ensg_beta_se.csv
GCST90079770	GCST90083756	/gpfs/chencao/qinminzhang/workflow/ldsc/GWAS/all/GCST90079770.txt.gz	/gpfs/chencao/qinminzhang/workflow/catalog_lof/run_all/data/GCST90083756_buildGRCh38_M1_001_ensg_beta_se.csv
GCST90079896	GCST90083882	/gpfs/chencao/qinminzhang/workflow/ldsc/GWAS/all/GCST90079896.txt.gz	/gpfs/chencao/qinminzhang/workflow/catalog_lof/run_all/data/GCST90083882_buildGRCh38_M1_001_ensg_beta_se.csv
GCST90079898	GCST90083884	/gpfs/chencao/qinminzhang/workflow/ldsc/GWAS/all/GCST90079898.txt.gz	/gpfs/chencao/qinminzhang/workflow/catalog_lof/run_all/data/GCST90083884_buildGRCh38_M1_001_ensg_beta_se.csv
GCST90079901	GCST90083887	/gpfs/chencao/qinminzhang/workflow/ldsc/GWAS/all/GCST90079901.txt.gz	/gpfs/chencao/qinminzhang/workflow/catalog_lof/run_all/data/GCST90083887_buildGRCh38_M1_001_ensg_beta_se.csv
AT482	GCST90084235	/gpfs/chencao/qinminzhang/workflow/ldsc/GWAS/all/AT482.txt.gz	/gpfs/chencao/qinminzhang/workflow/catalog_lof/run_all/data/GCST90084235_buildGRCh38_M1_001_ensg_beta_se.csv
AT238	GCST90084273	/gpfs/chencao/qinminzhang/workflow/ldsc/GWAS/all/AT238.txt.gz	/gpfs/chencao/qinminzhang/workflow/catalog_lof/run_all/data/GCST90084273_buildGRCh38_M1_001_ensg_beta_se.csv
GCST90080331	GCST90084317	/gpfs/chencao/qinminzhang/workflow/ldsc/GWAS/all/GCST90080331.txt.gz	/gpfs/chencao/qinminzhang/workflow/catalog_lof/run_all/data/GCST90084317_buildGRCh38_M1_001_ensg_beta_se.csv
GCST90080411	GCST90084397	/gpfs/chencao/qinminzhang/workflow/ldsc/GWAS/all/GCST90080411.txt.gz	/gpfs/chencao/qinminzhang/workflow/catalog_lof/run_all/data/GCST90084397_buildGRCh38_M1_001_ensg_beta_se.csv
AT061	GCST90084436	/gpfs/chencao/qinminzhang/workflow/ldsc/GWAS/all/AT061.txt.gz	/gpfs/chencao/qinminzhang/workflow/catalog_lof/run_all/data/GCST90084436_buildGRCh38_M1_001_ensg_beta_se.csv
PE05063	GCST90084606	/gpfs/chencao/qinminzhang/workflow/ldsc/GWAS/all/PE05063.txt.gz	/gpfs/chencao/qinminzhang/workflow/catalog_lof/run_all/data/GCST90084606_buildGRCh38_M1_001_ensg_beta_se.csv
GCST90080757	GCST90084743	/gpfs/chencao/qinminzhang/workflow/ldsc/GWAS/all/GCST90080757.txt.gz	/gpfs/chencao/qinminzhang/workflow/catalog_lof/run_all/data/GCST90084743_buildGRCh38_M1_001_ensg_beta_se.csv
GCST90080802	GCST90084788	/gpfs/chencao/qinminzhang/workflow/ldsc/GWAS/all/GCST90080802.txt.gz	/gpfs/chencao/qinminzhang/workflow/catalog_lof/run_all/data/GCST90084788_buildGRCh38_M1_001_ensg_beta_se.csv
GCST90080881	GCST90084867	/gpfs/chencao/qinminzhang/workflow/ldsc/GWAS/all/GCST90080881.txt.gz	/gpfs/chencao/qinminzhang/workflow/catalog_lof/run_all/data/GCST90084867_buildGRCh38_M1_001_ensg_beta_se.csv
GCST90079759	GCST90083745	/gpfs/chencao/qinminzhang/workflow/ldsc/GWAS/all/GCST90079759.txt.gz	/gpfs/chencao/qinminzhang/workflow/catalog_lof/run_all/data/GCST90083745_buildGRCh38_M1_001_ensg_beta_se.csv
GCST90079774	GCST90083760	/gpfs/chencao/qinminzhang/workflow/ldsc/GWAS/all/GCST90079774.txt.gz	/gpfs/chencao/qinminzhang/workflow/catalog_lof/run_all/data/GCST90083760_buildGRCh38_M1_001_ensg_beta_se.csv
GCST90079888	GCST90083874	/gpfs/chencao/qinminzhang/workflow/ldsc/GWAS/all/GCST90079888.txt.gz	/gpfs/chencao/qinminzhang/workflow/catalog_lof/run_all/data/GCST90083874_buildGRCh38_M1_001_ensg_beta_se.csv
AT553	GCST90083925	/gpfs/chencao/qinminzhang/workflow/ldsc/GWAS/all/AT553.txt.gz	/gpfs/chencao/qinminzhang/workflow/catalog_lof/run_all/data/GCST90083925_buildGRCh38_M1_001_ensg_beta_se.csv
AT361	GCST90083929	/gpfs/chencao/qinminzhang/workflow/ldsc/GWAS/all/AT361.txt.gz	/gpfs/chencao/qinminzhang/workflow/catalog_lof/run_all/data/GCST90083929_buildGRCh38_M1_001_ensg_beta_se.csv
GCST90080009	GCST90083995	/gpfs/chencao/qinminzhang/workflow/ldsc/GWAS/all/GCST90080009.txt.gz	/gpfs/chencao/qinminzhang/workflow/catalog_lof/run_all/data/GCST90083995_buildGRCh38_M1_001_ensg_beta_se.csv
AT096	GCST90084039	/gpfs/chencao/qinminzhang/workflow/ldsc/GWAS/all/AT096.txt.gz	/gpfs/chencao/qinminzhang/workflow/catalog_lof/run_all/data/GCST90084039_buildGRCh38_M1_001_ensg_beta_se.csv
MR02137	GCST90084057	/gpfs/chencao/qinminzhang/workflow/ldsc/GWAS/all/MR02137.txt.gz	/gpfs/chencao/qinminzhang/workflow/catalog_lof/run_all/data/GCST90084057_buildGRCh38_M1_001_ensg_beta_se.csv
GCST90080167	GCST90084153	/gpfs/chencao/qinminzhang/workflow/ldsc/GWAS/all/GCST90080167.txt.gz	/gpfs/chencao/qinminzhang/workflow/catalog_lof/run_all/data/GCST90084153_buildGRCh38_M1_001_ensg_beta_se.csv
GCST90080188	GCST90084174	/gpfs/chencao/qinminzhang/workflow/ldsc/GWAS/all/GCST90080188.txt.gz	/gpfs/chencao/qinminzhang/workflow/catalog_lof/run_all/data/GCST90084174_buildGRCh38_M1_001_ensg_beta_se.csv
GCST90080194	GCST90084180	/gpfs/chencao/qinminzhang/workflow/ldsc/GWAS/all/GCST90080194.txt.gz	/gpfs/chencao/qinminzhang/workflow/catalog_lof/run_all/data/GCST90084180_buildGRCh38_M1_001_ensg_beta_se.csv
GCST90080273	GCST90084259	/gpfs/chencao/qinminzhang/workflow/ldsc/GWAS/all/GCST90080273.txt.gz	/gpfs/chencao/qinminzhang/workflow/catalog_lof/run_all/data/GCST90084259_buildGRCh38_M1_001_ensg_beta_se.csv
GCST90080346	GCST90084332	/gpfs/chencao/qinminzhang/workflow/ldsc/GWAS/all/GCST90080346.txt.gz	/gpfs/chencao/qinminzhang/workflow/catalog_lof/run_all/data/GCST90084332_buildGRCh38_M1_001_ensg_beta_se.csv
GCST90080493	GCST90084479	/gpfs/chencao/qinminzhang/workflow/ldsc/GWAS/all/GCST90080493.txt.gz	/gpfs/chencao/qinminzhang/workflow/catalog_lof/run_all/data/GCST90084479_buildGRCh38_M1_001_ensg_beta_se.csv
MR10516	GCST90084520	/gpfs/chencao/qinminzhang/workflow/ldsc/GWAS/all/MR10516.txt.gz	/gpfs/chencao/qinminzhang/workflow/catalog_lof/run_all/data/GCST90084520_buildGRCh38_M1_001_ensg_beta_se.csv
GCST90080579	GCST90084565	/gpfs/chencao/qinminzhang/workflow/ldsc/GWAS/all/GCST90080579.txt.gz	/gpfs/chencao/qinminzhang/workflow/catalog_lof/run_all/data/GCST90084565_buildGRCh38_M1_001_ensg_beta_se.csv
GCST90474218	GCST90084625	/gpfs/chencao/qinminzhang/workflow/ldsc/GWAS/all/GCST90474218.txt.gz	/gpfs/chencao/qinminzhang/workflow/catalog_lof/run_all/data/GCST90084625_buildGRCh38_M1_001_ensg_beta_se.csv
GCST90080771	GCST90084757	/gpfs/chencao/qinminzhang/workflow/ldsc/GWAS/all/GCST90080771.txt.gz	/gpfs/chencao/qinminzhang/workflow/catalog_lof/run_all/data/GCST90084757_buildGRCh38_M1_001_ensg_beta_se.csv
GCST90080787	GCST90084773	/gpfs/chencao/qinminzhang/workflow/ldsc/GWAS/all/GCST90080787.txt.gz	/gpfs/chencao/qinminzhang/workflow/catalog_lof/run_all/data/GCST90084773_buildGRCh38_M1_001_ensg_beta_se.csv
PE05168	GCST90084824	/gpfs/chencao/qinminzhang/workflow/ldsc/GWAS/all/PE05168.txt.gz	/gpfs/chencao/qinminzhang/workflow/catalog_lof/run_all/data/GCST90084824_buildGRCh38_M1_001_ensg_beta_se.csv
GCST90080886	GCST90084872	/gpfs/chencao/qinminzhang/workflow/ldsc/GWAS/all/GCST90080886.txt.gz	/gpfs/chencao/qinminzhang/workflow/catalog_lof/run_all/data/GCST90084872_buildGRCh38_M1_001_ensg_beta_se.csv
GCST90079575	GCST90083561	/gpfs/chencao/qinminzhang/workflow/ldsc/GWAS/all/GCST90079575.txt.gz	/gpfs/chencao/qinminzhang/workflow/catalog_lof/run_all/data/GCST90083561_buildGRCh38_M1_001_ensg_beta_se.csv
MR25522	GCST90083674	/gpfs/chencao/qinminzhang/workflow/ldsc/GWAS/all/MR25522.txt.gz	/gpfs/chencao/qinminzhang/workflow/catalog_lof/run_all/data/GCST90083674_buildGRCh38_M1_001_ensg_beta_se.csv
GCST90079771	GCST90083757	/gpfs/chencao/qinminzhang/workflow/ldsc/GWAS/all/GCST90079771.txt.gz	/gpfs/chencao/qinminzhang/workflow/catalog_lof/run_all/data/GCST90083757_buildGRCh38_M1_001_ensg_beta_se.csv
AT304	GCST90083758	/gpfs/chencao/qinminzhang/workflow/ldsc/GWAS/all/AT304.txt.gz	/gpfs/chencao/qinminzhang/workflow/catalog_lof/run_all/data/GCST90083758_buildGRCh38_M1_001_ensg_beta_se.csv
GCST90079825	GCST90083811	/gpfs/chencao/qinminzhang/workflow/ldsc/GWAS/all/GCST90079825.txt.gz	/gpfs/chencao/qinminzhang/workflow/catalog_lof/run_all/data/GCST90083811_buildGRCh38_M1_001_ensg_beta_se.csv
MR39023	GCST90084001	/gpfs/chencao/qinminzhang/workflow/ldsc/GWAS/all/MR39023.txt.gz	/gpfs/chencao/qinminzhang/workflow/catalog_lof/run_all/data/GCST90084001_buildGRCh38_M1_001_ensg_beta_se.csv
PE04870	GCST90084076	/gpfs/chencao/qinminzhang/workflow/ldsc/GWAS/all/PE04870.txt.gz	/gpfs/chencao/qinminzhang/workflow/catalog_lof/run_all/data/GCST90084076_buildGRCh38_M1_001_ensg_beta_se.csv
AT206	GCST90084090	/gpfs/chencao/qinminzhang/workflow/ldsc/GWAS/all/AT206.txt.gz	/gpfs/chencao/qinminzhang/workflow/catalog_lof/run_all/data/GCST90084090_buildGRCh38_M1_001_ensg_beta_se.csv
MR34940	GCST90084101	/gpfs/chencao/qinminzhang/workflow/ldsc/GWAS/all/MR34940.txt.gz	/gpfs/chencao/qinminzhang/workflow/catalog_lof/run_all/data/GCST90084101_buildGRCh38_M1_001_ensg_beta_se.csv
GCST90080150	GCST90084136	/gpfs/chencao/qinminzhang/workflow/ldsc/GWAS/all/GCST90080150.txt.gz	/gpfs/chencao/qinminzhang/workflow/catalog_lof/run_all/data/GCST90084136_buildGRCh38_M1_001_ensg_beta_se.csv
AT484	GCST90084225	/gpfs/chencao/qinminzhang/workflow/ldsc/GWAS/all/AT484.txt.gz	/gpfs/chencao/qinminzhang/workflow/catalog_lof/run_all/data/GCST90084225_buildGRCh38_M1_001_ensg_beta_se.csv
AT367	GCST90084354	/gpfs/chencao/qinminzhang/workflow/ldsc/GWAS/all/AT367.txt.gz	/gpfs/chencao/qinminzhang/workflow/catalog_lof/run_all/data/GCST90084354_buildGRCh38_M1_001_ensg_beta_se.csv
GCST90080465	GCST90084451	/gpfs/chencao/qinminzhang/workflow/ldsc/GWAS/all/GCST90080465.txt.gz	/gpfs/chencao/qinminzhang/workflow/catalog_lof/run_all/data/GCST90084451_buildGRCh38_M1_001_ensg_beta_se.csv
GCST90080487	GCST90084473	/gpfs/chencao/qinminzhang/workflow/ldsc/GWAS/all/GCST90080487.txt.gz	/gpfs/chencao/qinminzhang/workflow/catalog_lof/run_all/data/GCST90084473_buildGRCh38_M1_001_ensg_beta_se.csv
MR00162	GCST90084518	/gpfs/chencao/qinminzhang/workflow/ldsc/GWAS/all/MR00162.txt.gz	/gpfs/chencao/qinminzhang/workflow/catalog_lof/run_all/data/GCST90084518_buildGRCh38_M1_001_ensg_beta_se.csv
AT231	GCST90084564	/gpfs/chencao/qinminzhang/workflow/ldsc/GWAS/all/AT231.txt.gz	/gpfs/chencao/qinminzhang/workflow/catalog_lof/run_all/data/GCST90084564_buildGRCh38_M1_001_ensg_beta_se.csv
GCST90080612	GCST90084598	/gpfs/chencao/qinminzhang/workflow/ldsc/GWAS/all/GCST90080612.txt.gz	/gpfs/chencao/qinminzhang/workflow/catalog_lof/run_all/data/GCST90084598_buildGRCh38_M1_001_ensg_beta_se.csv
GCST90080689	GCST90084675	/gpfs/chencao/qinminzhang/workflow/ldsc/GWAS/all/GCST90080689.txt.gz	/gpfs/chencao/qinminzhang/workflow/catalog_lof/run_all/data/GCST90084675_buildGRCh38_M1_001_ensg_beta_se.csv
GCST90080902	GCST90084888	/gpfs/chencao/qinminzhang/workflow/ldsc/GWAS/all/GCST90080902.txt.gz	/gpfs/chencao/qinminzhang/workflow/catalog_lof/run_all/data/GCST90084888_buildGRCh38_M1_001_ensg_beta_se.csv
GCST90081072	GCST90085058	/gpfs/chencao/qinminzhang/workflow/ldsc/GWAS/all/GCST90081072.txt.gz	/gpfs/chencao/qinminzhang/workflow/catalog_lof/run_all/data/GCST90085058_buildGRCh38_M1_001_ensg_beta_se.csv
GCST90081250	GCST90085236	/gpfs/chencao/qinminzhang/workflow/ldsc/GWAS/all/GCST90081250.txt.gz	/gpfs/chencao/qinminzhang/workflow/catalog_lof/run_all/data/GCST90085236_buildGRCh38_M1_001_ensg_beta_se.csv
MR32119	GCST90085393	/gpfs/chencao/qinminzhang/workflow/ldsc/GWAS/all/MR32119.txt.gz	/gpfs/chencao/qinminzhang/workflow/catalog_lof/run_all/data/GCST90085393_buildGRCh38_M1_001_ensg_beta_se.csv
GCST90081426	GCST90085412	/gpfs/chencao/qinminzhang/workflow/ldsc/GWAS/all/GCST90081426.txt.gz	/gpfs/chencao/qinminzhang/workflow/catalog_lof/run_all/data/GCST90085412_buildGRCh38_M1_001_ensg_beta_se.csv
PE04568	GCST90083572	/gpfs/chencao/qinminzhang/workflow/ldsc/GWAS/all/PE04568.txt.gz	/gpfs/chencao/qinminzhang/workflow/catalog_lof/run_all/data/GCST90083572_buildGRCh38_M1_001_ensg_beta_se.csv
GCST90079686	GCST90083672	/gpfs/chencao/qinminzhang/workflow/ldsc/GWAS/all/GCST90079686.txt.gz	/gpfs/chencao/qinminzhang/workflow/catalog_lof/run_all/data/GCST90083672_buildGRCh38_M1_001_ensg_beta_se.csv
GCST90079687	GCST90083673	/gpfs/chencao/qinminzhang/workflow/ldsc/GWAS/all/GCST90079687.txt.gz	/gpfs/chencao/qinminzhang/workflow/catalog_lof/run_all/data/GCST90083673_buildGRCh38_M1_001_ensg_beta_se.csv
GCST90079723	GCST90083709	/gpfs/chencao/qinminzhang/workflow/ldsc/GWAS/all/GCST90079723.txt.gz	/gpfs/chencao/qinminzhang/workflow/catalog_lof/run_all/data/GCST90083709_buildGRCh38_M1_001_ensg_beta_se.csv
AT024	GCST90083832	/gpfs/chencao/qinminzhang/workflow/ldsc/GWAS/all/AT024.txt.gz	/gpfs/chencao/qinminzhang/workflow/catalog_lof/run_all/data/GCST90083832_buildGRCh38_M1_001_ensg_beta_se.csv
AT023	GCST90083834	/gpfs/chencao/qinminzhang/workflow/ldsc/GWAS/all/AT023.txt.gz	/gpfs/chencao/qinminzhang/workflow/catalog_lof/run_all/data/GCST90083834_buildGRCh38_M1_001_ensg_beta_se.csv
GCST90079873	GCST90083859	/gpfs/chencao/qinminzhang/workflow/ldsc/GWAS/all/GCST90079873.txt.gz	/gpfs/chencao/qinminzhang/workflow/catalog_lof/run_all/data/GCST90083859_buildGRCh38_M1_001_ensg_beta_se.csv
AT062	GCST90083867	/gpfs/chencao/qinminzhang/workflow/ldsc/GWAS/all/AT062.txt.gz	/gpfs/chencao/qinminzhang/workflow/catalog_lof/run_all/data/GCST90083867_buildGRCh38_M1_001_ensg_beta_se.csv
GCST90079885	GCST90083871	/gpfs/chencao/qinminzhang/workflow/ldsc/GWAS/all/GCST90079885.txt.gz	/gpfs/chencao/qinminzhang/workflow/catalog_lof/run_all/data/GCST90083871_buildGRCh38_M1_001_ensg_beta_se.csv
AT453	GCST90083883	/gpfs/chencao/qinminzhang/workflow/ldsc/GWAS/all/AT453.txt.gz	/gpfs/chencao/qinminzhang/workflow/catalog_lof/run_all/data/GCST90083883_buildGRCh38_M1_001_ensg_beta_se.csv
GCST90079907	GCST90083893	/gpfs/chencao/qinminzhang/workflow/ldsc/GWAS/all/GCST90079907.txt.gz	/gpfs/chencao/qinminzhang/workflow/catalog_lof/run_all/data/GCST90083893_buildGRCh38_M1_001_ensg_beta_se.csv
GCST90079982	GCST90083968	/gpfs/chencao/qinminzhang/workflow/ldsc/GWAS/all/GCST90079982.txt.gz	/gpfs/chencao/qinminzhang/workflow/catalog_lof/run_all/data/GCST90083968_buildGRCh38_M1_001_ensg_beta_se.csv
AT402	GCST90083973	/gpfs/chencao/qinminzhang/workflow/ldsc/GWAS/all/AT402.txt.gz	/gpfs/chencao/qinminzhang/workflow/catalog_lof/run_all/data/GCST90083973_buildGRCh38_M1_001_ensg_beta_se.csv
AT331	GCST90084034	/gpfs/chencao/qinminzhang/workflow/ldsc/GWAS/all/AT331.txt.gz	/gpfs/chencao/qinminzhang/workflow/catalog_lof/run_all/data/GCST90084034_buildGRCh38_M1_001_ensg_beta_se.csv
AT392	GCST90084165	/gpfs/chencao/qinminzhang/workflow/ldsc/GWAS/all/AT392.txt.gz	/gpfs/chencao/qinminzhang/workflow/catalog_lof/run_all/data/GCST90084165_buildGRCh38_M1_001_ensg_beta_se.csv
GCST90080375	GCST90084361	/gpfs/chencao/qinminzhang/workflow/ldsc/GWAS/all/GCST90080375.txt.gz	/gpfs/chencao/qinminzhang/workflow/catalog_lof/run_all/data/GCST90084361_buildGRCh38_M1_001_ensg_beta_se.csv
AT571	GCST90084365	/gpfs/chencao/qinminzhang/workflow/ldsc/GWAS/all/AT571.txt.gz	/gpfs/chencao/qinminzhang/workflow/catalog_lof/run_all/data/GCST90084365_buildGRCh38_M1_001_ensg_beta_se.csv
GCST90080561	GCST90084547	/gpfs/chencao/qinminzhang/workflow/ldsc/GWAS/all/GCST90080561.txt.gz	/gpfs/chencao/qinminzhang/workflow/catalog_lof/run_all/data/GCST90084547_buildGRCh38_M1_001_ensg_beta_se.csv
PE05108	GCST90084704	/gpfs/chencao/qinminzhang/workflow/ldsc/GWAS/all/PE05108.txt.gz	/gpfs/chencao/qinminzhang/workflow/catalog_lof/run_all/data/GCST90084704_buildGRCh38_M1_001_ensg_beta_se.csv
PE05161	GCST90084803	/gpfs/chencao/qinminzhang/workflow/ldsc/GWAS/all/PE05161.txt.gz	/gpfs/chencao/qinminzhang/workflow/catalog_lof/run_all/data/GCST90084803_buildGRCh38_M1_001_ensg_beta_se.csv
PE05181	GCST90084870	/gpfs/chencao/qinminzhang/workflow/ldsc/GWAS/all/PE05181.txt.gz	/gpfs/chencao/qinminzhang/workflow/catalog_lof/run_all/data/GCST90084870_buildGRCh38_M1_001_ensg_beta_se.csv
GCST90080885	GCST90084871	/gpfs/chencao/qinminzhang/workflow/ldsc/GWAS/all/GCST90080885.txt.gz	/gpfs/chencao/qinminzhang/workflow/catalog_lof/run_all/data/GCST90084871_buildGRCh38_M1_001_ensg_beta_se.csv
GCST90080890	GCST90084876	/gpfs/chencao/qinminzhang/workflow/ldsc/GWAS/all/GCST90080890.txt.gz	/gpfs/chencao/qinminzhang/workflow/catalog_lof/run_all/data/GCST90084876_buildGRCh38_M1_001_ensg_beta_se.csv
GCST90081255	GCST90085241	/gpfs/chencao/qinminzhang/workflow/ldsc/GWAS/all/GCST90081255.txt.gz	/gpfs/chencao/qinminzhang/workflow/catalog_lof/run_all/data/GCST90085241_buildGRCh38_M1_001_ensg_beta_se.csv
PE04562	GCST90083562	/gpfs/chencao/qinminzhang/workflow/ldsc/GWAS/all/PE04562.txt.gz	/gpfs/chencao/qinminzhang/workflow/catalog_lof/run_all/data/GCST90083562_buildGRCh38_M1_001_ensg_beta_se.csv
AT421	GCST90083598	/gpfs/chencao/qinminzhang/workflow/ldsc/GWAS/all/AT421.txt.gz	/gpfs/chencao/qinminzhang/workflow/catalog_lof/run_all/data/GCST90083598_buildGRCh38_M1_001_ensg_beta_se.csv
GCST90079685	GCST90083671	/gpfs/chencao/qinminzhang/workflow/ldsc/GWAS/all/GCST90079685.txt.gz	/gpfs/chencao/qinminzhang/workflow/catalog_lof/run_all/data/GCST90083671_buildGRCh38_M1_001_ensg_beta_se.csv
GCST90079702	GCST90083688	/gpfs/chencao/qinminzhang/workflow/ldsc/GWAS/all/GCST90079702.txt.gz	/gpfs/chencao/qinminzhang/workflow/catalog_lof/run_all/data/GCST90083688_buildGRCh38_M1_001_ensg_beta_se.csv
PE04733	GCST90083823	/gpfs/chencao/qinminzhang/workflow/ldsc/GWAS/all/PE04733.txt.gz	/gpfs/chencao/qinminzhang/workflow/catalog_lof/run_all/data/GCST90083823_buildGRCh38_M1_001_ensg_beta_se.csv
AT221	GCST90083976	/gpfs/chencao/qinminzhang/workflow/ldsc/GWAS/all/AT221.txt.gz	/gpfs/chencao/qinminzhang/workflow/catalog_lof/run_all/data/GCST90083976_buildGRCh38_M1_001_ensg_beta_se.csv
PE04919	GCST90084186	/gpfs/chencao/qinminzhang/workflow/ldsc/GWAS/all/PE04919.txt.gz	/gpfs/chencao/qinminzhang/workflow/catalog_lof/run_all/data/GCST90084186_buildGRCh38_M1_001_ensg_beta_se.csv
AT412	GCST90084267	/gpfs/chencao/qinminzhang/workflow/ldsc/GWAS/all/AT412.txt.gz	/gpfs/chencao/qinminzhang/workflow/catalog_lof/run_all/data/GCST90084267_buildGRCh38_M1_001_ensg_beta_se.csv
AT136	GCST90084290	/gpfs/chencao/qinminzhang/workflow/ldsc/GWAS/all/AT136.txt.gz	/gpfs/chencao/qinminzhang/workflow/catalog_lof/run_all/data/GCST90084290_buildGRCh38_M1_001_ensg_beta_se.csv
GCST90080488	GCST90084474	/gpfs/chencao/qinminzhang/workflow/ldsc/GWAS/all/GCST90080488.txt.gz	/gpfs/chencao/qinminzhang/workflow/catalog_lof/run_all/data/GCST90084474_buildGRCh38_M1_001_ensg_beta_se.csv
GCST90080710	GCST90084696	/gpfs/chencao/qinminzhang/workflow/ldsc/GWAS/all/GCST90080710.txt.gz	/gpfs/chencao/qinminzhang/workflow/catalog_lof/run_all/data/GCST90084696_buildGRCh38_M1_001_ensg_beta_se.csv
GCST90080867	GCST90084853	/gpfs/chencao/qinminzhang/workflow/ldsc/GWAS/all/GCST90080867.txt.gz	/gpfs/chencao/qinminzhang/workflow/catalog_lof/run_all/data/GCST90084853_buildGRCh38_M1_001_ensg_beta_se.csv
GCST90080879	GCST90084865	/gpfs/chencao/qinminzhang/workflow/ldsc/GWAS/all/GCST90080879.txt.gz	/gpfs/chencao/qinminzhang/workflow/catalog_lof/run_all/data/GCST90084865_buildGRCh38_M1_001_ensg_beta_se.csv
GCST90080959	GCST90084945	/gpfs/chencao/qinminzhang/workflow/ldsc/GWAS/all/GCST90080959.txt.gz	/gpfs/chencao/qinminzhang/workflow/catalog_lof/run_all/data/GCST90084945_buildGRCh38_M1_001_ensg_beta_se.csv
GCST90080968	GCST90084954	/gpfs/chencao/qinminzhang/workflow/ldsc/GWAS/all/GCST90080968.txt.gz	/gpfs/chencao/qinminzhang/workflow/catalog_lof/run_all/data/GCST90084954_buildGRCh38_M1_001_ensg_beta_se.csv
GCST90081023	GCST90085009	/gpfs/chencao/qinminzhang/workflow/ldsc/GWAS/all/GCST90081023.txt.gz	/gpfs/chencao/qinminzhang/workflow/catalog_lof/run_all/data/GCST90085009_buildGRCh38_M1_001_ensg_beta_se.csv
GCST90081024	GCST90085010	/gpfs/chencao/qinminzhang/workflow/ldsc/GWAS/all/GCST90081024.txt.gz	/gpfs/chencao/qinminzhang/workflow/catalog_lof/run_all/data/GCST90085010_buildGRCh38_M1_001_ensg_beta_se.csv
GCST90081065	GCST90085051	/gpfs/chencao/qinminzhang/workflow/ldsc/GWAS/all/GCST90081065.txt.gz	/gpfs/chencao/qinminzhang/workflow/catalog_lof/run_all/data/GCST90085051_buildGRCh38_M1_001_ensg_beta_se.csv
PE05401	GCST90085208	/gpfs/chencao/qinminzhang/workflow/ldsc/GWAS/all/PE05401.txt.gz	/gpfs/chencao/qinminzhang/workflow/catalog_lof/run_all/data/GCST90085208_buildGRCh38_M1_001_ensg_beta_se.csv
GCST90081283	GCST90085269	/gpfs/chencao/qinminzhang/workflow/ldsc/GWAS/all/GCST90081283.txt.gz	/gpfs/chencao/qinminzhang/workflow/catalog_lof/run_all/data/GCST90085269_buildGRCh38_M1_001_ensg_beta_se.csv
PA01026	GCST90085301	/gpfs/chencao/qinminzhang/workflow/ldsc/GWAS/all/PA01026.txt.gz	/gpfs/chencao/qinminzhang/workflow/catalog_lof/run_all/data/GCST90085301_buildGRCh38_M1_001_ensg_beta_se.csv
MR29807	GCST90085405	/gpfs/chencao/qinminzhang/workflow/ldsc/GWAS/all/MR29807.txt.gz	/gpfs/chencao/qinminzhang/workflow/catalog_lof/run_all/data/GCST90085405_buildGRCh38_M1_001_ensg_beta_se.csv
AT337	GCST90083569	/gpfs/chencao/qinminzhang/workflow/ldsc/GWAS/all/AT337.txt.gz	/gpfs/chencao/qinminzhang/workflow/catalog_lof/run_all/data/GCST90083569_buildGRCh38_M1_001_ensg_beta_se.csv
PE04578	GCST90083592	/gpfs/chencao/qinminzhang/workflow/ldsc/GWAS/all/PE04578.txt.gz	/gpfs/chencao/qinminzhang/workflow/catalog_lof/run_all/data/GCST90083592_buildGRCh38_M1_001_ensg_beta_se.csv
GCST90079709	GCST90083695	/gpfs/chencao/qinminzhang/workflow/ldsc/GWAS/all/GCST90079709.txt.gz	/gpfs/chencao/qinminzhang/workflow/catalog_lof/run_all/data/GCST90083695_buildGRCh38_M1_001_ensg_beta_se.csv
AT538	GCST90083853	/gpfs/chencao/qinminzhang/workflow/ldsc/GWAS/all/AT538.txt.gz	/gpfs/chencao/qinminzhang/workflow/catalog_lof/run_all/data/GCST90083853_buildGRCh38_M1_001_ensg_beta_se.csv
GCST90079878	GCST90083864	/gpfs/chencao/qinminzhang/workflow/ldsc/GWAS/all/GCST90079878.txt.gz	/gpfs/chencao/qinminzhang/workflow/catalog_lof/run_all/data/GCST90083864_buildGRCh38_M1_001_ensg_beta_se.csv
GCST90079886	GCST90083872	/gpfs/chencao/qinminzhang/workflow/ldsc/GWAS/all/GCST90079886.txt.gz	/gpfs/chencao/qinminzhang/workflow/catalog_lof/run_all/data/GCST90083872_buildGRCh38_M1_001_ensg_beta_se.csv
GCST90079948	GCST90083934	/gpfs/chencao/qinminzhang/workflow/ldsc/GWAS/all/GCST90079948.txt.gz	/gpfs/chencao/qinminzhang/workflow/catalog_lof/run_all/data/GCST90083934_buildGRCh38_M1_001_ensg_beta_se.csv
GCST90080140	GCST90084126	/gpfs/chencao/qinminzhang/workflow/ldsc/GWAS/all/GCST90080140.txt.gz	/gpfs/chencao/qinminzhang/workflow/catalog_lof/run_all/data/GCST90084126_buildGRCh38_M1_001_ensg_beta_se.csv
AT066	GCST90084433	/gpfs/chencao/qinminzhang/workflow/ldsc/GWAS/all/AT066.txt.gz	/gpfs/chencao/qinminzhang/workflow/catalog_lof/run_all/data/GCST90084433_buildGRCh38_M1_001_ensg_beta_se.csv
GCST90080566	GCST90084552	/gpfs/chencao/qinminzhang/workflow/ldsc/GWAS/all/GCST90080566.txt.gz	/gpfs/chencao/qinminzhang/workflow/catalog_lof/run_all/data/GCST90084552_buildGRCh38_M1_001_ensg_beta_se.csv
AT430	GCST90084554	/gpfs/chencao/qinminzhang/workflow/ldsc/GWAS/all/AT430.txt.gz	/gpfs/chencao/qinminzhang/workflow/catalog_lof/run_all/data/GCST90084554_buildGRCh38_M1_001_ensg_beta_se.csv
PE05189	GCST90084892	/gpfs/chencao/qinminzhang/workflow/ldsc/GWAS/all/PE05189.txt.gz	/gpfs/chencao/qinminzhang/workflow/catalog_lof/run_all/data/GCST90084892_buildGRCh38_M1_001_ensg_beta_se.csv
PE05190	GCST90084894	/gpfs/chencao/qinminzhang/workflow/ldsc/GWAS/all/PE05190.txt.gz	/gpfs/chencao/qinminzhang/workflow/catalog_lof/run_all/data/GCST90084894_buildGRCh38_M1_001_ensg_beta_se.csv
PE05212	GCST90084944	/gpfs/chencao/qinminzhang/workflow/ldsc/GWAS/all/PE05212.txt.gz	/gpfs/chencao/qinminzhang/workflow/catalog_lof/run_all/data/GCST90084944_buildGRCh38_M1_001_ensg_beta_se.csv
GCST90080979	GCST90084965	/gpfs/chencao/qinminzhang/workflow/ldsc/GWAS/all/GCST90080979.txt.gz	/gpfs/chencao/qinminzhang/workflow/catalog_lof/run_all/data/GCST90084965_buildGRCh38_M1_001_ensg_beta_se.csv
PE05293	GCST90085075	/gpfs/chencao/qinminzhang/workflow/ldsc/GWAS/all/PE05293.txt.gz	/gpfs/chencao/qinminzhang/workflow/catalog_lof/run_all/data/GCST90085075_buildGRCh38_M1_001_ensg_beta_se.csv
GCST90081381	GCST90085367	/gpfs/chencao/qinminzhang/workflow/ldsc/GWAS/all/GCST90081381.txt.gz	/gpfs/chencao/qinminzhang/workflow/catalog_lof/run_all/data/GCST90085367_buildGRCh38_M1_001_ensg_beta_se.csv
MR27796	GCST90085413	/gpfs/chencao/qinminzhang/workflow/ldsc/GWAS/all/MR27796.txt.gz	/gpfs/chencao/qinminzhang/workflow/catalog_lof/run_all/data/GCST90085413_buildGRCh38_M1_001_ensg_beta_se.csv
GCST90081442	GCST90085428	/gpfs/chencao/qinminzhang/workflow/ldsc/GWAS/all/GCST90081442.txt.gz	/gpfs/chencao/qinminzhang/workflow/catalog_lof/run_all/data/GCST90085428_buildGRCh38_M1_001_ensg_beta_se.csv
AT446	GCST90083567	/gpfs/chencao/qinminzhang/workflow/ldsc/GWAS/all/AT446.txt.gz	/gpfs/chencao/qinminzhang/workflow/catalog_lof/run_all/data/GCST90083567_buildGRCh38_M1_001_ensg_beta_se.csv
AT532	GCST90083595	/gpfs/chencao/qinminzhang/workflow/ldsc/GWAS/all/AT532.txt.gz	/gpfs/chencao/qinminzhang/workflow/catalog_lof/run_all/data/GCST90083595_buildGRCh38_M1_001_ensg_beta_se.csv
PE04586	GCST90083600	/gpfs/chencao/qinminzhang/workflow/ldsc/GWAS/all/PE04586.txt.gz	/gpfs/chencao/qinminzhang/workflow/catalog_lof/run_all/data/GCST90083600_buildGRCh38_M1_001_ensg_beta_se.csv
GCST90079636	GCST90083622	/gpfs/chencao/qinminzhang/workflow/ldsc/GWAS/all/GCST90079636.txt.gz	/gpfs/chencao/qinminzhang/workflow/catalog_lof/run_all/data/GCST90083622_buildGRCh38_M1_001_ensg_beta_se.csv
PE04625	GCST90083678	/gpfs/chencao/qinminzhang/workflow/ldsc/GWAS/all/PE04625.txt.gz	/gpfs/chencao/qinminzhang/workflow/catalog_lof/run_all/data/GCST90083678_buildGRCh38_M1_001_ensg_beta_se.csv
GCST90079931	GCST90083917	/gpfs/chencao/qinminzhang/workflow/ldsc/GWAS/all/GCST90079931.txt.gz	/gpfs/chencao/qinminzhang/workflow/catalog_lof/run_all/data/GCST90083917_buildGRCh38_M1_001_ensg_beta_se.csv
AT592	GCST90084149	/gpfs/chencao/qinminzhang/workflow/ldsc/GWAS/all/AT592.txt.gz	/gpfs/chencao/qinminzhang/workflow/catalog_lof/run_all/data/GCST90084149_buildGRCh38_M1_001_ensg_beta_se.csv
AT393	GCST90084163	/gpfs/chencao/qinminzhang/workflow/ldsc/GWAS/all/AT393.txt.gz	/gpfs/chencao/qinminzhang/workflow/catalog_lof/run_all/data/GCST90084163_buildGRCh38_M1_001_ensg_beta_se.csv
GCST90080195	GCST90084181	/gpfs/chencao/qinminzhang/workflow/ldsc/GWAS/all/GCST90080195.txt.gz	/gpfs/chencao/qinminzhang/workflow/catalog_lof/run_all/data/GCST90084181_buildGRCh38_M1_001_ensg_beta_se.csv
GCST90080231	GCST90084217	/gpfs/chencao/qinminzhang/workflow/ldsc/GWAS/all/GCST90080231.txt.gz	/gpfs/chencao/qinminzhang/workflow/catalog_lof/run_all/data/GCST90084217_buildGRCh38_M1_001_ensg_beta_se.csv
AT415	GCST90084260	/gpfs/chencao/qinminzhang/workflow/ldsc/GWAS/all/AT415.txt.gz	/gpfs/chencao/qinminzhang/workflow/catalog_lof/run_all/data/GCST90084260_buildGRCh38_M1_001_ensg_beta_se.csv
PE04977	GCST90084344	/gpfs/chencao/qinminzhang/workflow/ldsc/GWAS/all/PE04977.txt.gz	/gpfs/chencao/qinminzhang/workflow/catalog_lof/run_all/data/GCST90084344_buildGRCh38_M1_001_ensg_beta_se.csv
GCST90080362	GCST90084348	/gpfs/chencao/qinminzhang/workflow/ldsc/GWAS/all/GCST90080362.txt.gz	/gpfs/chencao/qinminzhang/workflow/catalog_lof/run_all/data/GCST90084348_buildGRCh38_M1_001_ensg_beta_se.csv
PE05151	GCST90084740	/gpfs/chencao/qinminzhang/workflow/ldsc/GWAS/all/PE05151.txt.gz	/gpfs/chencao/qinminzhang/workflow/catalog_lof/run_all/data/GCST90084740_buildGRCh38_M1_001_ensg_beta_se.csv
GCST90080938	GCST90084924	/gpfs/chencao/qinminzhang/workflow/ldsc/GWAS/all/GCST90080938.txt.gz	/gpfs/chencao/qinminzhang/workflow/catalog_lof/run_all/data/GCST90084924_buildGRCh38_M1_001_ensg_beta_se.csv
GCST90080967	GCST90084953	/gpfs/chencao/qinminzhang/workflow/ldsc/GWAS/all/GCST90080967.txt.gz	/gpfs/chencao/qinminzhang/workflow/catalog_lof/run_all/data/GCST90084953_buildGRCh38_M1_001_ensg_beta_se.csv
GCST90081022	GCST90085008	/gpfs/chencao/qinminzhang/workflow/ldsc/GWAS/all/GCST90081022.txt.gz	/gpfs/chencao/qinminzhang/workflow/catalog_lof/run_all/data/GCST90085008_buildGRCh38_M1_001_ensg_beta_se.csv
GCST90081170	GCST90085156	/gpfs/chencao/qinminzhang/workflow/ldsc/GWAS/all/GCST90081170.txt.gz	/gpfs/chencao/qinminzhang/workflow/catalog_lof/run_all/data/GCST90085156_buildGRCh38_M1_001_ensg_beta_se.csv
GCST90079559	GCST90083545	/gpfs/chencao/qinminzhang/workflow/ldsc/GWAS/all/GCST90079559.txt.gz	/gpfs/chencao/qinminzhang/workflow/catalog_lof/run_all/data/GCST90083545_buildGRCh38_M1_001_ensg_beta_se.csv
AT060	GCST90083579	/gpfs/chencao/qinminzhang/workflow/ldsc/GWAS/all/AT060.txt.gz	/gpfs/chencao/qinminzhang/workflow/catalog_lof/run_all/data/GCST90083579_buildGRCh38_M1_001_ensg_beta_se.csv
GCST90079663	GCST90083649	/gpfs/chencao/qinminzhang/workflow/ldsc/GWAS/all/GCST90079663.txt.gz	/gpfs/chencao/qinminzhang/workflow/catalog_lof/run_all/data/GCST90083649_buildGRCh38_M1_001_ensg_beta_se.csv
GCST90079887	GCST90083873	/gpfs/chencao/qinminzhang/workflow/ldsc/GWAS/all/GCST90079887.txt.gz	/gpfs/chencao/qinminzhang/workflow/catalog_lof/run_all/data/GCST90083873_buildGRCh38_M1_001_ensg_beta_se.csv
AT653	GCST90083898	/gpfs/chencao/qinminzhang/workflow/ldsc/GWAS/all/AT653.txt.gz	/gpfs/chencao/qinminzhang/workflow/catalog_lof/run_all/data/GCST90083898_buildGRCh38_M1_001_ensg_beta_se.csv
AT139	GCST90084299	/gpfs/chencao/qinminzhang/workflow/ldsc/GWAS/all/AT139.txt.gz	/gpfs/chencao/qinminzhang/workflow/catalog_lof/run_all/data/GCST90084299_buildGRCh38_M1_001_ensg_beta_se.csv
AT570	GCST90084363	/gpfs/chencao/qinminzhang/workflow/ldsc/GWAS/all/AT570.txt.gz	/gpfs/chencao/qinminzhang/workflow/catalog_lof/run_all/data/GCST90084363_buildGRCh38_M1_001_ensg_beta_se.csv
AT529	GCST90084593	/gpfs/chencao/qinminzhang/workflow/ldsc/GWAS/all/AT529.txt.gz	/gpfs/chencao/qinminzhang/workflow/catalog_lof/run_all/data/GCST90084593_buildGRCh38_M1_001_ensg_beta_se.csv
AT531	GCST90084596	/gpfs/chencao/qinminzhang/workflow/ldsc/GWAS/all/AT531.txt.gz	/gpfs/chencao/qinminzhang/workflow/catalog_lof/run_all/data/GCST90084596_buildGRCh38_M1_001_ensg_beta_se.csv
AT408	GCST90084627	/gpfs/chencao/qinminzhang/workflow/ldsc/GWAS/all/AT408.txt.gz	/gpfs/chencao/qinminzhang/workflow/catalog_lof/run_all/data/GCST90084627_buildGRCh38_M1_001_ensg_beta_se.csv
PE05166	GCST90084817	/gpfs/chencao/qinminzhang/workflow/ldsc/GWAS/all/PE05166.txt.gz	/gpfs/chencao/qinminzhang/workflow/catalog_lof/run_all/data/GCST90084817_buildGRCh38_M1_001_ensg_beta_se.csv
PE05170	GCST90084839	/gpfs/chencao/qinminzhang/workflow/ldsc/GWAS/all/PE05170.txt.gz	/gpfs/chencao/qinminzhang/workflow/catalog_lof/run_all/data/GCST90084839_buildGRCh38_M1_001_ensg_beta_se.csv
PE05202	GCST90084927	/gpfs/chencao/qinminzhang/workflow/ldsc/GWAS/all/PE05202.txt.gz	/gpfs/chencao/qinminzhang/workflow/catalog_lof/run_all/data/GCST90084927_buildGRCh38_M1_001_ensg_beta_se.csv
GCST90080953	GCST90084939	/gpfs/chencao/qinminzhang/workflow/ldsc/GWAS/all/GCST90080953.txt.gz	/gpfs/chencao/qinminzhang/workflow/catalog_lof/run_all/data/GCST90084939_buildGRCh38_M1_001_ensg_beta_se.csv
GCST90080962	GCST90084948	/gpfs/chencao/qinminzhang/workflow/ldsc/GWAS/all/GCST90080962.txt.gz	/gpfs/chencao/qinminzhang/workflow/catalog_lof/run_all/data/GCST90084948_buildGRCh38_M1_001_ensg_beta_se.csv
GCST90081020	GCST90085006	/gpfs/chencao/qinminzhang/workflow/ldsc/GWAS/all/GCST90081020.txt.gz	/gpfs/chencao/qinminzhang/workflow/catalog_lof/run_all/data/GCST90085006_buildGRCh38_M1_001_ensg_beta_se.csv
GCST90081131	GCST90085117	/gpfs/chencao/qinminzhang/workflow/ldsc/GWAS/all/GCST90081131.txt.gz	/gpfs/chencao/qinminzhang/workflow/catalog_lof/run_all/data/GCST90085117_buildGRCh38_M1_001_ensg_beta_se.csv
GCST90081393	GCST90085379	/gpfs/chencao/qinminzhang/workflow/ldsc/GWAS/all/GCST90081393.txt.gz	/gpfs/chencao/qinminzhang/workflow/catalog_lof/run_all/data/GCST90085379_buildGRCh38_M1_001_ensg_beta_se.csv
GCST90079661	GCST90083647	/gpfs/chencao/qinminzhang/workflow/ldsc/GWAS/all/GCST90079661.txt.gz	/gpfs/chencao/qinminzhang/workflow/catalog_lof/run_all/data/GCST90083647_buildGRCh38_M1_001_ensg_beta_se.csv
GCST90079674	GCST90083660	/gpfs/chencao/qinminzhang/workflow/ldsc/GWAS/all/GCST90079674.txt.gz	/gpfs/chencao/qinminzhang/workflow/catalog_lof/run_all/data/GCST90083660_buildGRCh38_M1_001_ensg_beta_se.csv
BE186	GCST90083670	/gpfs/chencao/qinminzhang/workflow/ldsc/GWAS/all/BE186.txt.gz	/gpfs/chencao/qinminzhang/workflow/catalog_lof/run_all/data/GCST90083670_buildGRCh38_M1_001_ensg_beta_se.csv
AT537	GCST90083860	/gpfs/chencao/qinminzhang/workflow/ldsc/GWAS/all/AT537.txt.gz	/gpfs/chencao/qinminzhang/workflow/catalog_lof/run_all/data/GCST90083860_buildGRCh38_M1_001_ensg_beta_se.csv
AT059	GCST90083869	/gpfs/chencao/qinminzhang/workflow/ldsc/GWAS/all/AT059.txt.gz	/gpfs/chencao/qinminzhang/workflow/catalog_lof/run_all/data/GCST90083869_buildGRCh38_M1_001_ensg_beta_se.csv
GCST90080123	GCST90084109	/gpfs/chencao/qinminzhang/workflow/ldsc/GWAS/all/GCST90080123.txt.gz	/gpfs/chencao/qinminzhang/workflow/catalog_lof/run_all/data/GCST90084109_buildGRCh38_M1_001_ensg_beta_se.csv
GCST90080153	GCST90084139	/gpfs/chencao/qinminzhang/workflow/ldsc/GWAS/all/GCST90080153.txt.gz	/gpfs/chencao/qinminzhang/workflow/catalog_lof/run_all/data/GCST90084139_buildGRCh38_M1_001_ensg_beta_se.csv
GCST90080178	GCST90084164	/gpfs/chencao/qinminzhang/workflow/ldsc/GWAS/all/GCST90080178.txt.gz	/gpfs/chencao/qinminzhang/workflow/catalog_lof/run_all/data/GCST90084164_buildGRCh38_M1_001_ensg_beta_se.csv
GCST90080453	GCST90084439	/gpfs/chencao/qinminzhang/workflow/ldsc/GWAS/all/GCST90080453.txt.gz	/gpfs/chencao/qinminzhang/workflow/catalog_lof/run_all/data/GCST90084439_buildGRCh38_M1_001_ensg_beta_se.csv
GCST90080463	GCST90084449	/gpfs/chencao/qinminzhang/workflow/ldsc/GWAS/all/GCST90080463.txt.gz	/gpfs/chencao/qinminzhang/workflow/catalog_lof/run_all/data/GCST90084449_buildGRCh38_M1_001_ensg_beta_se.csv
AT639	GCST90084501	/gpfs/chencao/qinminzhang/workflow/ldsc/GWAS/all/AT639.txt.gz	/gpfs/chencao/qinminzhang/workflow/catalog_lof/run_all/data/GCST90084501_buildGRCh38_M1_001_ensg_beta_se.csv
PE05084	GCST90084660	/gpfs/chencao/qinminzhang/workflow/ldsc/GWAS/all/PE05084.txt.gz	/gpfs/chencao/qinminzhang/workflow/catalog_lof/run_all/data/GCST90084660_buildGRCh38_M1_001_ensg_beta_se.csv
PA01024	GCST90084778	/gpfs/chencao/qinminzhang/workflow/ldsc/GWAS/all/PA01024.txt.gz	/gpfs/chencao/qinminzhang/workflow/catalog_lof/run_all/data/GCST90084778_buildGRCh38_M1_001_ensg_beta_se.csv
GCST90080877	GCST90084863	/gpfs/chencao/qinminzhang/workflow/ldsc/GWAS/all/GCST90080877.txt.gz	/gpfs/chencao/qinminzhang/workflow/catalog_lof/run_all/data/GCST90084863_buildGRCh38_M1_001_ensg_beta_se.csv
GCST90081032	GCST90085018	/gpfs/chencao/qinminzhang/workflow/ldsc/GWAS/all/GCST90081032.txt.gz	/gpfs/chencao/qinminzhang/workflow/catalog_lof/run_all/data/GCST90085018_buildGRCh38_M1_001_ensg_beta_se.csv
GCST90081312	GCST90085298	/gpfs/chencao/qinminzhang/workflow/ldsc/GWAS/all/GCST90081312.txt.gz	/gpfs/chencao/qinminzhang/workflow/catalog_lof/run_all/data/GCST90085298_buildGRCh38_M1_001_ensg_beta_se.csv
PE05454	GCST90085420	/gpfs/chencao/qinminzhang/workflow/ldsc/GWAS/all/PE05454.txt.gz	/gpfs/chencao/qinminzhang/workflow/catalog_lof/run_all/data/GCST90085420_buildGRCh38_M1_001_ensg_beta_se.csv
GCST90079654	GCST90083640	/gpfs/chencao/qinminzhang/workflow/ldsc/GWAS/all/GCST90079654.txt.gz	/gpfs/chencao/qinminzhang/workflow/catalog_lof/run_all/data/GCST90083640_buildGRCh38_M1_001_ensg_beta_se.csv
GCST90079690	GCST90083676	/gpfs/chencao/qinminzhang/workflow/ldsc/GWAS/all/GCST90079690.txt.gz	/gpfs/chencao/qinminzhang/workflow/catalog_lof/run_all/data/GCST90083676_buildGRCh38_M1_001_ensg_beta_se.csv
GCST90079733	GCST90083719	/gpfs/chencao/qinminzhang/workflow/ldsc/GWAS/all/GCST90079733.txt.gz	/gpfs/chencao/qinminzhang/workflow/catalog_lof/run_all/data/GCST90083719_buildGRCh38_M1_001_ensg_beta_se.csv
GCST90079742	GCST90083728	/gpfs/chencao/qinminzhang/workflow/ldsc/GWAS/all/GCST90079742.txt.gz	/gpfs/chencao/qinminzhang/workflow/catalog_lof/run_all/data/GCST90083728_buildGRCh38_M1_001_ensg_beta_se.csv
AT291	GCST90083844	/gpfs/chencao/qinminzhang/workflow/ldsc/GWAS/all/AT291.txt.gz	/gpfs/chencao/qinminzhang/workflow/catalog_lof/run_all/data/GCST90083844_buildGRCh38_M1_001_ensg_beta_se.csv
AT171	GCST90083910	/gpfs/chencao/qinminzhang/workflow/ldsc/GWAS/all/AT171.txt.gz	/gpfs/chencao/qinminzhang/workflow/catalog_lof/run_all/data/GCST90083910_buildGRCh38_M1_001_ensg_beta_se.csv
PE04861	GCST90084064	/gpfs/chencao/qinminzhang/workflow/ldsc/GWAS/all/PE04861.txt.gz	/gpfs/chencao/qinminzhang/workflow/catalog_lof/run_all/data/GCST90084064_buildGRCh38_M1_001_ensg_beta_se.csv
GCST90080121	GCST90084107	/gpfs/chencao/qinminzhang/workflow/ldsc/GWAS/all/GCST90080121.txt.gz	/gpfs/chencao/qinminzhang/workflow/catalog_lof/run_all/data/GCST90084107_buildGRCh38_M1_001_ensg_beta_se.csv
GCST90080183	GCST90084169	/gpfs/chencao/qinminzhang/workflow/ldsc/GWAS/all/GCST90080183.txt.gz	/gpfs/chencao/qinminzhang/workflow/catalog_lof/run_all/data/GCST90084169_buildGRCh38_M1_001_ensg_beta_se.csv
GCST90080306	GCST90084292	/gpfs/chencao/qinminzhang/workflow/ldsc/GWAS/all/GCST90080306.txt.gz	/gpfs/chencao/qinminzhang/workflow/catalog_lof/run_all/data/GCST90084292_buildGRCh38_M1_001_ensg_beta_se.csv
GCST90080332	GCST90084318	/gpfs/chencao/qinminzhang/workflow/ldsc/GWAS/all/GCST90080332.txt.gz	/gpfs/chencao/qinminzhang/workflow/catalog_lof/run_all/data/GCST90084318_buildGRCh38_M1_001_ensg_beta_se.csv
PE05067	GCST90084617	/gpfs/chencao/qinminzhang/workflow/ldsc/GWAS/all/PE05067.txt.gz	/gpfs/chencao/qinminzhang/workflow/catalog_lof/run_all/data/GCST90084617_buildGRCh38_M1_001_ensg_beta_se.csv
GCST90080659	GCST90084645	/gpfs/chencao/qinminzhang/workflow/ldsc/GWAS/all/GCST90080659.txt.gz	/gpfs/chencao/qinminzhang/workflow/catalog_lof/run_all/data/GCST90084645_buildGRCh38_M1_001_ensg_beta_se.csv
GCST90080786	GCST90084772	/gpfs/chencao/qinminzhang/workflow/ldsc/GWAS/all/GCST90080786.txt.gz	/gpfs/chencao/qinminzhang/workflow/catalog_lof/run_all/data/GCST90084772_buildGRCh38_M1_001_ensg_beta_se.csv
PE05334	GCST90085109	/gpfs/chencao/qinminzhang/workflow/ldsc/GWAS/all/PE05334.txt.gz	/gpfs/chencao/qinminzhang/workflow/catalog_lof/run_all/data/GCST90085109_buildGRCh38_M1_001_ensg_beta_se.csv
GCST90081335	GCST90085321	/gpfs/chencao/qinminzhang/workflow/ldsc/GWAS/all/GCST90081335.txt.gz	/gpfs/chencao/qinminzhang/workflow/catalog_lof/run_all/data/GCST90085321_buildGRCh38_M1_001_ensg_beta_se.csv
PE05446	GCST90085375	/gpfs/chencao/qinminzhang/workflow/ldsc/GWAS/all/PE05446.txt.gz	/gpfs/chencao/qinminzhang/workflow/catalog_lof/run_all/data/GCST90085375_buildGRCh38_M1_001_ensg_beta_se.csv
GCST90079847	GCST90083833	/gpfs/chencao/qinminzhang/workflow/ldsc/GWAS/all/GCST90079847.txt.gz	/gpfs/chencao/qinminzhang/workflow/catalog_lof/run_all/data/GCST90083833_buildGRCh38_M1_001_ensg_beta_se.csv
GCST90080160	GCST90084146	/gpfs/chencao/qinminzhang/workflow/ldsc/GWAS/all/GCST90080160.txt.gz	/gpfs/chencao/qinminzhang/workflow/catalog_lof/run_all/data/GCST90084146_buildGRCh38_M1_001_ensg_beta_se.csv
AT142	GCST90084278	/gpfs/chencao/qinminzhang/workflow/ldsc/GWAS/all/AT142.txt.gz	/gpfs/chencao/qinminzhang/workflow/catalog_lof/run_all/data/GCST90084278_buildGRCh38_M1_001_ensg_beta_se.csv
AT627	GCST90084553	/gpfs/chencao/qinminzhang/workflow/ldsc/GWAS/all/AT627.txt.gz	/gpfs/chencao/qinminzhang/workflow/catalog_lof/run_all/data/GCST90084553_buildGRCh38_M1_001_ensg_beta_se.csv
GCST90080592	GCST90084578	/gpfs/chencao/qinminzhang/workflow/ldsc/GWAS/all/GCST90080592.txt.gz	/gpfs/chencao/qinminzhang/workflow/catalog_lof/run_all/data/GCST90084578_buildGRCh38_M1_001_ensg_beta_se.csv
GCST90080945	GCST90084931	/gpfs/chencao/qinminzhang/workflow/ldsc/GWAS/all/GCST90080945.txt.gz	/gpfs/chencao/qinminzhang/workflow/catalog_lof/run_all/data/GCST90084931_buildGRCh38_M1_001_ensg_beta_se.csv
GCST90080946	GCST90084932	/gpfs/chencao/qinminzhang/workflow/ldsc/GWAS/all/GCST90080946.txt.gz	/gpfs/chencao/qinminzhang/workflow/catalog_lof/run_all/data/GCST90084932_buildGRCh38_M1_001_ensg_beta_se.csv
GCST90081062	GCST90085048	/gpfs/chencao/qinminzhang/workflow/ldsc/GWAS/all/GCST90081062.txt.gz	/gpfs/chencao/qinminzhang/workflow/catalog_lof/run_all/data/GCST90085048_buildGRCh38_M1_001_ensg_beta_se.csv
PE05279	GCST90085049	/gpfs/chencao/qinminzhang/workflow/ldsc/GWAS/all/PE05279.txt.gz	/gpfs/chencao/qinminzhang/workflow/catalog_lof/run_all/data/GCST90085049_buildGRCh38_M1_001_ensg_beta_se.csv
PE05367	GCST90085133	/gpfs/chencao/qinminzhang/workflow/ldsc/GWAS/all/PE05367.txt.gz	/gpfs/chencao/qinminzhang/workflow/catalog_lof/run_all/data/GCST90085133_buildGRCh38_M1_001_ensg_beta_se.csv
PE04910	GCST90084162	/gpfs/chencao/qinminzhang/workflow/ldsc/GWAS/all/PE04910.txt.gz	/gpfs/chencao/qinminzhang/workflow/catalog_lof/run_all/data/GCST90084162_buildGRCh38_M1_001_ensg_beta_se.csv
GCST90080373	GCST90084359	/gpfs/chencao/qinminzhang/workflow/ldsc/GWAS/all/GCST90080373.txt.gz	/gpfs/chencao/qinminzhang/workflow/catalog_lof/run_all/data/GCST90084359_buildGRCh38_M1_001_ensg_beta_se.csv
GCST90080766	GCST90084752	/gpfs/chencao/qinminzhang/workflow/ldsc/GWAS/all/GCST90080766.txt.gz	/gpfs/chencao/qinminzhang/workflow/catalog_lof/run_all/data/GCST90084752_buildGRCh38_M1_001_ensg_beta_se.csv
GCST90081106	GCST90085092	/gpfs/chencao/qinminzhang/workflow/ldsc/GWAS/all/GCST90081106.txt.gz	/gpfs/chencao/qinminzhang/workflow/catalog_lof/run_all/data/GCST90085092_buildGRCh38_M1_001_ensg_beta_se.csv
GCST90079845	GCST90083831	/gpfs/chencao/qinminzhang/workflow/ldsc/GWAS/all/GCST90079845.txt.gz	/gpfs/chencao/qinminzhang/workflow/catalog_lof/run_all/data/GCST90083831_buildGRCh38_M1_001_ensg_beta_se.csv
GCST90080110	GCST90084096	/gpfs/chencao/qinminzhang/workflow/ldsc/GWAS/all/GCST90080110.txt.gz	/gpfs/chencao/qinminzhang/workflow/catalog_lof/run_all/data/GCST90084096_buildGRCh38_M1_001_ensg_beta_se.csv
MR00386	GCST90084650	/gpfs/chencao/qinminzhang/workflow/ldsc/GWAS/all/MR00386.txt.gz	/gpfs/chencao/qinminzhang/workflow/catalog_lof/run_all/data/GCST90084650_buildGRCh38_M1_001_ensg_beta_se.csv
MR13328	GCST90084651	/gpfs/chencao/qinminzhang/workflow/ldsc/GWAS/all/MR13328.txt.gz	/gpfs/chencao/qinminzhang/workflow/catalog_lof/run_all/data/GCST90084651_buildGRCh38_M1_001_ensg_beta_se.csv
MR13962	GCST90084795	/gpfs/chencao/qinminzhang/workflow/ldsc/GWAS/all/MR13962.txt.gz	/gpfs/chencao/qinminzhang/workflow/catalog_lof/run_all/data/GCST90084795_buildGRCh38_M1_001_ensg_beta_se.csv
MR20799	GCST90083578	/gpfs/chencao/qinminzhang/workflow/ldsc/GWAS/all/MR20799.txt.gz	/gpfs/chencao/qinminzhang/workflow/catalog_lof/run_all/data/GCST90083578_buildGRCh38_M1_001_ensg_beta_se.csv
GCST90080111	GCST90084097	/gpfs/chencao/qinminzhang/workflow/ldsc/GWAS/all/GCST90080111.txt.gz	/gpfs/chencao/qinminzhang/workflow/catalog_lof/run_all/data/GCST90084097_buildGRCh38_M1_001_ensg_beta_se.csv
GCST90080942	GCST90084928	/gpfs/chencao/qinminzhang/workflow/ldsc/GWAS/all/GCST90080942.txt.gz	/gpfs/chencao/qinminzhang/workflow/catalog_lof/run_all/data/GCST90084928_buildGRCh38_M1_001_ensg_beta_se.csv
GCST90080960	GCST90084946	/gpfs/chencao/qinminzhang/workflow/ldsc/GWAS/all/GCST90080960.txt.gz	/gpfs/chencao/qinminzhang/workflow/catalog_lof/run_all/data/GCST90084946_buildGRCh38_M1_001_ensg_beta_se.csv
GCST90080961	GCST90084947	/gpfs/chencao/qinminzhang/workflow/ldsc/GWAS/all/GCST90080961.txt.gz	/gpfs/chencao/qinminzhang/workflow/catalog_lof/run_all/data/GCST90084947_buildGRCh38_M1_001_ensg_beta_se.csv
GCST90080444	GCST90084430	/gpfs/chencao/qinminzhang/workflow/ldsc/GWAS/all/GCST90080444.txt.gz	/gpfs/chencao/qinminzhang/workflow/catalog_lof/run_all/data/GCST90084430_buildGRCh38_M1_001_ensg_beta_se.csv
PE05203	GCST90084930	/gpfs/chencao/qinminzhang/workflow/ldsc/GWAS/all/PE05203.txt.gz	/gpfs/chencao/qinminzhang/workflow/catalog_lof/run_all/data/GCST90084930_buildGRCh38_M1_001_ensg_beta_se.csv
GCST90080547	GCST90084533	/gpfs/chencao/qinminzhang/workflow/ldsc/GWAS/all/GCST90080547.txt.gz	/gpfs/chencao/qinminzhang/workflow/catalog_lof/run_all/data/GCST90084533_buildGRCh38_M1_001_ensg_beta_se.csv
GCST90080421	GCST90084407	/gpfs/chencao/qinminzhang/workflow/ldsc/GWAS/all/GCST90080421.txt.gz	/gpfs/chencao/qinminzhang/workflow/catalog_lof/run_all/data/GCST90084407_buildGRCh38_M1_001_ensg_beta_se.csv
GCST90077917	GCST90081903	/gpfs/chencao/qinminzhang/workflow/ldsc/GWAS/all/GCST90077917.txt.gz	/gpfs/chencao/qinminzhang/workflow/catalog_lof/run_all/data/GCST90081903_buildGRCh38_M1_001_ensg_beta_se.csv
GCST90080321	GCST90084307	/gpfs/chencao/qinminzhang/workflow/ldsc/GWAS/all/GCST90080321.txt.gz	/gpfs/chencao/qinminzhang/workflow/catalog_lof/run_all/data/GCST90084307_buildGRCh38_M1_001_ensg_beta_se.csv
GCST90080476	GCST90084462	/gpfs/chencao/qinminzhang/workflow/ldsc/GWAS/all/GCST90080476.txt.gz	/gpfs/chencao/qinminzhang/workflow/catalog_lof/run_all/data/GCST90084462_buildGRCh38_M1_001_ensg_beta_se.csv
GCST90079765	GCST90083751	/gpfs/chencao/qinminzhang/workflow/ldsc/GWAS/all/GCST90079765.txt.gz	/gpfs/chencao/qinminzhang/workflow/catalog_lof/run_all/data/GCST90083751_buildGRCh38_M1_001_ensg_beta_se.csv
GCST90080031	GCST90084017	/gpfs/chencao/qinminzhang/workflow/ldsc/GWAS/all/GCST90080031.txt.gz	/gpfs/chencao/qinminzhang/workflow/catalog_lof/run_all/data/GCST90084017_buildGRCh38_M1_001_ensg_beta_se.csv
GCST90080095	GCST90084081	/gpfs/chencao/qinminzhang/workflow/ldsc/GWAS/all/GCST90080095.txt.gz	/gpfs/chencao/qinminzhang/workflow/catalog_lof/run_all/data/GCST90084081_buildGRCh38_M1_001_ensg_beta_se.csv
GCST90079988	GCST90083974	/gpfs/chencao/qinminzhang/workflow/ldsc/GWAS/all/GCST90079988.txt.gz	/gpfs/chencao/qinminzhang/workflow/catalog_lof/run_all/data/GCST90083974_buildGRCh38_M1_001_ensg_beta_se.csv
GCST90080016	GCST90084002	/gpfs/chencao/qinminzhang/workflow/ldsc/GWAS/all/GCST90080016.txt.gz	/gpfs/chencao/qinminzhang/workflow/catalog_lof/run_all/data/GCST90084002_buildGRCh38_M1_001_ensg_beta_se.csv
GCST90080029	GCST90084015	/gpfs/chencao/qinminzhang/workflow/ldsc/GWAS/all/GCST90080029.txt.gz	/gpfs/chencao/qinminzhang/workflow/catalog_lof/run_all/data/GCST90084015_buildGRCh38_M1_001_ensg_beta_se.csv
GCST90080040	GCST90084026	/gpfs/chencao/qinminzhang/workflow/ldsc/GWAS/all/GCST90080040.txt.gz	/gpfs/chencao/qinminzhang/workflow/catalog_lof/run_all/data/GCST90084026_buildGRCh38_M1_001_ensg_beta_se.csv
GCST90080353	GCST90084339	/gpfs/chencao/qinminzhang/workflow/ldsc/GWAS/all/GCST90080353.txt.gz	/gpfs/chencao/qinminzhang/workflow/catalog_lof/run_all/data/GCST90084339_buildGRCh38_M1_001_ensg_beta_se.csv
AT342	GCST90084463	/gpfs/chencao/qinminzhang/workflow/ldsc/GWAS/all/AT342.txt.gz	/gpfs/chencao/qinminzhang/workflow/catalog_lof/run_all/data/GCST90084463_buildGRCh38_M1_001_ensg_beta_se.csv
MR13268	GCST90084673	/gpfs/chencao/qinminzhang/workflow/ldsc/GWAS/all/MR13268.txt.gz	/gpfs/chencao/qinminzhang/workflow/catalog_lof/run_all/data/GCST90084673_buildGRCh38_M1_001_ensg_beta_se.csv
GCST90080655	GCST90084641	/gpfs/chencao/qinminzhang/workflow/ldsc/GWAS/all/GCST90080655.txt.gz	/gpfs/chencao/qinminzhang/workflow/catalog_lof/run_all/data/GCST90084641_buildGRCh38_M1_001_ensg_beta_se.csv
GCST90080697	GCST90084683	/gpfs/chencao/qinminzhang/workflow/ldsc/GWAS/all/GCST90080697.txt.gz	/gpfs/chencao/qinminzhang/workflow/catalog_lof/run_all/data/GCST90084683_buildGRCh38_M1_001_ensg_beta_se.csv
AT109	GCST90084695	/gpfs/chencao/qinminzhang/workflow/ldsc/GWAS/all/AT109.txt.gz	/gpfs/chencao/qinminzhang/workflow/catalog_lof/run_all/data/GCST90084695_buildGRCh38_M1_001_ensg_beta_se.csv
GCST90080719	GCST90084705	/gpfs/chencao/qinminzhang/workflow/ldsc/GWAS/all/GCST90080719.txt.gz	/gpfs/chencao/qinminzhang/workflow/catalog_lof/run_all/data/GCST90084705_buildGRCh38_M1_001_ensg_beta_se.csv
GCST90077670	GCST90081656	/gpfs/chencao/qinminzhang/workflow/ldsc/GWAS/all/GCST90077670.txt.gz	/gpfs/chencao/qinminzhang/workflow/catalog_lof/run_all/data/GCST90081656_buildGRCh38_M1_001_ensg_beta_se.csv
GCST90080161	GCST90084147	/gpfs/chencao/qinminzhang/workflow/ldsc/GWAS/all/GCST90080161.txt.gz	/gpfs/chencao/qinminzhang/workflow/catalog_lof/run_all/data/GCST90084147_buildGRCh38_M1_001_ensg_beta_se.csv
GCST90080389	GCST90084375	/gpfs/chencao/qinminzhang/workflow/ldsc/GWAS/all/GCST90080389.txt.gz	/gpfs/chencao/qinminzhang/workflow/catalog_lof/run_all/data/GCST90084375_buildGRCh38_M1_001_ensg_beta_se.csv
GCST90080390	GCST90084376	/gpfs/chencao/qinminzhang/workflow/ldsc/GWAS/all/GCST90080390.txt.gz	/gpfs/chencao/qinminzhang/workflow/catalog_lof/run_all/data/GCST90084376_buildGRCh38_M1_001_ensg_beta_se.csv
GCST90080391	GCST90084377	/gpfs/chencao/qinminzhang/workflow/ldsc/GWAS/all/GCST90080391.txt.gz	/gpfs/chencao/qinminzhang/workflow/catalog_lof/run_all/data/GCST90084377_buildGRCh38_M1_001_ensg_beta_se.csv
GCST90080467	GCST90084453	/gpfs/chencao/qinminzhang/workflow/ldsc/GWAS/all/GCST90080467.txt.gz	/gpfs/chencao/qinminzhang/workflow/catalog_lof/run_all/data/GCST90084453_buildGRCh38_M1_001_ensg_beta_se.csv
MR14215	GCST90084640	/gpfs/chencao/qinminzhang/workflow/ldsc/GWAS/all/MR14215.txt.gz	/gpfs/chencao/qinminzhang/workflow/catalog_lof/run_all/data/GCST90084640_buildGRCh38_M1_001_ensg_beta_se.csv
MR01723	GCST90084829	/gpfs/chencao/qinminzhang/workflow/ldsc/GWAS/all/MR01723.txt.gz	/gpfs/chencao/qinminzhang/workflow/catalog_lof/run_all/data/GCST90084829_buildGRCh38_M1_001_ensg_beta_se.csv
GCST90079796	GCST90083782	/gpfs/chencao/qinminzhang/workflow/ldsc/GWAS/all/GCST90079796.txt.gz	/gpfs/chencao/qinminzhang/workflow/catalog_lof/run_all/data/GCST90083782_buildGRCh38_M1_001_ensg_beta_se.csv
GCST90080003	GCST90083989	/gpfs/chencao/qinminzhang/workflow/ldsc/GWAS/all/GCST90080003.txt.gz	/gpfs/chencao/qinminzhang/workflow/catalog_lof/run_all/data/GCST90083989_buildGRCh38_M1_001_ensg_beta_se.csv
MR30777	GCST90084020	/gpfs/chencao/qinminzhang/workflow/ldsc/GWAS/all/MR30777.txt.gz	/gpfs/chencao/qinminzhang/workflow/catalog_lof/run_all/data/GCST90084020_buildGRCh38_M1_001_ensg_beta_se.csv
GCST90080156	GCST90084142	/gpfs/chencao/qinminzhang/workflow/ldsc/GWAS/all/GCST90080156.txt.gz	/gpfs/chencao/qinminzhang/workflow/catalog_lof/run_all/data/GCST90084142_buildGRCh38_M1_001_ensg_beta_se.csv
GCST90080365	GCST90084351	/gpfs/chencao/qinminzhang/workflow/ldsc/GWAS/all/GCST90080365.txt.gz	/gpfs/chencao/qinminzhang/workflow/catalog_lof/run_all/data/GCST90084351_buildGRCh38_M1_001_ensg_beta_se.csv
GCST90080367	GCST90084353	/gpfs/chencao/qinminzhang/workflow/ldsc/GWAS/all/GCST90080367.txt.gz	/gpfs/chencao/qinminzhang/workflow/catalog_lof/run_all/data/GCST90084353_buildGRCh38_M1_001_ensg_beta_se.csv
GCST90080423	GCST90084409	/gpfs/chencao/qinminzhang/workflow/ldsc/GWAS/all/GCST90080423.txt.gz	/gpfs/chencao/qinminzhang/workflow/catalog_lof/run_all/data/GCST90084409_buildGRCh38_M1_001_ensg_beta_se.csv
GCST90080424	GCST90084410	/gpfs/chencao/qinminzhang/workflow/ldsc/GWAS/all/GCST90080424.txt.gz	/gpfs/chencao/qinminzhang/workflow/catalog_lof/run_all/data/GCST90084410_buildGRCh38_M1_001_ensg_beta_se.csv
GCST90080425	GCST90084411	/gpfs/chencao/qinminzhang/workflow/ldsc/GWAS/all/GCST90080425.txt.gz	/gpfs/chencao/qinminzhang/workflow/catalog_lof/run_all/data/GCST90084411_buildGRCh38_M1_001_ensg_beta_se.csv
GCST90080426	GCST90084412	/gpfs/chencao/qinminzhang/workflow/ldsc/GWAS/all/GCST90080426.txt.gz	/gpfs/chencao/qinminzhang/workflow/catalog_lof/run_all/data/GCST90084412_buildGRCh38_M1_001_ensg_beta_se.csv
GCST90080473	GCST90084459	/gpfs/chencao/qinminzhang/workflow/ldsc/GWAS/all/GCST90080473.txt.gz	/gpfs/chencao/qinminzhang/workflow/catalog_lof/run_all/data/GCST90084459_buildGRCh38_M1_001_ensg_beta_se.csv
GCST90079631	GCST90083617	/gpfs/chencao/qinminzhang/workflow/ldsc/GWAS/all/GCST90079631.txt.gz	/gpfs/chencao/qinminzhang/workflow/catalog_lof/run_all/data/GCST90083617_buildGRCh38_M1_001_ensg_beta_se.csv
GCST90079919	GCST90083905	/gpfs/chencao/qinminzhang/workflow/ldsc/GWAS/all/GCST90079919.txt.gz	/gpfs/chencao/qinminzhang/workflow/catalog_lof/run_all/data/GCST90083905_buildGRCh38_M1_001_ensg_beta_se.csv
GCST90079922	GCST90083908	/gpfs/chencao/qinminzhang/workflow/ldsc/GWAS/all/GCST90079922.txt.gz	/gpfs/chencao/qinminzhang/workflow/catalog_lof/run_all/data/GCST90083908_buildGRCh38_M1_001_ensg_beta_se.csv
AT599	GCST90083948	/gpfs/chencao/qinminzhang/workflow/ldsc/GWAS/all/AT599.txt.gz	/gpfs/chencao/qinminzhang/workflow/catalog_lof/run_all/data/GCST90083948_buildGRCh38_M1_001_ensg_beta_se.csv
GCST90079985	GCST90083971	/gpfs/chencao/qinminzhang/workflow/ldsc/GWAS/all/GCST90079985.txt.gz	/gpfs/chencao/qinminzhang/workflow/catalog_lof/run_all/data/GCST90083971_buildGRCh38_M1_001_ensg_beta_se.csv
GCST90080014	GCST90084000	/gpfs/chencao/qinminzhang/workflow/ldsc/GWAS/all/GCST90080014.txt.gz	/gpfs/chencao/qinminzhang/workflow/catalog_lof/run_all/data/GCST90084000_buildGRCh38_M1_001_ensg_beta_se.csv
GCST90080018	GCST90084004	/gpfs/chencao/qinminzhang/workflow/ldsc/GWAS/all/GCST90080018.txt.gz	/gpfs/chencao/qinminzhang/workflow/catalog_lof/run_all/data/GCST90084004_buildGRCh38_M1_001_ensg_beta_se.csv
AT523	GCST90084027	/gpfs/chencao/qinminzhang/workflow/ldsc/GWAS/all/AT523.txt.gz	/gpfs/chencao/qinminzhang/workflow/catalog_lof/run_all/data/GCST90084027_buildGRCh38_M1_001_ensg_beta_se.csv
AT621	GCST90084045	/gpfs/chencao/qinminzhang/workflow/ldsc/GWAS/all/AT621.txt.gz	/gpfs/chencao/qinminzhang/workflow/catalog_lof/run_all/data/GCST90084045_buildGRCh38_M1_001_ensg_beta_se.csv
GCST90080097	GCST90084083	/gpfs/chencao/qinminzhang/workflow/ldsc/GWAS/all/GCST90080097.txt.gz	/gpfs/chencao/qinminzhang/workflow/catalog_lof/run_all/data/GCST90084083_buildGRCh38_M1_001_ensg_beta_se.csv
GCST90080098	GCST90084084	/gpfs/chencao/qinminzhang/workflow/ldsc/GWAS/all/GCST90080098.txt.gz	/gpfs/chencao/qinminzhang/workflow/catalog_lof/run_all/data/GCST90084084_buildGRCh38_M1_001_ensg_beta_se.csv
MR39240	GCST90084201	/gpfs/chencao/qinminzhang/workflow/ldsc/GWAS/all/MR39240.txt.gz	/gpfs/chencao/qinminzhang/workflow/catalog_lof/run_all/data/GCST90084201_buildGRCh38_M1_001_ensg_beta_se.csv
MR04879	GCST90084219	/gpfs/chencao/qinminzhang/workflow/ldsc/GWAS/all/MR04879.txt.gz	/gpfs/chencao/qinminzhang/workflow/catalog_lof/run_all/data/GCST90084219_buildGRCh38_M1_001_ensg_beta_se.csv
GCST90080302	GCST90084288	/gpfs/chencao/qinminzhang/workflow/ldsc/GWAS/all/GCST90080302.txt.gz	/gpfs/chencao/qinminzhang/workflow/catalog_lof/run_all/data/GCST90084288_buildGRCh38_M1_001_ensg_beta_se.csv
GCST90080309	GCST90084295	/gpfs/chencao/qinminzhang/workflow/ldsc/GWAS/all/GCST90080309.txt.gz	/gpfs/chencao/qinminzhang/workflow/catalog_lof/run_all/data/GCST90084295_buildGRCh38_M1_001_ensg_beta_se.csv
MR23662	GCST90084594	/gpfs/chencao/qinminzhang/workflow/ldsc/GWAS/all/MR23662.txt.gz	/gpfs/chencao/qinminzhang/workflow/catalog_lof/run_all/data/GCST90084594_buildGRCh38_M1_001_ensg_beta_se.csv
GCST90080699	GCST90084685	/gpfs/chencao/qinminzhang/workflow/ldsc/GWAS/all/GCST90080699.txt.gz	/gpfs/chencao/qinminzhang/workflow/catalog_lof/run_all/data/GCST90084685_buildGRCh38_M1_001_ensg_beta_se.csv
PE05164	GCST90084814	/gpfs/chencao/qinminzhang/workflow/ldsc/GWAS/all/PE05164.txt.gz	/gpfs/chencao/qinminzhang/workflow/catalog_lof/run_all/data/GCST90084814_buildGRCh38_M1_001_ensg_beta_se.csv
AT282	GCST90083734	/gpfs/chencao/qinminzhang/workflow/ldsc/GWAS/all/AT282.txt.gz	/gpfs/chencao/qinminzhang/workflow/catalog_lof/run_all/data/GCST90083734_buildGRCh38_M1_001_ensg_beta_se.csv
GCST90080086	GCST90084072	/gpfs/chencao/qinminzhang/workflow/ldsc/GWAS/all/GCST90080086.txt.gz	/gpfs/chencao/qinminzhang/workflow/catalog_lof/run_all/data/GCST90084072_buildGRCh38_M1_001_ensg_beta_se.csv
GCST90080088	GCST90084074	/gpfs/chencao/qinminzhang/workflow/ldsc/GWAS/all/GCST90080088.txt.gz	/gpfs/chencao/qinminzhang/workflow/catalog_lof/run_all/data/GCST90084074_buildGRCh38_M1_001_ensg_beta_se.csv
GCST90080103	GCST90084089	/gpfs/chencao/qinminzhang/workflow/ldsc/GWAS/all/GCST90080103.txt.gz	/gpfs/chencao/qinminzhang/workflow/catalog_lof/run_all/data/GCST90084089_buildGRCh38_M1_001_ensg_beta_se.csv
GCST90080108	GCST90084094	/gpfs/chencao/qinminzhang/workflow/ldsc/GWAS/all/GCST90080108.txt.gz	/gpfs/chencao/qinminzhang/workflow/catalog_lof/run_all/data/GCST90084094_buildGRCh38_M1_001_ensg_beta_se.csv
GCST90080134	GCST90084120	/gpfs/chencao/qinminzhang/workflow/ldsc/GWAS/all/GCST90080134.txt.gz	/gpfs/chencao/qinminzhang/workflow/catalog_lof/run_all/data/GCST90084120_buildGRCh38_M1_001_ensg_beta_se.csv
GCST90080203	GCST90084189	/gpfs/chencao/qinminzhang/workflow/ldsc/GWAS/all/GCST90080203.txt.gz	/gpfs/chencao/qinminzhang/workflow/catalog_lof/run_all/data/GCST90084189_buildGRCh38_M1_001_ensg_beta_se.csv
GCST90080278	GCST90084264	/gpfs/chencao/qinminzhang/workflow/ldsc/GWAS/all/GCST90080278.txt.gz	/gpfs/chencao/qinminzhang/workflow/catalog_lof/run_all/data/GCST90084264_buildGRCh38_M1_001_ensg_beta_se.csv
GCST90080951	GCST90084937	/gpfs/chencao/qinminzhang/workflow/ldsc/GWAS/all/GCST90080951.txt.gz	/gpfs/chencao/qinminzhang/workflow/catalog_lof/run_all/data/GCST90084937_buildGRCh38_M1_001_ensg_beta_se.csv
GCST90079557	GCST90083543	/gpfs/chencao/qinminzhang/workflow/ldsc/GWAS/all/GCST90079557.txt.gz	/gpfs/chencao/qinminzhang/workflow/catalog_lof/run_all/data/GCST90083543_buildGRCh38_M1_001_ensg_beta_se.csv
GCST90079724	GCST90083710	/gpfs/chencao/qinminzhang/workflow/ldsc/GWAS/all/GCST90079724.txt.gz	/gpfs/chencao/qinminzhang/workflow/catalog_lof/run_all/data/GCST90083710_buildGRCh38_M1_001_ensg_beta_se.csv
GCST90079801	GCST90083787	/gpfs/chencao/qinminzhang/workflow/ldsc/GWAS/all/GCST90079801.txt.gz	/gpfs/chencao/qinminzhang/workflow/catalog_lof/run_all/data/GCST90083787_buildGRCh38_M1_001_ensg_beta_se.csv
GCST90079809	GCST90083795	/gpfs/chencao/qinminzhang/workflow/ldsc/GWAS/all/GCST90079809.txt.gz	/gpfs/chencao/qinminzhang/workflow/catalog_lof/run_all/data/GCST90083795_buildGRCh38_M1_001_ensg_beta_se.csv
MR01472	GCST90083797	/gpfs/chencao/qinminzhang/workflow/ldsc/GWAS/all/MR01472.txt.gz	/gpfs/chencao/qinminzhang/workflow/catalog_lof/run_all/data/GCST90083797_buildGRCh38_M1_001_ensg_beta_se.csv
GCST90080099	GCST90084085	/gpfs/chencao/qinminzhang/workflow/ldsc/GWAS/all/GCST90080099.txt.gz	/gpfs/chencao/qinminzhang/workflow/catalog_lof/run_all/data/GCST90084085_buildGRCh38_M1_001_ensg_beta_se.csv
GCST90080166	GCST90084152	/gpfs/chencao/qinminzhang/workflow/ldsc/GWAS/all/GCST90080166.txt.gz	/gpfs/chencao/qinminzhang/workflow/catalog_lof/run_all/data/GCST90084152_buildGRCh38_M1_001_ensg_beta_se.csv
PE04930	GCST90084215	/gpfs/chencao/qinminzhang/workflow/ldsc/GWAS/all/PE04930.txt.gz	/gpfs/chencao/qinminzhang/workflow/catalog_lof/run_all/data/GCST90084215_buildGRCh38_M1_001_ensg_beta_se.csv
AT340	GCST90084461	/gpfs/chencao/qinminzhang/workflow/ldsc/GWAS/all/AT340.txt.gz	/gpfs/chencao/qinminzhang/workflow/catalog_lof/run_all/data/GCST90084461_buildGRCh38_M1_001_ensg_beta_se.csv
GCST90080606	GCST90084592	/gpfs/chencao/qinminzhang/workflow/ldsc/GWAS/all/GCST90080606.txt.gz	/gpfs/chencao/qinminzhang/workflow/catalog_lof/run_all/data/GCST90084592_buildGRCh38_M1_001_ensg_beta_se.csv
GCST90080617	GCST90084603	/gpfs/chencao/qinminzhang/workflow/ldsc/GWAS/all/GCST90080617.txt.gz	/gpfs/chencao/qinminzhang/workflow/catalog_lof/run_all/data/GCST90084603_buildGRCh38_M1_001_ensg_beta_se.csv
GCST90080745	GCST90084731	/gpfs/chencao/qinminzhang/workflow/ldsc/GWAS/all/GCST90080745.txt.gz	/gpfs/chencao/qinminzhang/workflow/catalog_lof/run_all/data/GCST90084731_buildGRCh38_M1_001_ensg_beta_se.csv
GCST90080801	GCST90084787	/gpfs/chencao/qinminzhang/workflow/ldsc/GWAS/all/GCST90080801.txt.gz	/gpfs/chencao/qinminzhang/workflow/catalog_lof/run_all/data/GCST90084787_buildGRCh38_M1_001_ensg_beta_se.csv
GCST90079545	GCST90083531	/gpfs/chencao/qinminzhang/workflow/ldsc/GWAS/all/GCST90079545.txt.gz	/gpfs/chencao/qinminzhang/workflow/catalog_lof/run_all/data/GCST90083531_buildGRCh38_M1_001_ensg_beta_se.csv
MR20997	GCST90083537	/gpfs/chencao/qinminzhang/workflow/ldsc/GWAS/all/MR20997.txt.gz	/gpfs/chencao/qinminzhang/workflow/catalog_lof/run_all/data/GCST90083537_buildGRCh38_M1_001_ensg_beta_se.csv
GCST90079707	GCST90083693	/gpfs/chencao/qinminzhang/workflow/ldsc/GWAS/all/GCST90079707.txt.gz	/gpfs/chencao/qinminzhang/workflow/catalog_lof/run_all/data/GCST90083693_buildGRCh38_M1_001_ensg_beta_se.csv
GCST90079725	GCST90083711	/gpfs/chencao/qinminzhang/workflow/ldsc/GWAS/all/GCST90079725.txt.gz	/gpfs/chencao/qinminzhang/workflow/catalog_lof/run_all/data/GCST90083711_buildGRCh38_M1_001_ensg_beta_se.csv
GCST90079788	GCST90083774	/gpfs/chencao/qinminzhang/workflow/ldsc/GWAS/all/GCST90079788.txt.gz	/gpfs/chencao/qinminzhang/workflow/catalog_lof/run_all/data/GCST90083774_buildGRCh38_M1_001_ensg_beta_se.csv
AT456	GCST90083885	/gpfs/chencao/qinminzhang/workflow/ldsc/GWAS/all/AT456.txt.gz	/gpfs/chencao/qinminzhang/workflow/catalog_lof/run_all/data/GCST90083885_buildGRCh38_M1_001_ensg_beta_se.csv
AT355	GCST90083918	/gpfs/chencao/qinminzhang/workflow/ldsc/GWAS/all/AT355.txt.gz	/gpfs/chencao/qinminzhang/workflow/catalog_lof/run_all/data/GCST90083918_buildGRCh38_M1_001_ensg_beta_se.csv
MR01259	GCST90083953	/gpfs/chencao/qinminzhang/workflow/ldsc/GWAS/all/MR01259.txt.gz	/gpfs/chencao/qinminzhang/workflow/catalog_lof/run_all/data/GCST90083953_buildGRCh38_M1_001_ensg_beta_se.csv
AT397	GCST90083959	/gpfs/chencao/qinminzhang/workflow/ldsc/GWAS/all/AT397.txt.gz	/gpfs/chencao/qinminzhang/workflow/catalog_lof/run_all/data/GCST90083959_buildGRCh38_M1_001_ensg_beta_se.csv
GCST90080107	GCST90084093	/gpfs/chencao/qinminzhang/workflow/ldsc/GWAS/all/GCST90080107.txt.gz	/gpfs/chencao/qinminzhang/workflow/catalog_lof/run_all/data/GCST90084093_buildGRCh38_M1_001_ensg_beta_se.csv
GCST90474008	GCST90084383	/gpfs/chencao/qinminzhang/workflow/ldsc/GWAS/all/GCST90474008.txt.gz	/gpfs/chencao/qinminzhang/workflow/catalog_lof/run_all/data/GCST90084383_buildGRCh38_M1_001_ensg_beta_se.csv
GCST90080443	GCST90084429	/gpfs/chencao/qinminzhang/workflow/ldsc/GWAS/all/GCST90080443.txt.gz	/gpfs/chencao/qinminzhang/workflow/catalog_lof/run_all/data/GCST90084429_buildGRCh38_M1_001_ensg_beta_se.csv
AT640	GCST90084506	/gpfs/chencao/qinminzhang/workflow/ldsc/GWAS/all/AT640.txt.gz	/gpfs/chencao/qinminzhang/workflow/catalog_lof/run_all/data/GCST90084506_buildGRCh38_M1_001_ensg_beta_se.csv
MR20313	GCST90084725	/gpfs/chencao/qinminzhang/workflow/ldsc/GWAS/all/MR20313.txt.gz	/gpfs/chencao/qinminzhang/workflow/catalog_lof/run_all/data/GCST90084725_buildGRCh38_M1_001_ensg_beta_se.csv
GCST90080839	GCST90084825	/gpfs/chencao/qinminzhang/workflow/ldsc/GWAS/all/GCST90080839.txt.gz	/gpfs/chencao/qinminzhang/workflow/catalog_lof/run_all/data/GCST90084825_buildGRCh38_M1_001_ensg_beta_se.csv
GCST90080840	GCST90084826	/gpfs/chencao/qinminzhang/workflow/ldsc/GWAS/all/GCST90080840.txt.gz	/gpfs/chencao/qinminzhang/workflow/catalog_lof/run_all/data/GCST90084826_buildGRCh38_M1_001_ensg_beta_se.csv
GCST90080875	GCST90084861	/gpfs/chencao/qinminzhang/workflow/ldsc/GWAS/all/GCST90080875.txt.gz	/gpfs/chencao/qinminzhang/workflow/catalog_lof/run_all/data/GCST90084861_buildGRCh38_M1_001_ensg_beta_se.csv
GCST90081235	GCST90085221	/gpfs/chencao/qinminzhang/workflow/ldsc/GWAS/all/GCST90081235.txt.gz	/gpfs/chencao/qinminzhang/workflow/catalog_lof/run_all/data/GCST90085221_buildGRCh38_M1_001_ensg_beta_se.csv
GCST90081440	GCST90085426	/gpfs/chencao/qinminzhang/workflow/ldsc/GWAS/all/GCST90081440.txt.gz	/gpfs/chencao/qinminzhang/workflow/catalog_lof/run_all/data/GCST90085426_buildGRCh38_M1_001_ensg_beta_se.csv
PE04614	GCST90083655	/gpfs/chencao/qinminzhang/workflow/ldsc/GWAS/all/PE04614.txt.gz	/gpfs/chencao/qinminzhang/workflow/catalog_lof/run_all/data/GCST90083655_buildGRCh38_M1_001_ensg_beta_se.csv
GCST90079834	GCST90083820	/gpfs/chencao/qinminzhang/workflow/ldsc/GWAS/all/GCST90079834.txt.gz	/gpfs/chencao/qinminzhang/workflow/catalog_lof/run_all/data/GCST90083820_buildGRCh38_M1_001_ensg_beta_se.csv
GCST90079854	GCST90083840	/gpfs/chencao/qinminzhang/workflow/ldsc/GWAS/all/GCST90079854.txt.gz	/gpfs/chencao/qinminzhang/workflow/catalog_lof/run_all/data/GCST90083840_buildGRCh38_M1_001_ensg_beta_se.csv
GCST90079857	GCST90083843	/gpfs/chencao/qinminzhang/workflow/ldsc/GWAS/all/GCST90079857.txt.gz	/gpfs/chencao/qinminzhang/workflow/catalog_lof/run_all/data/GCST90083843_buildGRCh38_M1_001_ensg_beta_se.csv
GCST90079928	GCST90083914	/gpfs/chencao/qinminzhang/workflow/ldsc/GWAS/all/GCST90079928.txt.gz	/gpfs/chencao/qinminzhang/workflow/catalog_lof/run_all/data/GCST90083914_buildGRCh38_M1_001_ensg_beta_se.csv
AT244	GCST90083993	/gpfs/chencao/qinminzhang/workflow/ldsc/GWAS/all/AT244.txt.gz	/gpfs/chencao/qinminzhang/workflow/catalog_lof/run_all/data/GCST90083993_buildGRCh38_M1_001_ensg_beta_se.csv
GCST90080311	GCST90084297	/gpfs/chencao/qinminzhang/workflow/ldsc/GWAS/all/GCST90080311.txt.gz	/gpfs/chencao/qinminzhang/workflow/catalog_lof/run_all/data/GCST90084297_buildGRCh38_M1_001_ensg_beta_se.csv
PE04980	GCST90084352	/gpfs/chencao/qinminzhang/workflow/ldsc/GWAS/all/PE04980.txt.gz	/gpfs/chencao/qinminzhang/workflow/catalog_lof/run_all/data/GCST90084352_buildGRCh38_M1_001_ensg_beta_se.csv
AT365	GCST90084358	/gpfs/chencao/qinminzhang/workflow/ldsc/GWAS/all/AT365.txt.gz	/gpfs/chencao/qinminzhang/workflow/catalog_lof/run_all/data/GCST90084358_buildGRCh38_M1_001_ensg_beta_se.csv
AT452	GCST90084378	/gpfs/chencao/qinminzhang/workflow/ldsc/GWAS/all/AT452.txt.gz	/gpfs/chencao/qinminzhang/workflow/catalog_lof/run_all/data/GCST90084378_buildGRCh38_M1_001_ensg_beta_se.csv
GCST90080516	GCST90084502	/gpfs/chencao/qinminzhang/workflow/ldsc/GWAS/all/GCST90080516.txt.gz	/gpfs/chencao/qinminzhang/workflow/catalog_lof/run_all/data/GCST90084502_buildGRCh38_M1_001_ensg_beta_se.csv
AT057	GCST90084559	/gpfs/chencao/qinminzhang/workflow/ldsc/GWAS/all/AT057.txt.gz	/gpfs/chencao/qinminzhang/workflow/catalog_lof/run_all/data/GCST90084559_buildGRCh38_M1_001_ensg_beta_se.csv
GCST90080585	GCST90084571	/gpfs/chencao/qinminzhang/workflow/ldsc/GWAS/all/GCST90080585.txt.gz	/gpfs/chencao/qinminzhang/workflow/catalog_lof/run_all/data/GCST90084571_buildGRCh38_M1_001_ensg_beta_se.csv
PE05065	GCST90084610	/gpfs/chencao/qinminzhang/workflow/ldsc/GWAS/all/PE05065.txt.gz	/gpfs/chencao/qinminzhang/workflow/catalog_lof/run_all/data/GCST90084610_buildGRCh38_M1_001_ensg_beta_se.csv
PE05072	GCST90084628	/gpfs/chencao/qinminzhang/workflow/ldsc/GWAS/all/PE05072.txt.gz	/gpfs/chencao/qinminzhang/workflow/catalog_lof/run_all/data/GCST90084628_buildGRCh38_M1_001_ensg_beta_se.csv
GCST90080755	GCST90084741	/gpfs/chencao/qinminzhang/workflow/ldsc/GWAS/all/GCST90080755.txt.gz	/gpfs/chencao/qinminzhang/workflow/catalog_lof/run_all/data/GCST90084741_buildGRCh38_M1_001_ensg_beta_se.csv
PE05155	GCST90084758	/gpfs/chencao/qinminzhang/workflow/ldsc/GWAS/all/PE05155.txt.gz	/gpfs/chencao/qinminzhang/workflow/catalog_lof/run_all/data/GCST90084758_buildGRCh38_M1_001_ensg_beta_se.csv
GCST90080791	GCST90084777	/gpfs/chencao/qinminzhang/workflow/ldsc/GWAS/all/GCST90080791.txt.gz	/gpfs/chencao/qinminzhang/workflow/catalog_lof/run_all/data/GCST90084777_buildGRCh38_M1_001_ensg_beta_se.csv
GCST90081223	GCST90085209	/gpfs/chencao/qinminzhang/workflow/ldsc/GWAS/all/GCST90081223.txt.gz	/gpfs/chencao/qinminzhang/workflow/catalog_lof/run_all/data/GCST90085209_buildGRCh38_M1_001_ensg_beta_se.csv
GCST90081307	GCST90085293	/gpfs/chencao/qinminzhang/workflow/ldsc/GWAS/all/GCST90081307.txt.gz	/gpfs/chencao/qinminzhang/workflow/catalog_lof/run_all/data/GCST90085293_buildGRCh38_M1_001_ensg_beta_se.csv
GCST90473082	GCST90083540	/gpfs/chencao/qinminzhang/workflow/ldsc/GWAS/all/GCST90473082.txt.gz	/gpfs/chencao/qinminzhang/workflow/catalog_lof/run_all/data/GCST90083540_buildGRCh38_M1_001_ensg_beta_se.csv
GCST90079706	GCST90083692	/gpfs/chencao/qinminzhang/workflow/ldsc/GWAS/all/GCST90079706.txt.gz	/gpfs/chencao/qinminzhang/workflow/catalog_lof/run_all/data/GCST90083692_buildGRCh38_M1_001_ensg_beta_se.csv
AT514	GCST90083699	/gpfs/chencao/qinminzhang/workflow/ldsc/GWAS/all/AT514.txt.gz	/gpfs/chencao/qinminzhang/workflow/catalog_lof/run_all/data/GCST90083699_buildGRCh38_M1_001_ensg_beta_se.csv
GCST90079793	GCST90083779	/gpfs/chencao/qinminzhang/workflow/ldsc/GWAS/all/GCST90079793.txt.gz	/gpfs/chencao/qinminzhang/workflow/catalog_lof/run_all/data/GCST90083779_buildGRCh38_M1_001_ensg_beta_se.csv
PE04752	GCST90083841	/gpfs/chencao/qinminzhang/workflow/ldsc/GWAS/all/PE04752.txt.gz	/gpfs/chencao/qinminzhang/workflow/catalog_lof/run_all/data/GCST90083841_buildGRCh38_M1_001_ensg_beta_se.csv
GCST90079895	GCST90083881	/gpfs/chencao/qinminzhang/workflow/ldsc/GWAS/all/GCST90079895.txt.gz	/gpfs/chencao/qinminzhang/workflow/catalog_lof/run_all/data/GCST90083881_buildGRCh38_M1_001_ensg_beta_se.csv
GCST90079921	GCST90083907	/gpfs/chencao/qinminzhang/workflow/ldsc/GWAS/all/GCST90079921.txt.gz	/gpfs/chencao/qinminzhang/workflow/catalog_lof/run_all/data/GCST90083907_buildGRCh38_M1_001_ensg_beta_se.csv
MR27909	GCST90083965	/gpfs/chencao/qinminzhang/workflow/ldsc/GWAS/all/MR27909.txt.gz	/gpfs/chencao/qinminzhang/workflow/catalog_lof/run_all/data/GCST90083965_buildGRCh38_M1_001_ensg_beta_se.csv
AT240	GCST90084005	/gpfs/chencao/qinminzhang/workflow/ldsc/GWAS/all/AT240.txt.gz	/gpfs/chencao/qinminzhang/workflow/catalog_lof/run_all/data/GCST90084005_buildGRCh38_M1_001_ensg_beta_se.csv
GCST90080022	GCST90084008	/gpfs/chencao/qinminzhang/workflow/ldsc/GWAS/all/GCST90080022.txt.gz	/gpfs/chencao/qinminzhang/workflow/catalog_lof/run_all/data/GCST90084008_buildGRCh38_M1_001_ensg_beta_se.csv
GCST90080026	GCST90084012	/gpfs/chencao/qinminzhang/workflow/ldsc/GWAS/all/GCST90080026.txt.gz	/gpfs/chencao/qinminzhang/workflow/catalog_lof/run_all/data/GCST90084012_buildGRCh38_M1_001_ensg_beta_se.csv
GCST90080155	GCST90084141	/gpfs/chencao/qinminzhang/workflow/ldsc/GWAS/all/GCST90080155.txt.gz	/gpfs/chencao/qinminzhang/workflow/catalog_lof/run_all/data/GCST90084141_buildGRCh38_M1_001_ensg_beta_se.csv
MR01484	GCST90084150	/gpfs/chencao/qinminzhang/workflow/ldsc/GWAS/all/MR01484.txt.gz	/gpfs/chencao/qinminzhang/workflow/catalog_lof/run_all/data/GCST90084150_buildGRCh38_M1_001_ensg_beta_se.csv
GCST90080291	GCST90084277	/gpfs/chencao/qinminzhang/workflow/ldsc/GWAS/all/GCST90080291.txt.gz	/gpfs/chencao/qinminzhang/workflow/catalog_lof/run_all/data/GCST90084277_buildGRCh38_M1_001_ensg_beta_se.csv
GCST90080350	GCST90084336	/gpfs/chencao/qinminzhang/workflow/ldsc/GWAS/all/GCST90080350.txt.gz	/gpfs/chencao/qinminzhang/workflow/catalog_lof/run_all/data/GCST90084336_buildGRCh38_M1_001_ensg_beta_se.csv
GCST90080503	GCST90084489	/gpfs/chencao/qinminzhang/workflow/ldsc/GWAS/all/GCST90080503.txt.gz	/gpfs/chencao/qinminzhang/workflow/catalog_lof/run_all/data/GCST90084489_buildGRCh38_M1_001_ensg_beta_se.csv
PE05066	GCST90084612	/gpfs/chencao/qinminzhang/workflow/ldsc/GWAS/all/PE05066.txt.gz	/gpfs/chencao/qinminzhang/workflow/catalog_lof/run_all/data/GCST90084612_buildGRCh38_M1_001_ensg_beta_se.csv
GCST90080629	GCST90084615	/gpfs/chencao/qinminzhang/workflow/ldsc/GWAS/all/GCST90080629.txt.gz	/gpfs/chencao/qinminzhang/workflow/catalog_lof/run_all/data/GCST90084615_buildGRCh38_M1_001_ensg_beta_se.csv
GCST90080637	GCST90084623	/gpfs/chencao/qinminzhang/workflow/ldsc/GWAS/all/GCST90080637.txt.gz	/gpfs/chencao/qinminzhang/workflow/catalog_lof/run_all/data/GCST90084623_buildGRCh38_M1_001_ensg_beta_se.csv
GCST90080810	GCST90084796	/gpfs/chencao/qinminzhang/workflow/ldsc/GWAS/all/GCST90080810.txt.gz	/gpfs/chencao/qinminzhang/workflow/catalog_lof/run_all/data/GCST90084796_buildGRCh38_M1_001_ensg_beta_se.csv
GCST90080863	GCST90084849	/gpfs/chencao/qinminzhang/workflow/ldsc/GWAS/all/GCST90080863.txt.gz	/gpfs/chencao/qinminzhang/workflow/catalog_lof/run_all/data/GCST90084849_buildGRCh38_M1_001_ensg_beta_se.csv
PE05450	GCST90085402	/gpfs/chencao/qinminzhang/workflow/ldsc/GWAS/all/PE05450.txt.gz	/gpfs/chencao/qinminzhang/workflow/catalog_lof/run_all/data/GCST90085402_buildGRCh38_M1_001_ensg_beta_se.csv
AT119	GCST90083793	/gpfs/chencao/qinminzhang/workflow/ldsc/GWAS/all/AT119.txt.gz	/gpfs/chencao/qinminzhang/workflow/catalog_lof/run_all/data/GCST90083793_buildGRCh38_M1_001_ensg_beta_se.csv
AT196	GCST90083814	/gpfs/chencao/qinminzhang/workflow/ldsc/GWAS/all/AT196.txt.gz	/gpfs/chencao/qinminzhang/workflow/catalog_lof/run_all/data/GCST90083814_buildGRCh38_M1_001_ensg_beta_se.csv
GCST90079891	GCST90083877	/gpfs/chencao/qinminzhang/workflow/ldsc/GWAS/all/GCST90079891.txt.gz	/gpfs/chencao/qinminzhang/workflow/catalog_lof/run_all/data/GCST90083877_buildGRCh38_M1_001_ensg_beta_se.csv
GCST90079934	GCST90083920	/gpfs/chencao/qinminzhang/workflow/ldsc/GWAS/all/GCST90079934.txt.gz	/gpfs/chencao/qinminzhang/workflow/catalog_lof/run_all/data/GCST90083920_buildGRCh38_M1_001_ensg_beta_se.csv
GCST90079950	GCST90083936	/gpfs/chencao/qinminzhang/workflow/ldsc/GWAS/all/GCST90079950.txt.gz	/gpfs/chencao/qinminzhang/workflow/catalog_lof/run_all/data/GCST90083936_buildGRCh38_M1_001_ensg_beta_se.csv
GCST90080020	GCST90084006	/gpfs/chencao/qinminzhang/workflow/ldsc/GWAS/all/GCST90080020.txt.gz	/gpfs/chencao/qinminzhang/workflow/catalog_lof/run_all/data/GCST90084006_buildGRCh38_M1_001_ensg_beta_se.csv
AT294	GCST90084194	/gpfs/chencao/qinminzhang/workflow/ldsc/GWAS/all/AT294.txt.gz	/gpfs/chencao/qinminzhang/workflow/catalog_lof/run_all/data/GCST90084194_buildGRCh38_M1_001_ensg_beta_se.csv
MR07723	GCST90084243	/gpfs/chencao/qinminzhang/workflow/ldsc/GWAS/all/MR07723.txt.gz	/gpfs/chencao/qinminzhang/workflow/catalog_lof/run_all/data/GCST90084243_buildGRCh38_M1_001_ensg_beta_se.csv
GCST90080275	GCST90084261	/gpfs/chencao/qinminzhang/workflow/ldsc/GWAS/all/GCST90080275.txt.gz	/gpfs/chencao/qinminzhang/workflow/catalog_lof/run_all/data/GCST90084261_buildGRCh38_M1_001_ensg_beta_se.csv
MR34153	GCST90084589	/gpfs/chencao/qinminzhang/workflow/ldsc/GWAS/all/MR34153.txt.gz	/gpfs/chencao/qinminzhang/workflow/catalog_lof/run_all/data/GCST90084589_buildGRCh38_M1_001_ensg_beta_se.csv
PE05070	GCST90084624	/gpfs/chencao/qinminzhang/workflow/ldsc/GWAS/all/PE05070.txt.gz	/gpfs/chencao/qinminzhang/workflow/catalog_lof/run_all/data/GCST90084624_buildGRCh38_M1_001_ensg_beta_se.csv
GCST90080845	GCST90084831	/gpfs/chencao/qinminzhang/workflow/ldsc/GWAS/all/GCST90080845.txt.gz	/gpfs/chencao/qinminzhang/workflow/catalog_lof/run_all/data/GCST90084831_buildGRCh38_M1_001_ensg_beta_se.csv
GCST90080871	GCST90084857	/gpfs/chencao/qinminzhang/workflow/ldsc/GWAS/all/GCST90080871.txt.gz	/gpfs/chencao/qinminzhang/workflow/catalog_lof/run_all/data/GCST90084857_buildGRCh38_M1_001_ensg_beta_se.csv
GCST90080901	GCST90084887	/gpfs/chencao/qinminzhang/workflow/ldsc/GWAS/all/GCST90080901.txt.gz	/gpfs/chencao/qinminzhang/workflow/catalog_lof/run_all/data/GCST90084887_buildGRCh38_M1_001_ensg_beta_se.csv
GCST90081441	GCST90085427	/gpfs/chencao/qinminzhang/workflow/ldsc/GWAS/all/GCST90081441.txt.gz	/gpfs/chencao/qinminzhang/workflow/catalog_lof/run_all/data/GCST90085427_buildGRCh38_M1_001_ensg_beta_se.csv
GCST90081443	GCST90085429	/gpfs/chencao/qinminzhang/workflow/ldsc/GWAS/all/GCST90081443.txt.gz	/gpfs/chencao/qinminzhang/workflow/catalog_lof/run_all/data/GCST90085429_buildGRCh38_M1_001_ensg_beta_se.csv
GCST90079635	GCST90083621	/gpfs/chencao/qinminzhang/workflow/ldsc/GWAS/all/GCST90079635.txt.gz	/gpfs/chencao/qinminzhang/workflow/catalog_lof/run_all/data/GCST90083621_buildGRCh38_M1_001_ensg_beta_se.csv
GCST90079792	GCST90083778	/gpfs/chencao/qinminzhang/workflow/ldsc/GWAS/all/GCST90079792.txt.gz	/gpfs/chencao/qinminzhang/workflow/catalog_lof/run_all/data/GCST90083778_buildGRCh38_M1_001_ensg_beta_se.csv
AT118	GCST90083798	/gpfs/chencao/qinminzhang/workflow/ldsc/GWAS/all/AT118.txt.gz	/gpfs/chencao/qinminzhang/workflow/catalog_lof/run_all/data/GCST90083798_buildGRCh38_M1_001_ensg_beta_se.csv
AT539	GCST90083849	/gpfs/chencao/qinminzhang/workflow/ldsc/GWAS/all/AT539.txt.gz	/gpfs/chencao/qinminzhang/workflow/catalog_lof/run_all/data/GCST90083849_buildGRCh38_M1_001_ensg_beta_se.csv
AT457	GCST90083888	/gpfs/chencao/qinminzhang/workflow/ldsc/GWAS/all/AT457.txt.gz	/gpfs/chencao/qinminzhang/workflow/catalog_lof/run_all/data/GCST90083888_buildGRCh38_M1_001_ensg_beta_se.csv
AT157	GCST90083947	/gpfs/chencao/qinminzhang/workflow/ldsc/GWAS/all/AT157.txt.gz	/gpfs/chencao/qinminzhang/workflow/catalog_lof/run_all/data/GCST90083947_buildGRCh38_M1_001_ensg_beta_se.csv
AT336	GCST90084043	/gpfs/chencao/qinminzhang/workflow/ldsc/GWAS/all/AT336.txt.gz	/gpfs/chencao/qinminzhang/workflow/catalog_lof/run_all/data/GCST90084043_buildGRCh38_M1_001_ensg_beta_se.csv
MR21443	GCST90084098	/gpfs/chencao/qinminzhang/workflow/ldsc/GWAS/all/MR21443.txt.gz	/gpfs/chencao/qinminzhang/workflow/catalog_lof/run_all/data/GCST90084098_buildGRCh38_M1_001_ensg_beta_se.csv
GCST90080191	GCST90084177	/gpfs/chencao/qinminzhang/workflow/ldsc/GWAS/all/GCST90080191.txt.gz	/gpfs/chencao/qinminzhang/workflow/catalog_lof/run_all/data/GCST90084177_buildGRCh38_M1_001_ensg_beta_se.csv
GCST90080238	GCST90084224	/gpfs/chencao/qinminzhang/workflow/ldsc/GWAS/all/GCST90080238.txt.gz	/gpfs/chencao/qinminzhang/workflow/catalog_lof/run_all/data/GCST90084224_buildGRCh38_M1_001_ensg_beta_se.csv
AT237	GCST90084269	/gpfs/chencao/qinminzhang/workflow/ldsc/GWAS/all/AT237.txt.gz	/gpfs/chencao/qinminzhang/workflow/catalog_lof/run_all/data/GCST90084269_buildGRCh38_M1_001_ensg_beta_se.csv
GCST90080494	GCST90084480	/gpfs/chencao/qinminzhang/workflow/ldsc/GWAS/all/GCST90080494.txt.gz	/gpfs/chencao/qinminzhang/workflow/catalog_lof/run_all/data/GCST90084480_buildGRCh38_M1_001_ensg_beta_se.csv
AT333	GCST90084577	/gpfs/chencao/qinminzhang/workflow/ldsc/GWAS/all/AT333.txt.gz	/gpfs/chencao/qinminzhang/workflow/catalog_lof/run_all/data/GCST90084577_buildGRCh38_M1_001_ensg_beta_se.csv
GCST90080604	GCST90084590	/gpfs/chencao/qinminzhang/workflow/ldsc/GWAS/all/GCST90080604.txt.gz	/gpfs/chencao/qinminzhang/workflow/catalog_lof/run_all/data/GCST90084590_buildGRCh38_M1_001_ensg_beta_se.csv
MR25603	GCST90084634	/gpfs/chencao/qinminzhang/workflow/ldsc/GWAS/all/MR25603.txt.gz	/gpfs/chencao/qinminzhang/workflow/catalog_lof/run_all/data/GCST90084634_buildGRCh38_M1_001_ensg_beta_se.csv
PA01022	GCST90084644	/gpfs/chencao/qinminzhang/workflow/ldsc/GWAS/all/PA01022.txt.gz	/gpfs/chencao/qinminzhang/workflow/catalog_lof/run_all/data/GCST90084644_buildGRCh38_M1_001_ensg_beta_se.csv
GCST90080672	GCST90084658	/gpfs/chencao/qinminzhang/workflow/ldsc/GWAS/all/GCST90080672.txt.gz	/gpfs/chencao/qinminzhang/workflow/catalog_lof/run_all/data/GCST90084658_buildGRCh38_M1_001_ensg_beta_se.csv
BE132	GCST90084844	/gpfs/chencao/qinminzhang/workflow/ldsc/GWAS/all/BE132.txt.gz	/gpfs/chencao/qinminzhang/workflow/catalog_lof/run_all/data/GCST90084844_buildGRCh38_M1_001_ensg_beta_se.csv
GCST90079704	GCST90083690	/gpfs/chencao/qinminzhang/workflow/ldsc/GWAS/all/GCST90079704.txt.gz	/gpfs/chencao/qinminzhang/workflow/catalog_lof/run_all/data/GCST90083690_buildGRCh38_M1_001_ensg_beta_se.csv
GCST90079764	GCST90083750	/gpfs/chencao/qinminzhang/workflow/ldsc/GWAS/all/GCST90079764.txt.gz	/gpfs/chencao/qinminzhang/workflow/catalog_lof/run_all/data/GCST90083750_buildGRCh38_M1_001_ensg_beta_se.csv
AT022	GCST90083825	/gpfs/chencao/qinminzhang/workflow/ldsc/GWAS/all/AT022.txt.gz	/gpfs/chencao/qinminzhang/workflow/catalog_lof/run_all/data/GCST90083825_buildGRCh38_M1_001_ensg_beta_se.csv
MR10444	GCST90083830	/gpfs/chencao/qinminzhang/workflow/ldsc/GWAS/all/MR10444.txt.gz	/gpfs/chencao/qinminzhang/workflow/catalog_lof/run_all/data/GCST90083830_buildGRCh38_M1_001_ensg_beta_se.csv
GCST90080416	GCST90084402	/gpfs/chencao/qinminzhang/workflow/ldsc/GWAS/all/GCST90080416.txt.gz	/gpfs/chencao/qinminzhang/workflow/catalog_lof/run_all/data/GCST90084402_buildGRCh38_M1_001_ensg_beta_se.csv
MR33927	GCST90084414	/gpfs/chencao/qinminzhang/workflow/ldsc/GWAS/all/MR33927.txt.gz	/gpfs/chencao/qinminzhang/workflow/catalog_lof/run_all/data/GCST90084414_buildGRCh38_M1_001_ensg_beta_se.csv
GCST90080536	GCST90084522	/gpfs/chencao/qinminzhang/workflow/ldsc/GWAS/all/GCST90080536.txt.gz	/gpfs/chencao/qinminzhang/workflow/catalog_lof/run_all/data/GCST90084522_buildGRCh38_M1_001_ensg_beta_se.csv
GCST90080596	GCST90084582	/gpfs/chencao/qinminzhang/workflow/ldsc/GWAS/all/GCST90080596.txt.gz	/gpfs/chencao/qinminzhang/workflow/catalog_lof/run_all/data/GCST90084582_buildGRCh38_M1_001_ensg_beta_se.csv
GCST90080649	GCST90084635	/gpfs/chencao/qinminzhang/workflow/ldsc/GWAS/all/GCST90080649.txt.gz	/gpfs/chencao/qinminzhang/workflow/catalog_lof/run_all/data/GCST90084635_buildGRCh38_M1_001_ensg_beta_se.csv
MR14460	GCST90084761	/gpfs/chencao/qinminzhang/workflow/ldsc/GWAS/all/MR14460.txt.gz	/gpfs/chencao/qinminzhang/workflow/catalog_lof/run_all/data/GCST90084761_buildGRCh38_M1_001_ensg_beta_se.csv
GCST90080778	GCST90084764	/gpfs/chencao/qinminzhang/workflow/ldsc/GWAS/all/GCST90080778.txt.gz	/gpfs/chencao/qinminzhang/workflow/catalog_lof/run_all/data/GCST90084764_buildGRCh38_M1_001_ensg_beta_se.csv
GCST90080903	GCST90084889	/gpfs/chencao/qinminzhang/workflow/ldsc/GWAS/all/GCST90080903.txt.gz	/gpfs/chencao/qinminzhang/workflow/catalog_lof/run_all/data/GCST90084889_buildGRCh38_M1_001_ensg_beta_se.csv
MR28646	GCST90085259	/gpfs/chencao/qinminzhang/workflow/ldsc/GWAS/all/MR28646.txt.gz	/gpfs/chencao/qinminzhang/workflow/catalog_lof/run_all/data/GCST90085259_buildGRCh38_M1_001_ensg_beta_se.csv
GCST90079726	GCST90083712	/gpfs/chencao/qinminzhang/workflow/ldsc/GWAS/all/GCST90079726.txt.gz	/gpfs/chencao/qinminzhang/workflow/catalog_lof/run_all/data/GCST90083712_buildGRCh38_M1_001_ensg_beta_se.csv
MR41874	GCST90084100	/gpfs/chencao/qinminzhang/workflow/ldsc/GWAS/all/MR41874.txt.gz	/gpfs/chencao/qinminzhang/workflow/catalog_lof/run_all/data/GCST90084100_buildGRCh38_M1_001_ensg_beta_se.csv
GCST90080202	GCST90084188	/gpfs/chencao/qinminzhang/workflow/ldsc/GWAS/all/GCST90080202.txt.gz	/gpfs/chencao/qinminzhang/workflow/catalog_lof/run_all/data/GCST90084188_buildGRCh38_M1_001_ensg_beta_se.csv
GCST90473978	GCST90084356	/gpfs/chencao/qinminzhang/workflow/ldsc/GWAS/all/GCST90473978.txt.gz	/gpfs/chencao/qinminzhang/workflow/catalog_lof/run_all/data/GCST90084356_buildGRCh38_M1_001_ensg_beta_se.csv
GCST90080412	GCST90084398	/gpfs/chencao/qinminzhang/workflow/ldsc/GWAS/all/GCST90080412.txt.gz	/gpfs/chencao/qinminzhang/workflow/catalog_lof/run_all/data/GCST90084398_buildGRCh38_M1_001_ensg_beta_se.csv
GCST90080506	GCST90084492	/gpfs/chencao/qinminzhang/workflow/ldsc/GWAS/all/GCST90080506.txt.gz	/gpfs/chencao/qinminzhang/workflow/catalog_lof/run_all/data/GCST90084492_buildGRCh38_M1_001_ensg_beta_se.csv
AT409	GCST90084626	/gpfs/chencao/qinminzhang/workflow/ldsc/GWAS/all/AT409.txt.gz	/gpfs/chencao/qinminzhang/workflow/catalog_lof/run_all/data/GCST90084626_buildGRCh38_M1_001_ensg_beta_se.csv
GCST90080668	GCST90084654	/gpfs/chencao/qinminzhang/workflow/ldsc/GWAS/all/GCST90080668.txt.gz	/gpfs/chencao/qinminzhang/workflow/catalog_lof/run_all/data/GCST90084654_buildGRCh38_M1_001_ensg_beta_se.csv
GCST90080669	GCST90084655	/gpfs/chencao/qinminzhang/workflow/ldsc/GWAS/all/GCST90080669.txt.gz	/gpfs/chencao/qinminzhang/workflow/catalog_lof/run_all/data/GCST90084655_buildGRCh38_M1_001_ensg_beta_se.csv
PE05141	GCST90084735	/gpfs/chencao/qinminzhang/workflow/ldsc/GWAS/all/PE05141.txt.gz	/gpfs/chencao/qinminzhang/workflow/catalog_lof/run_all/data/GCST90084735_buildGRCh38_M1_001_ensg_beta_se.csv
GCST90080800	GCST90084786	/gpfs/chencao/qinminzhang/workflow/ldsc/GWAS/all/GCST90080800.txt.gz	/gpfs/chencao/qinminzhang/workflow/catalog_lof/run_all/data/GCST90084786_buildGRCh38_M1_001_ensg_beta_se.csv
GCST90080862	GCST90084848	/gpfs/chencao/qinminzhang/workflow/ldsc/GWAS/all/GCST90080862.txt.gz	/gpfs/chencao/qinminzhang/workflow/catalog_lof/run_all/data/GCST90084848_buildGRCh38_M1_001_ensg_beta_se.csv
GCST90081103	GCST90085089	/gpfs/chencao/qinminzhang/workflow/ldsc/GWAS/all/GCST90081103.txt.gz	/gpfs/chencao/qinminzhang/workflow/catalog_lof/run_all/data/GCST90085089_buildGRCh38_M1_001_ensg_beta_se.csv
PE04676	GCST90083746	/gpfs/chencao/qinminzhang/workflow/ldsc/GWAS/all/PE04676.txt.gz	/gpfs/chencao/qinminzhang/workflow/catalog_lof/run_all/data/GCST90083746_buildGRCh38_M1_001_ensg_beta_se.csv
GCST90079889	GCST90083875	/gpfs/chencao/qinminzhang/workflow/ldsc/GWAS/all/GCST90079889.txt.gz	/gpfs/chencao/qinminzhang/workflow/catalog_lof/run_all/data/GCST90083875_buildGRCh38_M1_001_ensg_beta_se.csv
GCST90079918	GCST90083904	/gpfs/chencao/qinminzhang/workflow/ldsc/GWAS/all/GCST90079918.txt.gz	/gpfs/chencao/qinminzhang/workflow/catalog_lof/run_all/data/GCST90083904_buildGRCh38_M1_001_ensg_beta_se.csv
GCST90080056	GCST90084042	/gpfs/chencao/qinminzhang/workflow/ldsc/GWAS/all/GCST90080056.txt.gz	/gpfs/chencao/qinminzhang/workflow/catalog_lof/run_all/data/GCST90084042_buildGRCh38_M1_001_ensg_beta_se.csv
MR32517	GCST90084158	/gpfs/chencao/qinminzhang/workflow/ldsc/GWAS/all/MR32517.txt.gz	/gpfs/chencao/qinminzhang/workflow/catalog_lof/run_all/data/GCST90084158_buildGRCh38_M1_001_ensg_beta_se.csv
GCST90080256	GCST90084242	/gpfs/chencao/qinminzhang/workflow/ldsc/GWAS/all/GCST90080256.txt.gz	/gpfs/chencao/qinminzhang/workflow/catalog_lof/run_all/data/GCST90084242_buildGRCh38_M1_001_ensg_beta_se.csv
GCST90080535	GCST90084521	/gpfs/chencao/qinminzhang/workflow/ldsc/GWAS/all/GCST90080535.txt.gz	/gpfs/chencao/qinminzhang/workflow/catalog_lof/run_all/data/GCST90084521_buildGRCh38_M1_001_ensg_beta_se.csv
GCST90080580	GCST90084566	/gpfs/chencao/qinminzhang/workflow/ldsc/GWAS/all/GCST90080580.txt.gz	/gpfs/chencao/qinminzhang/workflow/catalog_lof/run_all/data/GCST90084566_buildGRCh38_M1_001_ensg_beta_se.csv
GCST90080627	GCST90084613	/gpfs/chencao/qinminzhang/workflow/ldsc/GWAS/all/GCST90080627.txt.gz	/gpfs/chencao/qinminzhang/workflow/catalog_lof/run_all/data/GCST90084613_buildGRCh38_M1_001_ensg_beta_se.csv
GCST90080747	GCST90084733	/gpfs/chencao/qinminzhang/workflow/ldsc/GWAS/all/GCST90080747.txt.gz	/gpfs/chencao/qinminzhang/workflow/catalog_lof/run_all/data/GCST90084733_buildGRCh38_M1_001_ensg_beta_se.csv
GCST90080790	GCST90084776	/gpfs/chencao/qinminzhang/workflow/ldsc/GWAS/all/GCST90080790.txt.gz	/gpfs/chencao/qinminzhang/workflow/catalog_lof/run_all/data/GCST90084776_buildGRCh38_M1_001_ensg_beta_se.csv
GCST90080848	GCST90084834	/gpfs/chencao/qinminzhang/workflow/ldsc/GWAS/all/GCST90080848.txt.gz	/gpfs/chencao/qinminzhang/workflow/catalog_lof/run_all/data/GCST90084834_buildGRCh38_M1_001_ensg_beta_se.csv
BE046	GCST90084866	/gpfs/chencao/qinminzhang/workflow/ldsc/GWAS/all/BE046.txt.gz	/gpfs/chencao/qinminzhang/workflow/catalog_lof/run_all/data/GCST90084866_buildGRCh38_M1_001_ensg_beta_se.csv
PE05182	GCST90084873	/gpfs/chencao/qinminzhang/workflow/ldsc/GWAS/all/PE05182.txt.gz	/gpfs/chencao/qinminzhang/workflow/catalog_lof/run_all/data/GCST90084873_buildGRCh38_M1_001_ensg_beta_se.csv
MR32226	GCST90084880	/gpfs/chencao/qinminzhang/workflow/ldsc/GWAS/all/MR32226.txt.gz	/gpfs/chencao/qinminzhang/workflow/catalog_lof/run_all/data/GCST90084880_buildGRCh38_M1_001_ensg_beta_se.csv
GCST90080975	GCST90084961	/gpfs/chencao/qinminzhang/workflow/ldsc/GWAS/all/GCST90080975.txt.gz	/gpfs/chencao/qinminzhang/workflow/catalog_lof/run_all/data/GCST90084961_buildGRCh38_M1_001_ensg_beta_se.csv
PE04619	GCST90083675	/gpfs/chencao/qinminzhang/workflow/ldsc/GWAS/all/PE04619.txt.gz	/gpfs/chencao/qinminzhang/workflow/catalog_lof/run_all/data/GCST90083675_buildGRCh38_M1_001_ensg_beta_se.csv
AT002	GCST90083803	/gpfs/chencao/qinminzhang/workflow/ldsc/GWAS/all/AT002.txt.gz	/gpfs/chencao/qinminzhang/workflow/catalog_lof/run_all/data/GCST90083803_buildGRCh38_M1_001_ensg_beta_se.csv
PE04723	GCST90083805	/gpfs/chencao/qinminzhang/workflow/ldsc/GWAS/all/PE04723.txt.gz	/gpfs/chencao/qinminzhang/workflow/catalog_lof/run_all/data/GCST90083805_buildGRCh38_M1_001_ensg_beta_se.csv
GCST90079869	GCST90083855	/gpfs/chencao/qinminzhang/workflow/ldsc/GWAS/all/GCST90079869.txt.gz	/gpfs/chencao/qinminzhang/workflow/catalog_lof/run_all/data/GCST90083855_buildGRCh38_M1_001_ensg_beta_se.csv
GCST90079906	GCST90083892	/gpfs/chencao/qinminzhang/workflow/ldsc/GWAS/all/GCST90079906.txt.gz	/gpfs/chencao/qinminzhang/workflow/catalog_lof/run_all/data/GCST90083892_buildGRCh38_M1_001_ensg_beta_se.csv
GCST90080017	GCST90084003	/gpfs/chencao/qinminzhang/workflow/ldsc/GWAS/all/GCST90080017.txt.gz	/gpfs/chencao/qinminzhang/workflow/catalog_lof/run_all/data/GCST90084003_buildGRCh38_M1_001_ensg_beta_se.csv
GCST90080054	GCST90084040	/gpfs/chencao/qinminzhang/workflow/ldsc/GWAS/all/GCST90080054.txt.gz	/gpfs/chencao/qinminzhang/workflow/catalog_lof/run_all/data/GCST90084040_buildGRCh38_M1_001_ensg_beta_se.csv
GCST90080192	GCST90084178	/gpfs/chencao/qinminzhang/workflow/ldsc/GWAS/all/GCST90080192.txt.gz	/gpfs/chencao/qinminzhang/workflow/catalog_lof/run_all/data/GCST90084178_buildGRCh38_M1_001_ensg_beta_se.csv
GCST90080433	GCST90084419	/gpfs/chencao/qinminzhang/workflow/ldsc/GWAS/all/GCST90080433.txt.gz	/gpfs/chencao/qinminzhang/workflow/catalog_lof/run_all/data/GCST90084419_buildGRCh38_M1_001_ensg_beta_se.csv
GCST90080589	GCST90084575	/gpfs/chencao/qinminzhang/workflow/ldsc/GWAS/all/GCST90080589.txt.gz	/gpfs/chencao/qinminzhang/workflow/catalog_lof/run_all/data/GCST90084575_buildGRCh38_M1_001_ensg_beta_se.csv
GCST90080815	GCST90084801	/gpfs/chencao/qinminzhang/workflow/ldsc/GWAS/all/GCST90080815.txt.gz	/gpfs/chencao/qinminzhang/workflow/catalog_lof/run_all/data/GCST90084801_buildGRCh38_M1_001_ensg_beta_se.csv
MR14355	GCST90084864	/gpfs/chencao/qinminzhang/workflow/ldsc/GWAS/all/MR14355.txt.gz	/gpfs/chencao/qinminzhang/workflow/catalog_lof/run_all/data/GCST90084864_buildGRCh38_M1_001_ensg_beta_se.csv
PE05228	GCST90084977	/gpfs/chencao/qinminzhang/workflow/ldsc/GWAS/all/PE05228.txt.gz	/gpfs/chencao/qinminzhang/workflow/catalog_lof/run_all/data/GCST90084977_buildGRCh38_M1_001_ensg_beta_se.csv
GCST90081251	GCST90085237	/gpfs/chencao/qinminzhang/workflow/ldsc/GWAS/all/GCST90081251.txt.gz	/gpfs/chencao/qinminzhang/workflow/catalog_lof/run_all/data/GCST90085237_buildGRCh38_M1_001_ensg_beta_se.csv
AT036	GCST90083704	/gpfs/chencao/qinminzhang/workflow/ldsc/GWAS/all/AT036.txt.gz	/gpfs/chencao/qinminzhang/workflow/catalog_lof/run_all/data/GCST90083704_buildGRCh38_M1_001_ensg_beta_se.csv
PE04783	GCST90083899	/gpfs/chencao/qinminzhang/workflow/ldsc/GWAS/all/PE04783.txt.gz	/gpfs/chencao/qinminzhang/workflow/catalog_lof/run_all/data/GCST90083899_buildGRCh38_M1_001_ensg_beta_se.csv
GCST90080049	GCST90084035	/gpfs/chencao/qinminzhang/workflow/ldsc/GWAS/all/GCST90080049.txt.gz	/gpfs/chencao/qinminzhang/workflow/catalog_lof/run_all/data/GCST90084035_buildGRCh38_M1_001_ensg_beta_se.csv
AT395	GCST90084170	/gpfs/chencao/qinminzhang/workflow/ldsc/GWAS/all/AT395.txt.gz	/gpfs/chencao/qinminzhang/workflow/catalog_lof/run_all/data/GCST90084170_buildGRCh38_M1_001_ensg_beta_se.csv
GCST90080189	GCST90084175	/gpfs/chencao/qinminzhang/workflow/ldsc/GWAS/all/GCST90080189.txt.gz	/gpfs/chencao/qinminzhang/workflow/catalog_lof/run_all/data/GCST90084175_buildGRCh38_M1_001_ensg_beta_se.csv
GCST90080270	GCST90084256	/gpfs/chencao/qinminzhang/workflow/ldsc/GWAS/all/GCST90080270.txt.gz	/gpfs/chencao/qinminzhang/workflow/catalog_lof/run_all/data/GCST90084256_buildGRCh38_M1_001_ensg_beta_se.csv
MR21553	GCST90084572	/gpfs/chencao/qinminzhang/workflow/ldsc/GWAS/all/MR21553.txt.gz	/gpfs/chencao/qinminzhang/workflow/catalog_lof/run_all/data/GCST90084572_buildGRCh38_M1_001_ensg_beta_se.csv
MR38464	GCST90084573	/gpfs/chencao/qinminzhang/workflow/ldsc/GWAS/all/MR38464.txt.gz	/gpfs/chencao/qinminzhang/workflow/catalog_lof/run_all/data/GCST90084573_buildGRCh38_M1_001_ensg_beta_se.csv
GCST90080660	GCST90084646	/gpfs/chencao/qinminzhang/workflow/ldsc/GWAS/all/GCST90080660.txt.gz	/gpfs/chencao/qinminzhang/workflow/catalog_lof/run_all/data/GCST90084646_buildGRCh38_M1_001_ensg_beta_se.csv
GCST90080814	GCST90084800	/gpfs/chencao/qinminzhang/workflow/ldsc/GWAS/all/GCST90080814.txt.gz	/gpfs/chencao/qinminzhang/workflow/catalog_lof/run_all/data/GCST90084800_buildGRCh38_M1_001_ensg_beta_se.csv
GCST90080824	GCST90084810	/gpfs/chencao/qinminzhang/workflow/ldsc/GWAS/all/GCST90080824.txt.gz	/gpfs/chencao/qinminzhang/workflow/catalog_lof/run_all/data/GCST90084810_buildGRCh38_M1_001_ensg_beta_se.csv
PE05163	GCST90084811	/gpfs/chencao/qinminzhang/workflow/ldsc/GWAS/all/PE05163.txt.gz	/gpfs/chencao/qinminzhang/workflow/catalog_lof/run_all/data/GCST90084811_buildGRCh38_M1_001_ensg_beta_se.csv
BE092	GCST90084830	/gpfs/chencao/qinminzhang/workflow/ldsc/GWAS/all/BE092.txt.gz	/gpfs/chencao/qinminzhang/workflow/catalog_lof/run_all/data/GCST90084830_buildGRCh38_M1_001_ensg_beta_se.csv
GCST90080872	GCST90084858	/gpfs/chencao/qinminzhang/workflow/ldsc/GWAS/all/GCST90080872.txt.gz	/gpfs/chencao/qinminzhang/workflow/catalog_lof/run_all/data/GCST90084858_buildGRCh38_M1_001_ensg_beta_se.csv
GCST90081102	GCST90085088	/gpfs/chencao/qinminzhang/workflow/ldsc/GWAS/all/GCST90081102.txt.gz	/gpfs/chencao/qinminzhang/workflow/catalog_lof/run_all/data/GCST90085088_buildGRCh38_M1_001_ensg_beta_se.csv
GCST90080452	GCST90084438	/gpfs/chencao/qinminzhang/workflow/ldsc/GWAS/all/GCST90080452.txt.gz	/gpfs/chencao/qinminzhang/workflow/catalog_lof/run_all/data/GCST90084438_buildGRCh38_M1_001_ensg_beta_se.csv
GCST90080969	GCST90084955	/gpfs/chencao/qinminzhang/workflow/ldsc/GWAS/all/GCST90080969.txt.gz	/gpfs/chencao/qinminzhang/workflow/catalog_lof/run_all/data/GCST90084955_buildGRCh38_M1_001_ensg_beta_se.csv
PE05244	GCST90084999	/gpfs/chencao/qinminzhang/workflow/ldsc/GWAS/all/PE05244.txt.gz	/gpfs/chencao/qinminzhang/workflow/catalog_lof/run_all/data/GCST90084999_buildGRCh38_M1_001_ensg_beta_se.csv
MR21074	GCST90085235	/gpfs/chencao/qinminzhang/workflow/ldsc/GWAS/all/MR21074.txt.gz	/gpfs/chencao/qinminzhang/workflow/catalog_lof/run_all/data/GCST90085235_buildGRCh38_M1_001_ensg_beta_se.csv
AT220	GCST90083630	/gpfs/chencao/qinminzhang/workflow/ldsc/GWAS/all/AT220.txt.gz	/gpfs/chencao/qinminzhang/workflow/catalog_lof/run_all/data/GCST90083630_buildGRCh38_M1_001_ensg_beta_se.csv
GCST90079871	GCST90083857	/gpfs/chencao/qinminzhang/workflow/ldsc/GWAS/all/GCST90079871.txt.gz	/gpfs/chencao/qinminzhang/workflow/catalog_lof/run_all/data/GCST90083857_buildGRCh38_M1_001_ensg_beta_se.csv
GCST90080180	GCST90084166	/gpfs/chencao/qinminzhang/workflow/ldsc/GWAS/all/GCST90080180.txt.gz	/gpfs/chencao/qinminzhang/workflow/catalog_lof/run_all/data/GCST90084166_buildGRCh38_M1_001_ensg_beta_se.csv
GCST90080454	GCST90084440	/gpfs/chencao/qinminzhang/workflow/ldsc/GWAS/all/GCST90080454.txt.gz	/gpfs/chencao/qinminzhang/workflow/catalog_lof/run_all/data/GCST90084440_buildGRCh38_M1_001_ensg_beta_se.csv
MR26894	GCST90084760	/gpfs/chencao/qinminzhang/workflow/ldsc/GWAS/all/MR26894.txt.gz	/gpfs/chencao/qinminzhang/workflow/catalog_lof/run_all/data/GCST90084760_buildGRCh38_M1_001_ensg_beta_se.csv
GCST90080776	GCST90084762	/gpfs/chencao/qinminzhang/workflow/ldsc/GWAS/all/GCST90080776.txt.gz	/gpfs/chencao/qinminzhang/workflow/catalog_lof/run_all/data/GCST90084762_buildGRCh38_M1_001_ensg_beta_se.csv
GCST90080777	GCST90084763	/gpfs/chencao/qinminzhang/workflow/ldsc/GWAS/all/GCST90080777.txt.gz	/gpfs/chencao/qinminzhang/workflow/catalog_lof/run_all/data/GCST90084763_buildGRCh38_M1_001_ensg_beta_se.csv
GCST90081130	GCST90085116	/gpfs/chencao/qinminzhang/workflow/ldsc/GWAS/all/GCST90081130.txt.gz	/gpfs/chencao/qinminzhang/workflow/catalog_lof/run_all/data/GCST90085116_buildGRCh38_M1_001_ensg_beta_se.csv
GCST90080827	GCST90084813	/gpfs/chencao/qinminzhang/workflow/ldsc/GWAS/all/GCST90080827.txt.gz	/gpfs/chencao/qinminzhang/workflow/catalog_lof/run_all/data/GCST90084813_buildGRCh38_M1_001_ensg_beta_se.csv
GCST90081042	GCST90085028	/gpfs/chencao/qinminzhang/workflow/ldsc/GWAS/all/GCST90081042.txt.gz	/gpfs/chencao/qinminzhang/workflow/catalog_lof/run_all/data/GCST90085028_buildGRCh38_M1_001_ensg_beta_se.csv
MR19657	GCST90084257	/gpfs/chencao/qinminzhang/workflow/ldsc/GWAS/all/MR19657.txt.gz	/gpfs/chencao/qinminzhang/workflow/catalog_lof/run_all/data/GCST90084257_buildGRCh38_M1_001_ensg_beta_se.csv
MR39894	GCST90084446	/gpfs/chencao/qinminzhang/workflow/ldsc/GWAS/all/MR39894.txt.gz	/gpfs/chencao/qinminzhang/workflow/catalog_lof/run_all/data/GCST90084446_buildGRCh38_M1_001_ensg_beta_se.csv
GCST90080507	GCST90084493	/gpfs/chencao/qinminzhang/workflow/ldsc/GWAS/all/GCST90080507.txt.gz	/gpfs/chencao/qinminzhang/workflow/catalog_lof/run_all/data/GCST90084493_buildGRCh38_M1_001_ensg_beta_se.csv
GCST90080508	GCST90084494	/gpfs/chencao/qinminzhang/workflow/ldsc/GWAS/all/GCST90080508.txt.gz	/gpfs/chencao/qinminzhang/workflow/catalog_lof/run_all/data/GCST90084494_buildGRCh38_M1_001_ensg_beta_se.csv
GCST90080509	GCST90084495	/gpfs/chencao/qinminzhang/workflow/ldsc/GWAS/all/GCST90080509.txt.gz	/gpfs/chencao/qinminzhang/workflow/catalog_lof/run_all/data/GCST90084495_buildGRCh38_M1_001_ensg_beta_se.csv
MR38343	GCST90084496	/gpfs/chencao/qinminzhang/workflow/ldsc/GWAS/all/MR38343.txt.gz	/gpfs/chencao/qinminzhang/workflow/catalog_lof/run_all/data/GCST90084496_buildGRCh38_M1_001_ensg_beta_se.csv
GCST90080546	GCST90084532	/gpfs/chencao/qinminzhang/workflow/ldsc/GWAS/all/GCST90080546.txt.gz	/gpfs/chencao/qinminzhang/workflow/catalog_lof/run_all/data/GCST90084532_buildGRCh38_M1_001_ensg_beta_se.csv
GCST90079838	GCST90083824	/gpfs/chencao/qinminzhang/workflow/ldsc/GWAS/all/GCST90079838.txt.gz	/gpfs/chencao/qinminzhang/workflow/catalog_lof/run_all/data/GCST90083824_buildGRCh38_M1_001_ensg_beta_se.csv
GCST90080457	GCST90084443	/gpfs/chencao/qinminzhang/workflow/ldsc/GWAS/all/GCST90080457.txt.gz	/gpfs/chencao/qinminzhang/workflow/catalog_lof/run_all/data/GCST90084443_buildGRCh38_M1_001_ensg_beta_se.csv
GCST90080455	GCST90084441	/gpfs/chencao/qinminzhang/workflow/ldsc/GWAS/all/GCST90080455.txt.gz	/gpfs/chencao/qinminzhang/workflow/catalog_lof/run_all/data/GCST90084441_buildGRCh38_M1_001_ensg_beta_se.csv
GCST90079752	GCST90083738	/gpfs/chencao/qinminzhang/workflow/ldsc/GWAS/all/GCST90079752.txt.gz	/gpfs/chencao/qinminzhang/workflow/catalog_lof/run_all/data/GCST90083738_buildGRCh38_M1_001_ensg_beta_se.csv
AT078	GCST90083716	/gpfs/chencao/qinminzhang/workflow/ldsc/GWAS/all/AT078.txt.gz	/gpfs/chencao/qinminzhang/workflow/catalog_lof/run_all/data/GCST90083716_buildGRCh38_M1_001_ensg_beta_se.csv
GCST90080407	GCST90084393	/gpfs/chencao/qinminzhang/workflow/ldsc/GWAS/all/GCST90080407.txt.gz	/gpfs/chencao/qinminzhang/workflow/catalog_lof/run_all/data/GCST90084393_buildGRCh38_M1_001_ensg_beta_se.csv
GCST90079781	GCST90083767	/gpfs/chencao/qinminzhang/workflow/ldsc/GWAS/all/GCST90079781.txt.gz	/gpfs/chencao/qinminzhang/workflow/catalog_lof/run_all/data/GCST90083767_buildGRCh38_M1_001_ensg_beta_se.csv
GCST90079714	GCST90083700	/gpfs/chencao/qinminzhang/workflow/ldsc/GWAS/all/GCST90079714.txt.gz	/gpfs/chencao/qinminzhang/workflow/catalog_lof/run_all/data/GCST90083700_buildGRCh38_M1_001_ensg_beta_se.csv
MR00182	GCST90083997	/gpfs/chencao/qinminzhang/workflow/ldsc/GWAS/all/MR00182.txt.gz	/gpfs/chencao/qinminzhang/workflow/catalog_lof/run_all/data/GCST90083997_buildGRCh38_M1_001_ensg_beta_se.csv
GCST90079751	GCST90083737	/gpfs/chencao/qinminzhang/workflow/ldsc/GWAS/all/GCST90079751.txt.gz	/gpfs/chencao/qinminzhang/workflow/catalog_lof/run_all/data/GCST90083737_buildGRCh38_M1_001_ensg_beta_se.csv
AT401	GCST90081654	/gpfs/chencao/qinminzhang/workflow/ldsc/GWAS/all/AT401.txt.gz	/gpfs/chencao/qinminzhang/workflow/catalog_lof/run_all/data/GCST90081654_buildGRCh38_M1_001_ensg_beta_se.csv
MR08330	GCST90083707	/gpfs/chencao/qinminzhang/workflow/ldsc/GWAS/all/MR08330.txt.gz	/gpfs/chencao/qinminzhang/workflow/catalog_lof/run_all/data/GCST90083707_buildGRCh38_M1_001_ensg_beta_se.csv
GCST90079729	GCST90083715	/gpfs/chencao/qinminzhang/workflow/ldsc/GWAS/all/GCST90079729.txt.gz	/gpfs/chencao/qinminzhang/workflow/catalog_lof/run_all/data/GCST90083715_buildGRCh38_M1_001_ensg_beta_se.csv
GCST90079767	GCST90083753	/gpfs/chencao/qinminzhang/workflow/ldsc/GWAS/all/GCST90079767.txt.gz	/gpfs/chencao/qinminzhang/workflow/catalog_lof/run_all/data/GCST90083753_buildGRCh38_M1_001_ensg_beta_se.csv
GCST90079849	GCST90083835	/gpfs/chencao/qinminzhang/workflow/ldsc/GWAS/all/GCST90079849.txt.gz	/gpfs/chencao/qinminzhang/workflow/catalog_lof/run_all/data/GCST90083835_buildGRCh38_M1_001_ensg_beta_se.csv
GCST90079879	GCST90083865	/gpfs/chencao/qinminzhang/workflow/ldsc/GWAS/all/GCST90079879.txt.gz	/gpfs/chencao/qinminzhang/workflow/catalog_lof/run_all/data/GCST90083865_buildGRCh38_M1_001_ensg_beta_se.csv
GCST90079999	GCST90083985	/gpfs/chencao/qinminzhang/workflow/ldsc/GWAS/all/GCST90079999.txt.gz	/gpfs/chencao/qinminzhang/workflow/catalog_lof/run_all/data/GCST90083985_buildGRCh38_M1_001_ensg_beta_se.csv
GCST90080393	GCST90084379	/gpfs/chencao/qinminzhang/workflow/ldsc/GWAS/all/GCST90080393.txt.gz	/gpfs/chencao/qinminzhang/workflow/catalog_lof/run_all/data/GCST90084379_buildGRCh38_M1_001_ensg_beta_se.csv
GCST90080854	GCST90084840	/gpfs/chencao/qinminzhang/workflow/ldsc/GWAS/all/GCST90080854.txt.gz	/gpfs/chencao/qinminzhang/workflow/catalog_lof/run_all/data/GCST90084840_buildGRCh38_M1_001_ensg_beta_se.csv
GCST90079766	GCST90083752	/gpfs/chencao/qinminzhang/workflow/ldsc/GWAS/all/GCST90079766.txt.gz	/gpfs/chencao/qinminzhang/workflow/catalog_lof/run_all/data/GCST90083752_buildGRCh38_M1_001_ensg_beta_se.csv
GCST90079799	GCST90083785	/gpfs/chencao/qinminzhang/workflow/ldsc/GWAS/all/GCST90079799.txt.gz	/gpfs/chencao/qinminzhang/workflow/catalog_lof/run_all/data/GCST90083785_buildGRCh38_M1_001_ensg_beta_se.csv
GCST90080300	GCST90084286	/gpfs/chencao/qinminzhang/workflow/ldsc/GWAS/all/GCST90080300.txt.gz	/gpfs/chencao/qinminzhang/workflow/catalog_lof/run_all/data/GCST90084286_buildGRCh38_M1_001_ensg_beta_se.csv
GCST90080398	GCST90084384	/gpfs/chencao/qinminzhang/workflow/ldsc/GWAS/all/GCST90080398.txt.gz	/gpfs/chencao/qinminzhang/workflow/catalog_lof/run_all/data/GCST90084384_buildGRCh38_M1_001_ensg_beta_se.csv
GCST90080651	GCST90084637	/gpfs/chencao/qinminzhang/workflow/ldsc/GWAS/all/GCST90080651.txt.gz	/gpfs/chencao/qinminzhang/workflow/catalog_lof/run_all/data/GCST90084637_buildGRCh38_M1_001_ensg_beta_se.csv
GCST90080891	GCST90084877	/gpfs/chencao/qinminzhang/workflow/ldsc/GWAS/all/GCST90080891.txt.gz	/gpfs/chencao/qinminzhang/workflow/catalog_lof/run_all/data/GCST90084877_buildGRCh38_M1_001_ensg_beta_se.csv
GCST90080892	GCST90084878	/gpfs/chencao/qinminzhang/workflow/ldsc/GWAS/all/GCST90080892.txt.gz	/gpfs/chencao/qinminzhang/workflow/catalog_lof/run_all/data/GCST90084878_buildGRCh38_M1_001_ensg_beta_se.csv
GCST90080905	GCST90084891	/gpfs/chencao/qinminzhang/workflow/ldsc/GWAS/all/GCST90080905.txt.gz	/gpfs/chencao/qinminzhang/workflow/catalog_lof/run_all/data/GCST90084891_buildGRCh38_M1_001_ensg_beta_se.csv
GCST90079749	GCST90083735	/gpfs/chencao/qinminzhang/workflow/ldsc/GWAS/all/GCST90079749.txt.gz	/gpfs/chencao/qinminzhang/workflow/catalog_lof/run_all/data/GCST90083735_buildGRCh38_M1_001_ensg_beta_se.csv
GCST90080152	GCST90084138	/gpfs/chencao/qinminzhang/workflow/ldsc/GWAS/all/GCST90080152.txt.gz	/gpfs/chencao/qinminzhang/workflow/catalog_lof/run_all/data/GCST90084138_buildGRCh38_M1_001_ensg_beta_se.csv
GCST90473798	GCST90084203	/gpfs/chencao/qinminzhang/workflow/ldsc/GWAS/all/GCST90473798.txt.gz	/gpfs/chencao/qinminzhang/workflow/catalog_lof/run_all/data/GCST90084203_buildGRCh38_M1_001_ensg_beta_se.csv
GCST90080253	GCST90084239	/gpfs/chencao/qinminzhang/workflow/ldsc/GWAS/all/GCST90080253.txt.gz	/gpfs/chencao/qinminzhang/workflow/catalog_lof/run_all/data/GCST90084239_buildGRCh38_M1_001_ensg_beta_se.csv
AT612	GCST90084301	/gpfs/chencao/qinminzhang/workflow/ldsc/GWAS/all/AT612.txt.gz	/gpfs/chencao/qinminzhang/workflow/catalog_lof/run_all/data/GCST90084301_buildGRCh38_M1_001_ensg_beta_se.csv
GCST90080557	GCST90084543	/gpfs/chencao/qinminzhang/workflow/ldsc/GWAS/all/GCST90080557.txt.gz	/gpfs/chencao/qinminzhang/workflow/catalog_lof/run_all/data/GCST90084543_buildGRCh38_M1_001_ensg_beta_se.csv
GCST90080558	GCST90084544	/gpfs/chencao/qinminzhang/workflow/ldsc/GWAS/all/GCST90080558.txt.gz	/gpfs/chencao/qinminzhang/workflow/catalog_lof/run_all/data/GCST90084544_buildGRCh38_M1_001_ensg_beta_se.csv
GCST90080693	GCST90084679	/gpfs/chencao/qinminzhang/workflow/ldsc/GWAS/all/GCST90080693.txt.gz	/gpfs/chencao/qinminzhang/workflow/catalog_lof/run_all/data/GCST90084679_buildGRCh38_M1_001_ensg_beta_se.csv
GCST90081012	GCST90084998	/gpfs/chencao/qinminzhang/workflow/ldsc/GWAS/all/GCST90081012.txt.gz	/gpfs/chencao/qinminzhang/workflow/catalog_lof/run_all/data/GCST90084998_buildGRCh38_M1_001_ensg_beta_se.csv
GCST90081227	GCST90085213	/gpfs/chencao/qinminzhang/workflow/ldsc/GWAS/all/GCST90081227.txt.gz	/gpfs/chencao/qinminzhang/workflow/catalog_lof/run_all/data/GCST90085213_buildGRCh38_M1_001_ensg_beta_se.csv
GCST90079851	GCST90083837	/gpfs/chencao/qinminzhang/workflow/ldsc/GWAS/all/GCST90079851.txt.gz	/gpfs/chencao/qinminzhang/workflow/catalog_lof/run_all/data/GCST90083837_buildGRCh38_M1_001_ensg_beta_se.csv
GCST90079865	GCST90083851	/gpfs/chencao/qinminzhang/workflow/ldsc/GWAS/all/GCST90079865.txt.gz	/gpfs/chencao/qinminzhang/workflow/catalog_lof/run_all/data/GCST90083851_buildGRCh38_M1_001_ensg_beta_se.csv
GCST90080012	GCST90083998	/gpfs/chencao/qinminzhang/workflow/ldsc/GWAS/all/GCST90080012.txt.gz	/gpfs/chencao/qinminzhang/workflow/catalog_lof/run_all/data/GCST90083998_buildGRCh38_M1_001_ensg_beta_se.csv
GCST90080081	GCST90084067	/gpfs/chencao/qinminzhang/workflow/ldsc/GWAS/all/GCST90080081.txt.gz	/gpfs/chencao/qinminzhang/workflow/catalog_lof/run_all/data/GCST90084067_buildGRCh38_M1_001_ensg_beta_se.csv
MR24938	GCST90084068	/gpfs/chencao/qinminzhang/workflow/ldsc/GWAS/all/MR24938.txt.gz	/gpfs/chencao/qinminzhang/workflow/catalog_lof/run_all/data/GCST90084068_buildGRCh38_M1_001_ensg_beta_se.csv
GCST90080276	GCST90084262	/gpfs/chencao/qinminzhang/workflow/ldsc/GWAS/all/GCST90080276.txt.gz	/gpfs/chencao/qinminzhang/workflow/catalog_lof/run_all/data/GCST90084262_buildGRCh38_M1_001_ensg_beta_se.csv
GCST90080483	GCST90084469	/gpfs/chencao/qinminzhang/workflow/ldsc/GWAS/all/GCST90080483.txt.gz	/gpfs/chencao/qinminzhang/workflow/catalog_lof/run_all/data/GCST90084469_buildGRCh38_M1_001_ensg_beta_se.csv
GCST90080484	GCST90084470	/gpfs/chencao/qinminzhang/workflow/ldsc/GWAS/all/GCST90080484.txt.gz	/gpfs/chencao/qinminzhang/workflow/catalog_lof/run_all/data/GCST90084470_buildGRCh38_M1_001_ensg_beta_se.csv
GCST90080485	GCST90084471	/gpfs/chencao/qinminzhang/workflow/ldsc/GWAS/all/GCST90080485.txt.gz	/gpfs/chencao/qinminzhang/workflow/catalog_lof/run_all/data/GCST90084471_buildGRCh38_M1_001_ensg_beta_se.csv
GCST90080667	GCST90084653	/gpfs/chencao/qinminzhang/workflow/ldsc/GWAS/all/GCST90080667.txt.gz	/gpfs/chencao/qinminzhang/workflow/catalog_lof/run_all/data/GCST90084653_buildGRCh38_M1_001_ensg_beta_se.csv
MR15400	GCST90084681	/gpfs/chencao/qinminzhang/workflow/ldsc/GWAS/all/MR15400.txt.gz	/gpfs/chencao/qinminzhang/workflow/catalog_lof/run_all/data/GCST90084681_buildGRCh38_M1_001_ensg_beta_se.csv
MR18043	GCST90084736	/gpfs/chencao/qinminzhang/workflow/ldsc/GWAS/all/MR18043.txt.gz	/gpfs/chencao/qinminzhang/workflow/catalog_lof/run_all/data/GCST90084736_buildGRCh38_M1_001_ensg_beta_se.csv
MR33090	GCST90084737	/gpfs/chencao/qinminzhang/workflow/ldsc/GWAS/all/MR33090.txt.gz	/gpfs/chencao/qinminzhang/workflow/catalog_lof/run_all/data/GCST90084737_buildGRCh38_M1_001_ensg_beta_se.csv
GCST90080882	GCST90084868	/gpfs/chencao/qinminzhang/workflow/ldsc/GWAS/all/GCST90080882.txt.gz	/gpfs/chencao/qinminzhang/workflow/catalog_lof/run_all/data/GCST90084868_buildGRCh38_M1_001_ensg_beta_se.csv
GCST90080912	GCST90084898	/gpfs/chencao/qinminzhang/workflow/ldsc/GWAS/all/GCST90080912.txt.gz	/gpfs/chencao/qinminzhang/workflow/catalog_lof/run_all/data/GCST90084898_buildGRCh38_M1_001_ensg_beta_se.csv
GCST90079853	GCST90083839	/gpfs/chencao/qinminzhang/workflow/ldsc/GWAS/all/GCST90079853.txt.gz	/gpfs/chencao/qinminzhang/workflow/catalog_lof/run_all/data/GCST90083839_buildGRCh38_M1_001_ensg_beta_se.csv
GCST90079998	GCST90083984	/gpfs/chencao/qinminzhang/workflow/ldsc/GWAS/all/GCST90079998.txt.gz	/gpfs/chencao/qinminzhang/workflow/catalog_lof/run_all/data/GCST90083984_buildGRCh38_M1_001_ensg_beta_se.csv
AT242	GCST90083999	/gpfs/chencao/qinminzhang/workflow/ldsc/GWAS/all/AT242.txt.gz	/gpfs/chencao/qinminzhang/workflow/catalog_lof/run_all/data/GCST90083999_buildGRCh38_M1_001_ensg_beta_se.csv
GCST90080190	GCST90084176	/gpfs/chencao/qinminzhang/workflow/ldsc/GWAS/all/GCST90080190.txt.gz	/gpfs/chencao/qinminzhang/workflow/catalog_lof/run_all/data/GCST90084176_buildGRCh38_M1_001_ensg_beta_se.csv
GCST90080345	GCST90084331	/gpfs/chencao/qinminzhang/workflow/ldsc/GWAS/all/GCST90080345.txt.gz	/gpfs/chencao/qinminzhang/workflow/catalog_lof/run_all/data/GCST90084331_buildGRCh38_M1_001_ensg_beta_se.csv
GCST90080347	GCST90084333	/gpfs/chencao/qinminzhang/workflow/ldsc/GWAS/all/GCST90080347.txt.gz	/gpfs/chencao/qinminzhang/workflow/catalog_lof/run_all/data/GCST90084333_buildGRCh38_M1_001_ensg_beta_se.csv
GCST90080469	GCST90084455	/gpfs/chencao/qinminzhang/workflow/ldsc/GWAS/all/GCST90080469.txt.gz	/gpfs/chencao/qinminzhang/workflow/catalog_lof/run_all/data/GCST90084455_buildGRCh38_M1_001_ensg_beta_se.csv
AT436	GCST90084517	/gpfs/chencao/qinminzhang/workflow/ldsc/GWAS/all/AT436.txt.gz	/gpfs/chencao/qinminzhang/workflow/catalog_lof/run_all/data/GCST90084517_buildGRCh38_M1_001_ensg_beta_se.csv
GCST90080542	GCST90084528	/gpfs/chencao/qinminzhang/workflow/ldsc/GWAS/all/GCST90080542.txt.gz	/gpfs/chencao/qinminzhang/workflow/catalog_lof/run_all/data/GCST90084528_buildGRCh38_M1_001_ensg_beta_se.csv
GCST90080543	GCST90084529	/gpfs/chencao/qinminzhang/workflow/ldsc/GWAS/all/GCST90080543.txt.gz	/gpfs/chencao/qinminzhang/workflow/catalog_lof/run_all/data/GCST90084529_buildGRCh38_M1_001_ensg_beta_se.csv
GCST90081272	GCST90085258	/gpfs/chencao/qinminzhang/workflow/ldsc/GWAS/all/GCST90081272.txt.gz	/gpfs/chencao/qinminzhang/workflow/catalog_lof/run_all/data/GCST90085258_buildGRCh38_M1_001_ensg_beta_se.csv
GCST90081308	GCST90085294	/gpfs/chencao/qinminzhang/workflow/ldsc/GWAS/all/GCST90081308.txt.gz	/gpfs/chencao/qinminzhang/workflow/catalog_lof/run_all/data/GCST90085294_buildGRCh38_M1_001_ensg_beta_se.csv
GCST90473694	GCST90084105	/gpfs/chencao/qinminzhang/workflow/ldsc/GWAS/all/GCST90473694.txt.gz	/gpfs/chencao/qinminzhang/workflow/catalog_lof/run_all/data/GCST90084105_buildGRCh38_M1_001_ensg_beta_se.csv
GCST90080127	GCST90084113	/gpfs/chencao/qinminzhang/workflow/ldsc/GWAS/all/GCST90080127.txt.gz	/gpfs/chencao/qinminzhang/workflow/catalog_lof/run_all/data/GCST90084113_buildGRCh38_M1_001_ensg_beta_se.csv
GCST90080169	GCST90084155	/gpfs/chencao/qinminzhang/workflow/ldsc/GWAS/all/GCST90080169.txt.gz	/gpfs/chencao/qinminzhang/workflow/catalog_lof/run_all/data/GCST90084155_buildGRCh38_M1_001_ensg_beta_se.csv
MR05476	GCST90084192	/gpfs/chencao/qinminzhang/workflow/ldsc/GWAS/all/MR05476.txt.gz	/gpfs/chencao/qinminzhang/workflow/catalog_lof/run_all/data/GCST90084192_buildGRCh38_M1_001_ensg_beta_se.csv
GCST90080299	GCST90084285	/gpfs/chencao/qinminzhang/workflow/ldsc/GWAS/all/GCST90080299.txt.gz	/gpfs/chencao/qinminzhang/workflow/catalog_lof/run_all/data/GCST90084285_buildGRCh38_M1_001_ensg_beta_se.csv
GCST90080338	GCST90084324	/gpfs/chencao/qinminzhang/workflow/ldsc/GWAS/all/GCST90080338.txt.gz	/gpfs/chencao/qinminzhang/workflow/catalog_lof/run_all/data/GCST90084324_buildGRCh38_M1_001_ensg_beta_se.csv
GCST90080348	GCST90084334	/gpfs/chencao/qinminzhang/workflow/ldsc/GWAS/all/GCST90080348.txt.gz	/gpfs/chencao/qinminzhang/workflow/catalog_lof/run_all/data/GCST90084334_buildGRCh38_M1_001_ensg_beta_se.csv
GCST90080399	GCST90084385	/gpfs/chencao/qinminzhang/workflow/ldsc/GWAS/all/GCST90080399.txt.gz	/gpfs/chencao/qinminzhang/workflow/catalog_lof/run_all/data/GCST90084385_buildGRCh38_M1_001_ensg_beta_se.csv
GCST90080400	GCST90084386	/gpfs/chencao/qinminzhang/workflow/ldsc/GWAS/all/GCST90080400.txt.gz	/gpfs/chencao/qinminzhang/workflow/catalog_lof/run_all/data/GCST90084386_buildGRCh38_M1_001_ensg_beta_se.csv
GCST90080401	GCST90084387	/gpfs/chencao/qinminzhang/workflow/ldsc/GWAS/all/GCST90080401.txt.gz	/gpfs/chencao/qinminzhang/workflow/catalog_lof/run_all/data/GCST90084387_buildGRCh38_M1_001_ensg_beta_se.csv
GCST90080402	GCST90084388	/gpfs/chencao/qinminzhang/workflow/ldsc/GWAS/all/GCST90080402.txt.gz	/gpfs/chencao/qinminzhang/workflow/catalog_lof/run_all/data/GCST90084388_buildGRCh38_M1_001_ensg_beta_se.csv
GCST90080403	GCST90084389	/gpfs/chencao/qinminzhang/workflow/ldsc/GWAS/all/GCST90080403.txt.gz	/gpfs/chencao/qinminzhang/workflow/catalog_lof/run_all/data/GCST90084389_buildGRCh38_M1_001_ensg_beta_se.csv
MR25215	GCST90084390	/gpfs/chencao/qinminzhang/workflow/ldsc/GWAS/all/MR25215.txt.gz	/gpfs/chencao/qinminzhang/workflow/catalog_lof/run_all/data/GCST90084390_buildGRCh38_M1_001_ensg_beta_se.csv
GCST90080471	GCST90084457	/gpfs/chencao/qinminzhang/workflow/ldsc/GWAS/all/GCST90080471.txt.gz	/gpfs/chencao/qinminzhang/workflow/catalog_lof/run_all/data/GCST90084457_buildGRCh38_M1_001_ensg_beta_se.csv
AT123	GCST90084476	/gpfs/chencao/qinminzhang/workflow/ldsc/GWAS/all/AT123.txt.gz	/gpfs/chencao/qinminzhang/workflow/catalog_lof/run_all/data/GCST90084476_buildGRCh38_M1_001_ensg_beta_se.csv
GCST90080511	GCST90084497	/gpfs/chencao/qinminzhang/workflow/ldsc/GWAS/all/GCST90080511.txt.gz	/gpfs/chencao/qinminzhang/workflow/catalog_lof/run_all/data/GCST90084497_buildGRCh38_M1_001_ensg_beta_se.csv
GCST90080512	GCST90084498	/gpfs/chencao/qinminzhang/workflow/ldsc/GWAS/all/GCST90080512.txt.gz	/gpfs/chencao/qinminzhang/workflow/catalog_lof/run_all/data/GCST90084498_buildGRCh38_M1_001_ensg_beta_se.csv
GCST90080525	GCST90084511	/gpfs/chencao/qinminzhang/workflow/ldsc/GWAS/all/GCST90080525.txt.gz	/gpfs/chencao/qinminzhang/workflow/catalog_lof/run_all/data/GCST90084511_buildGRCh38_M1_001_ensg_beta_se.csv
GCST90080539	GCST90084525	/gpfs/chencao/qinminzhang/workflow/ldsc/GWAS/all/GCST90080539.txt.gz	/gpfs/chencao/qinminzhang/workflow/catalog_lof/run_all/data/GCST90084525_buildGRCh38_M1_001_ensg_beta_se.csv
GCST90080623	GCST90084609	/gpfs/chencao/qinminzhang/workflow/ldsc/GWAS/all/GCST90080623.txt.gz	/gpfs/chencao/qinminzhang/workflow/catalog_lof/run_all/data/GCST90084609_buildGRCh38_M1_001_ensg_beta_se.csv
GCST90080737	GCST90084723	/gpfs/chencao/qinminzhang/workflow/ldsc/GWAS/all/GCST90080737.txt.gz	/gpfs/chencao/qinminzhang/workflow/catalog_lof/run_all/data/GCST90084723_buildGRCh38_M1_001_ensg_beta_se.csv
GCST90080798	GCST90084784	/gpfs/chencao/qinminzhang/workflow/ldsc/GWAS/all/GCST90080798.txt.gz	/gpfs/chencao/qinminzhang/workflow/catalog_lof/run_all/data/GCST90084784_buildGRCh38_M1_001_ensg_beta_se.csv
GCST90080841	GCST90084827	/gpfs/chencao/qinminzhang/workflow/ldsc/GWAS/all/GCST90080841.txt.gz	/gpfs/chencao/qinminzhang/workflow/catalog_lof/run_all/data/GCST90084827_buildGRCh38_M1_001_ensg_beta_se.csv
PE04546	GCST90083535	/gpfs/chencao/qinminzhang/workflow/ldsc/GWAS/all/PE04546.txt.gz	/gpfs/chencao/qinminzhang/workflow/catalog_lof/run_all/data/GCST90083535_buildGRCh38_M1_001_ensg_beta_se.csv
AT463	GCST90083708	/gpfs/chencao/qinminzhang/workflow/ldsc/GWAS/all/AT463.txt.gz	/gpfs/chencao/qinminzhang/workflow/catalog_lof/run_all/data/GCST90083708_buildGRCh38_M1_001_ensg_beta_se.csv
GCST90079785	GCST90083771	/gpfs/chencao/qinminzhang/workflow/ldsc/GWAS/all/GCST90079785.txt.gz	/gpfs/chencao/qinminzhang/workflow/catalog_lof/run_all/data/GCST90083771_buildGRCh38_M1_001_ensg_beta_se.csv
PE04709	GCST90083800	/gpfs/chencao/qinminzhang/workflow/ldsc/GWAS/all/PE04709.txt.gz	/gpfs/chencao/qinminzhang/workflow/catalog_lof/run_all/data/GCST90083800_buildGRCh38_M1_001_ensg_beta_se.csv
MR39304	GCST90083810	/gpfs/chencao/qinminzhang/workflow/ldsc/GWAS/all/MR39304.txt.gz	/gpfs/chencao/qinminzhang/workflow/catalog_lof/run_all/data/GCST90083810_buildGRCh38_M1_001_ensg_beta_se.csv
MR40653	GCST90083812	/gpfs/chencao/qinminzhang/workflow/ldsc/GWAS/all/MR40653.txt.gz	/gpfs/chencao/qinminzhang/workflow/catalog_lof/run_all/data/GCST90083812_buildGRCh38_M1_001_ensg_beta_se.csv
GCST90079831	GCST90083817	/gpfs/chencao/qinminzhang/workflow/ldsc/GWAS/all/GCST90079831.txt.gz	/gpfs/chencao/qinminzhang/workflow/catalog_lof/run_all/data/GCST90083817_buildGRCh38_M1_001_ensg_beta_se.csv
GCST90079836	GCST90083822	/gpfs/chencao/qinminzhang/workflow/ldsc/GWAS/all/GCST90079836.txt.gz	/gpfs/chencao/qinminzhang/workflow/catalog_lof/run_all/data/GCST90083822_buildGRCh38_M1_001_ensg_beta_se.csv
GCST90079892	GCST90083878	/gpfs/chencao/qinminzhang/workflow/ldsc/GWAS/all/GCST90079892.txt.gz	/gpfs/chencao/qinminzhang/workflow/catalog_lof/run_all/data/GCST90083878_buildGRCh38_M1_001_ensg_beta_se.csv
GCST90079903	GCST90083889	/gpfs/chencao/qinminzhang/workflow/ldsc/GWAS/all/GCST90079903.txt.gz	/gpfs/chencao/qinminzhang/workflow/catalog_lof/run_all/data/GCST90083889_buildGRCh38_M1_001_ensg_beta_se.csv
GCST90079908	GCST90083894	/gpfs/chencao/qinminzhang/workflow/ldsc/GWAS/all/GCST90079908.txt.gz	/gpfs/chencao/qinminzhang/workflow/catalog_lof/run_all/data/GCST90083894_buildGRCh38_M1_001_ensg_beta_se.csv
GCST90080209	GCST90084195	/gpfs/chencao/qinminzhang/workflow/ldsc/GWAS/all/GCST90080209.txt.gz	/gpfs/chencao/qinminzhang/workflow/catalog_lof/run_all/data/GCST90084195_buildGRCh38_M1_001_ensg_beta_se.csv
AT017	GCST90084214	/gpfs/chencao/qinminzhang/workflow/ldsc/GWAS/all/AT017.txt.gz	/gpfs/chencao/qinminzhang/workflow/catalog_lof/run_all/data/GCST90084214_buildGRCh38_M1_001_ensg_beta_se.csv
GCST90080343	GCST90084329	/gpfs/chencao/qinminzhang/workflow/ldsc/GWAS/all/GCST90080343.txt.gz	/gpfs/chencao/qinminzhang/workflow/catalog_lof/run_all/data/GCST90084329_buildGRCh38_M1_001_ensg_beta_se.csv
GCST90080369	GCST90084355	/gpfs/chencao/qinminzhang/workflow/ldsc/GWAS/all/GCST90080369.txt.gz	/gpfs/chencao/qinminzhang/workflow/catalog_lof/run_all/data/GCST90084355_buildGRCh38_M1_001_ensg_beta_se.csv
AT439	GCST90084527	/gpfs/chencao/qinminzhang/workflow/ldsc/GWAS/all/AT439.txt.gz	/gpfs/chencao/qinminzhang/workflow/catalog_lof/run_all/data/GCST90084527_buildGRCh38_M1_001_ensg_beta_se.csv
GCST90080598	GCST90084584	/gpfs/chencao/qinminzhang/workflow/ldsc/GWAS/all/GCST90080598.txt.gz	/gpfs/chencao/qinminzhang/workflow/catalog_lof/run_all/data/GCST90084584_buildGRCh38_M1_001_ensg_beta_se.csv
PE05097	GCST90084693	/gpfs/chencao/qinminzhang/workflow/ldsc/GWAS/all/PE05097.txt.gz	/gpfs/chencao/qinminzhang/workflow/catalog_lof/run_all/data/GCST90084693_buildGRCh38_M1_001_ensg_beta_se.csv
GCST90080744	GCST90084730	/gpfs/chencao/qinminzhang/workflow/ldsc/GWAS/all/GCST90080744.txt.gz	/gpfs/chencao/qinminzhang/workflow/catalog_lof/run_all/data/GCST90084730_buildGRCh38_M1_001_ensg_beta_se.csv
GCST90080795	GCST90084781	/gpfs/chencao/qinminzhang/workflow/ldsc/GWAS/all/GCST90080795.txt.gz	/gpfs/chencao/qinminzhang/workflow/catalog_lof/run_all/data/GCST90084781_buildGRCh38_M1_001_ensg_beta_se.csv
GCST90080806	GCST90084792	/gpfs/chencao/qinminzhang/workflow/ldsc/GWAS/all/GCST90080806.txt.gz	/gpfs/chencao/qinminzhang/workflow/catalog_lof/run_all/data/GCST90084792_buildGRCh38_M1_001_ensg_beta_se.csv
GCST90080811	GCST90084797	/gpfs/chencao/qinminzhang/workflow/ldsc/GWAS/all/GCST90080811.txt.gz	/gpfs/chencao/qinminzhang/workflow/catalog_lof/run_all/data/GCST90084797_buildGRCh38_M1_001_ensg_beta_se.csv
GCST90081175	GCST90085161	/gpfs/chencao/qinminzhang/workflow/ldsc/GWAS/all/GCST90081175.txt.gz	/gpfs/chencao/qinminzhang/workflow/catalog_lof/run_all/data/GCST90085161_buildGRCh38_M1_001_ensg_beta_se.csv
GCST90081177	GCST90085163	/gpfs/chencao/qinminzhang/workflow/ldsc/GWAS/all/GCST90081177.txt.gz	/gpfs/chencao/qinminzhang/workflow/catalog_lof/run_all/data/GCST90085163_buildGRCh38_M1_001_ensg_beta_se.csv
GCST90081268	GCST90085254	/gpfs/chencao/qinminzhang/workflow/ldsc/GWAS/all/GCST90081268.txt.gz	/gpfs/chencao/qinminzhang/workflow/catalog_lof/run_all/data/GCST90085254_buildGRCh38_M1_001_ensg_beta_se.csv
GCST90079555	GCST90083541	/gpfs/chencao/qinminzhang/workflow/ldsc/GWAS/all/GCST90079555.txt.gz	/gpfs/chencao/qinminzhang/workflow/catalog_lof/run_all/data/GCST90083541_buildGRCh38_M1_001_ensg_beta_se.csv
GCST90079633	GCST90083619	/gpfs/chencao/qinminzhang/workflow/ldsc/GWAS/all/GCST90079633.txt.gz	/gpfs/chencao/qinminzhang/workflow/catalog_lof/run_all/data/GCST90083619_buildGRCh38_M1_001_ensg_beta_se.csv
PE04672	GCST90083742	/gpfs/chencao/qinminzhang/workflow/ldsc/GWAS/all/PE04672.txt.gz	/gpfs/chencao/qinminzhang/workflow/catalog_lof/run_all/data/GCST90083742_buildGRCh38_M1_001_ensg_beta_se.csv
MR36937	GCST90083749	/gpfs/chencao/qinminzhang/workflow/ldsc/GWAS/all/MR36937.txt.gz	/gpfs/chencao/qinminzhang/workflow/catalog_lof/run_all/data/GCST90083749_buildGRCh38_M1_001_ensg_beta_se.csv
GCST90079797	GCST90083783	/gpfs/chencao/qinminzhang/workflow/ldsc/GWAS/all/GCST90079797.txt.gz	/gpfs/chencao/qinminzhang/workflow/catalog_lof/run_all/data/GCST90083783_buildGRCh38_M1_001_ensg_beta_se.csv
GCST90079798	GCST90083784	/gpfs/chencao/qinminzhang/workflow/ldsc/GWAS/all/GCST90079798.txt.gz	/gpfs/chencao/qinminzhang/workflow/catalog_lof/run_all/data/GCST90083784_buildGRCh38_M1_001_ensg_beta_se.csv
GCST90079816	GCST90083802	/gpfs/chencao/qinminzhang/workflow/ldsc/GWAS/all/GCST90079816.txt.gz	/gpfs/chencao/qinminzhang/workflow/catalog_lof/run_all/data/GCST90083802_buildGRCh38_M1_001_ensg_beta_se.csv
GCST90079910	GCST90083896	/gpfs/chencao/qinminzhang/workflow/ldsc/GWAS/all/GCST90079910.txt.gz	/gpfs/chencao/qinminzhang/workflow/catalog_lof/run_all/data/GCST90083896_buildGRCh38_M1_001_ensg_beta_se.csv
AT176	GCST90083909	/gpfs/chencao/qinminzhang/workflow/ldsc/GWAS/all/AT176.txt.gz	/gpfs/chencao/qinminzhang/workflow/catalog_lof/run_all/data/GCST90083909_buildGRCh38_M1_001_ensg_beta_se.csv
AT526	GCST90084021	/gpfs/chencao/qinminzhang/workflow/ldsc/GWAS/all/AT526.txt.gz	/gpfs/chencao/qinminzhang/workflow/catalog_lof/run_all/data/GCST90084021_buildGRCh38_M1_001_ensg_beta_se.csv
GCST90080289	GCST90084275	/gpfs/chencao/qinminzhang/workflow/ldsc/GWAS/all/GCST90080289.txt.gz	/gpfs/chencao/qinminzhang/workflow/catalog_lof/run_all/data/GCST90084275_buildGRCh38_M1_001_ensg_beta_se.csv
GCST90080298	GCST90084284	/gpfs/chencao/qinminzhang/workflow/ldsc/GWAS/all/GCST90080298.txt.gz	/gpfs/chencao/qinminzhang/workflow/catalog_lof/run_all/data/GCST90084284_buildGRCh38_M1_001_ensg_beta_se.csv
GCST90080618	GCST90084604	/gpfs/chencao/qinminzhang/workflow/ldsc/GWAS/all/GCST90080618.txt.gz	/gpfs/chencao/qinminzhang/workflow/catalog_lof/run_all/data/GCST90084604_buildGRCh38_M1_001_ensg_beta_se.csv
GCST90080765	GCST90084751	/gpfs/chencao/qinminzhang/workflow/ldsc/GWAS/all/GCST90080765.txt.gz	/gpfs/chencao/qinminzhang/workflow/catalog_lof/run_all/data/GCST90084751_buildGRCh38_M1_001_ensg_beta_se.csv
GCST90080900	GCST90084886	/gpfs/chencao/qinminzhang/workflow/ldsc/GWAS/all/GCST90080900.txt.gz	/gpfs/chencao/qinminzhang/workflow/catalog_lof/run_all/data/GCST90084886_buildGRCh38_M1_001_ensg_beta_se.csv
PE05206	GCST90084938	/gpfs/chencao/qinminzhang/workflow/ldsc/GWAS/all/PE05206.txt.gz	/gpfs/chencao/qinminzhang/workflow/catalog_lof/run_all/data/GCST90084938_buildGRCh38_M1_001_ensg_beta_se.csv
GCST90081064	GCST90085050	/gpfs/chencao/qinminzhang/workflow/ldsc/GWAS/all/GCST90081064.txt.gz	/gpfs/chencao/qinminzhang/workflow/catalog_lof/run_all/data/GCST90085050_buildGRCh38_M1_001_ensg_beta_se.csv
GCST90079711	GCST90083697	/gpfs/chencao/qinminzhang/workflow/ldsc/GWAS/all/GCST90079711.txt.gz	/gpfs/chencao/qinminzhang/workflow/catalog_lof/run_all/data/GCST90083697_buildGRCh38_M1_001_ensg_beta_se.csv
GCST90079790	GCST90083776	/gpfs/chencao/qinminzhang/workflow/ldsc/GWAS/all/GCST90079790.txt.gz	/gpfs/chencao/qinminzhang/workflow/catalog_lof/run_all/data/GCST90083776_buildGRCh38_M1_001_ensg_beta_se.csv
GCST90079890	GCST90083876	/gpfs/chencao/qinminzhang/workflow/ldsc/GWAS/all/GCST90079890.txt.gz	/gpfs/chencao/qinminzhang/workflow/catalog_lof/run_all/data/GCST90083876_buildGRCh38_M1_001_ensg_beta_se.csv
GCST90473548	GCST90083970	/gpfs/chencao/qinminzhang/workflow/ldsc/GWAS/all/GCST90473548.txt.gz	/gpfs/chencao/qinminzhang/workflow/catalog_lof/run_all/data/GCST90083970_buildGRCh38_M1_001_ensg_beta_se.csv
GCST90080076	GCST90084062	/gpfs/chencao/qinminzhang/workflow/ldsc/GWAS/all/GCST90080076.txt.gz	/gpfs/chencao/qinminzhang/workflow/catalog_lof/run_all/data/GCST90084062_buildGRCh38_M1_001_ensg_beta_se.csv
GCST90080137	GCST90084123	/gpfs/chencao/qinminzhang/workflow/ldsc/GWAS/all/GCST90080137.txt.gz	/gpfs/chencao/qinminzhang/workflow/catalog_lof/run_all/data/GCST90084123_buildGRCh38_M1_001_ensg_beta_se.csv
GCST90080158	GCST90084144	/gpfs/chencao/qinminzhang/workflow/ldsc/GWAS/all/GCST90080158.txt.gz	/gpfs/chencao/qinminzhang/workflow/catalog_lof/run_all/data/GCST90084144_buildGRCh38_M1_001_ensg_beta_se.csv
AT080	GCST90084202	/gpfs/chencao/qinminzhang/workflow/ldsc/GWAS/all/AT080.txt.gz	/gpfs/chencao/qinminzhang/workflow/catalog_lof/run_all/data/GCST90084202_buildGRCh38_M1_001_ensg_beta_se.csv
GCST90473823	GCST90084220	/gpfs/chencao/qinminzhang/workflow/ldsc/GWAS/all/GCST90473823.txt.gz	/gpfs/chencao/qinminzhang/workflow/catalog_lof/run_all/data/GCST90084220_buildGRCh38_M1_001_ensg_beta_se.csv
AT138	GCST90084296	/gpfs/chencao/qinminzhang/workflow/ldsc/GWAS/all/AT138.txt.gz	/gpfs/chencao/qinminzhang/workflow/catalog_lof/run_all/data/GCST90084296_buildGRCh38_M1_001_ensg_beta_se.csv
GCST90473993	GCST90084371	/gpfs/chencao/qinminzhang/workflow/ldsc/GWAS/all/GCST90473993.txt.gz	/gpfs/chencao/qinminzhang/workflow/catalog_lof/run_all/data/GCST90084371_buildGRCh38_M1_001_ensg_beta_se.csv
AT437	GCST90084514	/gpfs/chencao/qinminzhang/workflow/ldsc/GWAS/all/AT437.txt.gz	/gpfs/chencao/qinminzhang/workflow/catalog_lof/run_all/data/GCST90084514_buildGRCh38_M1_001_ensg_beta_se.csv
AT346	GCST90084595	/gpfs/chencao/qinminzhang/workflow/ldsc/GWAS/all/AT346.txt.gz	/gpfs/chencao/qinminzhang/workflow/catalog_lof/run_all/data/GCST90084595_buildGRCh38_M1_001_ensg_beta_se.csv
GCST90080656	GCST90084642	/gpfs/chencao/qinminzhang/workflow/ldsc/GWAS/all/GCST90080656.txt.gz	/gpfs/chencao/qinminzhang/workflow/catalog_lof/run_all/data/GCST90084642_buildGRCh38_M1_001_ensg_beta_se.csv
GCST90080686	GCST90084672	/gpfs/chencao/qinminzhang/workflow/ldsc/GWAS/all/GCST90080686.txt.gz	/gpfs/chencao/qinminzhang/workflow/catalog_lof/run_all/data/GCST90084672_buildGRCh38_M1_001_ensg_beta_se.csv
PE05093	GCST90084686	/gpfs/chencao/qinminzhang/workflow/ldsc/GWAS/all/PE05093.txt.gz	/gpfs/chencao/qinminzhang/workflow/catalog_lof/run_all/data/GCST90084686_buildGRCh38_M1_001_ensg_beta_se.csv
GCST90080803	GCST90084789	/gpfs/chencao/qinminzhang/workflow/ldsc/GWAS/all/GCST90080803.txt.gz	/gpfs/chencao/qinminzhang/workflow/catalog_lof/run_all/data/GCST90084789_buildGRCh38_M1_001_ensg_beta_se.csv
GCST90080826	GCST90084812	/gpfs/chencao/qinminzhang/workflow/ldsc/GWAS/all/GCST90080826.txt.gz	/gpfs/chencao/qinminzhang/workflow/catalog_lof/run_all/data/GCST90084812_buildGRCh38_M1_001_ensg_beta_se.csv
MR30330	GCST90085266	/gpfs/chencao/qinminzhang/workflow/ldsc/GWAS/all/MR30330.txt.gz	/gpfs/chencao/qinminzhang/workflow/catalog_lof/run_all/data/GCST90085266_buildGRCh38_M1_001_ensg_beta_se.csv
GCST90081412	GCST90085398	/gpfs/chencao/qinminzhang/workflow/ldsc/GWAS/all/GCST90081412.txt.gz	/gpfs/chencao/qinminzhang/workflow/catalog_lof/run_all/data/GCST90085398_buildGRCh38_M1_001_ensg_beta_se.csv
GCST90081436	GCST90085422	/gpfs/chencao/qinminzhang/workflow/ldsc/GWAS/all/GCST90081436.txt.gz	/gpfs/chencao/qinminzhang/workflow/catalog_lof/run_all/data/GCST90085422_buildGRCh38_M1_001_ensg_beta_se.csv
GCST90079642	GCST90083628	/gpfs/chencao/qinminzhang/workflow/ldsc/GWAS/all/GCST90079642.txt.gz	/gpfs/chencao/qinminzhang/workflow/catalog_lof/run_all/data/GCST90083628_buildGRCh38_M1_001_ensg_beta_se.csv
AT388	GCST90084073	/gpfs/chencao/qinminzhang/workflow/ldsc/GWAS/all/AT388.txt.gz	/gpfs/chencao/qinminzhang/workflow/catalog_lof/run_all/data/GCST90084073_buildGRCh38_M1_001_ensg_beta_se.csv
AT387	GCST90084075	/gpfs/chencao/qinminzhang/workflow/ldsc/GWAS/all/AT387.txt.gz	/gpfs/chencao/qinminzhang/workflow/catalog_lof/run_all/data/GCST90084075_buildGRCh38_M1_001_ensg_beta_se.csv
GCST90080243	GCST90084229	/gpfs/chencao/qinminzhang/workflow/ldsc/GWAS/all/GCST90080243.txt.gz	/gpfs/chencao/qinminzhang/workflow/catalog_lof/run_all/data/GCST90084229_buildGRCh38_M1_001_ensg_beta_se.csv
GCST90080354	GCST90084340	/gpfs/chencao/qinminzhang/workflow/ldsc/GWAS/all/GCST90080354.txt.gz	/gpfs/chencao/qinminzhang/workflow/catalog_lof/run_all/data/GCST90084340_buildGRCh38_M1_001_ensg_beta_se.csv
GCST90080479	GCST90084465	/gpfs/chencao/qinminzhang/workflow/ldsc/GWAS/all/GCST90080479.txt.gz	/gpfs/chencao/qinminzhang/workflow/catalog_lof/run_all/data/GCST90084465_buildGRCh38_M1_001_ensg_beta_se.csv
GCST90080480	GCST90084466	/gpfs/chencao/qinminzhang/workflow/ldsc/GWAS/all/GCST90080480.txt.gz	/gpfs/chencao/qinminzhang/workflow/catalog_lof/run_all/data/GCST90084466_buildGRCh38_M1_001_ensg_beta_se.csv
GCST90080481	GCST90084467	/gpfs/chencao/qinminzhang/workflow/ldsc/GWAS/all/GCST90080481.txt.gz	/gpfs/chencao/qinminzhang/workflow/catalog_lof/run_all/data/GCST90084467_buildGRCh38_M1_001_ensg_beta_se.csv
GCST90080482	GCST90084468	/gpfs/chencao/qinminzhang/workflow/ldsc/GWAS/all/GCST90080482.txt.gz	/gpfs/chencao/qinminzhang/workflow/catalog_lof/run_all/data/GCST90084468_buildGRCh38_M1_001_ensg_beta_se.csv
MR00898	GCST90084854	/gpfs/chencao/qinminzhang/workflow/ldsc/GWAS/all/MR00898.txt.gz	/gpfs/chencao/qinminzhang/workflow/catalog_lof/run_all/data/GCST90084854_buildGRCh38_M1_001_ensg_beta_se.csv
GCST90080889	GCST90084875	/gpfs/chencao/qinminzhang/workflow/ldsc/GWAS/all/GCST90080889.txt.gz	/gpfs/chencao/qinminzhang/workflow/catalog_lof/run_all/data/GCST90084875_buildGRCh38_M1_001_ensg_beta_se.csv
MR14381	GCST90085090	/gpfs/chencao/qinminzhang/workflow/ldsc/GWAS/all/MR14381.txt.gz	/gpfs/chencao/qinminzhang/workflow/catalog_lof/run_all/data/GCST90085090_buildGRCh38_M1_001_ensg_beta_se.csv
GCST90081114	GCST90085100	/gpfs/chencao/qinminzhang/workflow/ldsc/GWAS/all/GCST90081114.txt.gz	/gpfs/chencao/qinminzhang/workflow/catalog_lof/run_all/data/GCST90085100_buildGRCh38_M1_001_ensg_beta_se.csv
MR26959	GCST90085105	/gpfs/chencao/qinminzhang/workflow/ldsc/GWAS/all/MR26959.txt.gz	/gpfs/chencao/qinminzhang/workflow/catalog_lof/run_all/data/GCST90085105_buildGRCh38_M1_001_ensg_beta_se.csv
MR31128	GCST90085122	/gpfs/chencao/qinminzhang/workflow/ldsc/GWAS/all/MR31128.txt.gz	/gpfs/chencao/qinminzhang/workflow/catalog_lof/run_all/data/GCST90085122_buildGRCh38_M1_001_ensg_beta_se.csv
GCST90079643	GCST90083629	/gpfs/chencao/qinminzhang/workflow/ldsc/GWAS/all/GCST90079643.txt.gz	/gpfs/chencao/qinminzhang/workflow/catalog_lof/run_all/data/GCST90083629_buildGRCh38_M1_001_ensg_beta_se.csv
GCST90079677	GCST90083663	/gpfs/chencao/qinminzhang/workflow/ldsc/GWAS/all/GCST90079677.txt.gz	/gpfs/chencao/qinminzhang/workflow/catalog_lof/run_all/data/GCST90083663_buildGRCh38_M1_001_ensg_beta_se.csv
AT302	GCST90083759	/gpfs/chencao/qinminzhang/workflow/ldsc/GWAS/all/AT302.txt.gz	/gpfs/chencao/qinminzhang/workflow/catalog_lof/run_all/data/GCST90083759_buildGRCh38_M1_001_ensg_beta_se.csv
GCST90079802	GCST90083788	/gpfs/chencao/qinminzhang/workflow/ldsc/GWAS/all/GCST90079802.txt.gz	/gpfs/chencao/qinminzhang/workflow/catalog_lof/run_all/data/GCST90083788_buildGRCh38_M1_001_ensg_beta_se.csv
GCST90079905	GCST90083891	/gpfs/chencao/qinminzhang/workflow/ldsc/GWAS/all/GCST90079905.txt.gz	/gpfs/chencao/qinminzhang/workflow/catalog_lof/run_all/data/GCST90083891_buildGRCh38_M1_001_ensg_beta_se.csv
AT174	GCST90083901	/gpfs/chencao/qinminzhang/workflow/ldsc/GWAS/all/AT174.txt.gz	/gpfs/chencao/qinminzhang/workflow/catalog_lof/run_all/data/GCST90083901_buildGRCh38_M1_001_ensg_beta_se.csv
PE04877	GCST90084086	/gpfs/chencao/qinminzhang/workflow/ldsc/GWAS/all/PE04877.txt.gz	/gpfs/chencao/qinminzhang/workflow/catalog_lof/run_all/data/GCST90084086_buildGRCh38_M1_001_ensg_beta_se.csv
GCST90080105	GCST90084091	/gpfs/chencao/qinminzhang/workflow/ldsc/GWAS/all/GCST90080105.txt.gz	/gpfs/chencao/qinminzhang/workflow/catalog_lof/run_all/data/GCST90084091_buildGRCh38_M1_001_ensg_beta_se.csv
AT020	GCST90084210	/gpfs/chencao/qinminzhang/workflow/ldsc/GWAS/all/AT020.txt.gz	/gpfs/chencao/qinminzhang/workflow/catalog_lof/run_all/data/GCST90084210_buildGRCh38_M1_001_ensg_beta_se.csv
GCST90080394	GCST90084380	/gpfs/chencao/qinminzhang/workflow/ldsc/GWAS/all/GCST90080394.txt.gz	/gpfs/chencao/qinminzhang/workflow/catalog_lof/run_all/data/GCST90084380_buildGRCh38_M1_001_ensg_beta_se.csv
GCST90080395	GCST90084381	/gpfs/chencao/qinminzhang/workflow/ldsc/GWAS/all/GCST90080395.txt.gz	/gpfs/chencao/qinminzhang/workflow/catalog_lof/run_all/data/GCST90084381_buildGRCh38_M1_001_ensg_beta_se.csv
AT440	GCST90084523	/gpfs/chencao/qinminzhang/workflow/ldsc/GWAS/all/AT440.txt.gz	/gpfs/chencao/qinminzhang/workflow/catalog_lof/run_all/data/GCST90084523_buildGRCh38_M1_001_ensg_beta_se.csv
GCST90080873	GCST90084859	/gpfs/chencao/qinminzhang/workflow/ldsc/GWAS/all/GCST90080873.txt.gz	/gpfs/chencao/qinminzhang/workflow/catalog_lof/run_all/data/GCST90084859_buildGRCh38_M1_001_ensg_beta_se.csv
GCST90080904	GCST90084890	/gpfs/chencao/qinminzhang/workflow/ldsc/GWAS/all/GCST90080904.txt.gz	/gpfs/chencao/qinminzhang/workflow/catalog_lof/run_all/data/GCST90084890_buildGRCh38_M1_001_ensg_beta_se.csv
PE05329	GCST90085106	/gpfs/chencao/qinminzhang/workflow/ldsc/GWAS/all/PE05329.txt.gz	/gpfs/chencao/qinminzhang/workflow/catalog_lof/run_all/data/GCST90085106_buildGRCh38_M1_001_ensg_beta_se.csv
GCST90081317	GCST90085303	/gpfs/chencao/qinminzhang/workflow/ldsc/GWAS/all/GCST90081317.txt.gz	/gpfs/chencao/qinminzhang/workflow/catalog_lof/run_all/data/GCST90085303_buildGRCh38_M1_001_ensg_beta_se.csv
GCST90081413	GCST90085399	/gpfs/chencao/qinminzhang/workflow/ldsc/GWAS/all/GCST90081413.txt.gz	/gpfs/chencao/qinminzhang/workflow/catalog_lof/run_all/data/GCST90085399_buildGRCh38_M1_001_ensg_beta_se.csv
GCST90081414	GCST90085400	/gpfs/chencao/qinminzhang/workflow/ldsc/GWAS/all/GCST90081414.txt.gz	/gpfs/chencao/qinminzhang/workflow/catalog_lof/run_all/data/GCST90085400_buildGRCh38_M1_001_ensg_beta_se.csv
AT198	GCST90083821	/gpfs/chencao/qinminzhang/workflow/ldsc/GWAS/all/AT198.txt.gz	/gpfs/chencao/qinminzhang/workflow/catalog_lof/run_all/data/GCST90083821_buildGRCh38_M1_001_ensg_beta_se.csv
MR17360	GCST90083951	/gpfs/chencao/qinminzhang/workflow/ldsc/GWAS/all/MR17360.txt.gz	/gpfs/chencao/qinminzhang/workflow/catalog_lof/run_all/data/GCST90083951_buildGRCh38_M1_001_ensg_beta_se.csv
AT396	GCST90083954	/gpfs/chencao/qinminzhang/workflow/ldsc/GWAS/all/AT396.txt.gz	/gpfs/chencao/qinminzhang/workflow/catalog_lof/run_all/data/GCST90083954_buildGRCh38_M1_001_ensg_beta_se.csv
PE04867	GCST90084071	/gpfs/chencao/qinminzhang/workflow/ldsc/GWAS/all/PE04867.txt.gz	/gpfs/chencao/qinminzhang/workflow/catalog_lof/run_all/data/GCST90084071_buildGRCh38_M1_001_ensg_beta_se.csv
GCST90080145	GCST90084131	/gpfs/chencao/qinminzhang/workflow/ldsc/GWAS/all/GCST90080145.txt.gz	/gpfs/chencao/qinminzhang/workflow/catalog_lof/run_all/data/GCST90084131_buildGRCh38_M1_001_ensg_beta_se.csv
GCST90080201	GCST90084187	/gpfs/chencao/qinminzhang/workflow/ldsc/GWAS/all/GCST90080201.txt.gz	/gpfs/chencao/qinminzhang/workflow/catalog_lof/run_all/data/GCST90084187_buildGRCh38_M1_001_ensg_beta_se.csv
MR00294	GCST90084190	/gpfs/chencao/qinminzhang/workflow/ldsc/GWAS/all/MR00294.txt.gz	/gpfs/chencao/qinminzhang/workflow/catalog_lof/run_all/data/GCST90084190_buildGRCh38_M1_001_ensg_beta_se.csv
GCST90080264	GCST90084250	/gpfs/chencao/qinminzhang/workflow/ldsc/GWAS/all/GCST90080264.txt.gz	/gpfs/chencao/qinminzhang/workflow/catalog_lof/run_all/data/GCST90084250_buildGRCh38_M1_001_ensg_beta_se.csv
AT269	GCST90084391	/gpfs/chencao/qinminzhang/workflow/ldsc/GWAS/all/AT269.txt.gz	/gpfs/chencao/qinminzhang/workflow/catalog_lof/run_all/data/GCST90084391_buildGRCh38_M1_001_ensg_beta_se.csv
GCST90080462	GCST90084448	/gpfs/chencao/qinminzhang/workflow/ldsc/GWAS/all/GCST90080462.txt.gz	/gpfs/chencao/qinminzhang/workflow/catalog_lof/run_all/data/GCST90084448_buildGRCh38_M1_001_ensg_beta_se.csv
GCST90080489	GCST90084475	/gpfs/chencao/qinminzhang/workflow/ldsc/GWAS/all/GCST90080489.txt.gz	/gpfs/chencao/qinminzhang/workflow/catalog_lof/run_all/data/GCST90084475_buildGRCh38_M1_001_ensg_beta_se.csv
MR03920	GCST90084689	/gpfs/chencao/qinminzhang/workflow/ldsc/GWAS/all/MR03920.txt.gz	/gpfs/chencao/qinminzhang/workflow/catalog_lof/run_all/data/GCST90084689_buildGRCh38_M1_001_ensg_beta_se.csv
MR21878	GCST90084755	/gpfs/chencao/qinminzhang/workflow/ldsc/GWAS/all/MR21878.txt.gz	/gpfs/chencao/qinminzhang/workflow/catalog_lof/run_all/data/GCST90084755_buildGRCh38_M1_001_ensg_beta_se.csv
MR37280	GCST90084759	/gpfs/chencao/qinminzhang/workflow/ldsc/GWAS/all/MR37280.txt.gz	/gpfs/chencao/qinminzhang/workflow/catalog_lof/run_all/data/GCST90084759_buildGRCh38_M1_001_ensg_beta_se.csv
GCST90080781	GCST90084767	/gpfs/chencao/qinminzhang/workflow/ldsc/GWAS/all/GCST90080781.txt.gz	/gpfs/chencao/qinminzhang/workflow/catalog_lof/run_all/data/GCST90084767_buildGRCh38_M1_001_ensg_beta_se.csv
GCST90080888	GCST90084874	/gpfs/chencao/qinminzhang/workflow/ldsc/GWAS/all/GCST90080888.txt.gz	/gpfs/chencao/qinminzhang/workflow/catalog_lof/run_all/data/GCST90084874_buildGRCh38_M1_001_ensg_beta_se.csv
GCST90079778	GCST90083764	/gpfs/chencao/qinminzhang/workflow/ldsc/GWAS/all/GCST90079778.txt.gz	/gpfs/chencao/qinminzhang/workflow/catalog_lof/run_all/data/GCST90083764_buildGRCh38_M1_001_ensg_beta_se.csv
AT248	GCST90083879	/gpfs/chencao/qinminzhang/workflow/ldsc/GWAS/all/AT248.txt.gz	/gpfs/chencao/qinminzhang/workflow/catalog_lof/run_all/data/GCST90083879_buildGRCh38_M1_001_ensg_beta_se.csv
AT353	GCST90083915	/gpfs/chencao/qinminzhang/workflow/ldsc/GWAS/all/AT353.txt.gz	/gpfs/chencao/qinminzhang/workflow/catalog_lof/run_all/data/GCST90083915_buildGRCh38_M1_001_ensg_beta_se.csv
AT241	GCST90083996	/gpfs/chencao/qinminzhang/workflow/ldsc/GWAS/all/AT241.txt.gz	/gpfs/chencao/qinminzhang/workflow/catalog_lof/run_all/data/GCST90083996_buildGRCh38_M1_001_ensg_beta_se.csv
AT373	GCST90084137	/gpfs/chencao/qinminzhang/workflow/ldsc/GWAS/all/AT373.txt.gz	/gpfs/chencao/qinminzhang/workflow/catalog_lof/run_all/data/GCST90084137_buildGRCh38_M1_001_ensg_beta_se.csv
MR05414	GCST90084148	/gpfs/chencao/qinminzhang/workflow/ldsc/GWAS/all/MR05414.txt.gz	/gpfs/chencao/qinminzhang/workflow/catalog_lof/run_all/data/GCST90084148_buildGRCh38_M1_001_ensg_beta_se.csv
GCST90473781	GCST90084185	/gpfs/chencao/qinminzhang/workflow/ldsc/GWAS/all/GCST90473781.txt.gz	/gpfs/chencao/qinminzhang/workflow/catalog_lof/run_all/data/GCST90084185_buildGRCh38_M1_001_ensg_beta_se.csv
AT019	GCST90084208	/gpfs/chencao/qinminzhang/workflow/ldsc/GWAS/all/AT019.txt.gz	/gpfs/chencao/qinminzhang/workflow/catalog_lof/run_all/data/GCST90084208_buildGRCh38_M1_001_ensg_beta_se.csv
AT021	GCST90084212	/gpfs/chencao/qinminzhang/workflow/ldsc/GWAS/all/AT021.txt.gz	/gpfs/chencao/qinminzhang/workflow/catalog_lof/run_all/data/GCST90084212_buildGRCh38_M1_001_ensg_beta_se.csv
GCST90080314	GCST90084300	/gpfs/chencao/qinminzhang/workflow/ldsc/GWAS/all/GCST90080314.txt.gz	/gpfs/chencao/qinminzhang/workflow/catalog_lof/run_all/data/GCST90084300_buildGRCh38_M1_001_ensg_beta_se.csv
GCST90080356	GCST90084342	/gpfs/chencao/qinminzhang/workflow/ldsc/GWAS/all/GCST90080356.txt.gz	/gpfs/chencao/qinminzhang/workflow/catalog_lof/run_all/data/GCST90084342_buildGRCh38_M1_001_ensg_beta_se.csv
AT460	GCST90084343	/gpfs/chencao/qinminzhang/workflow/ldsc/GWAS/all/AT460.txt.gz	/gpfs/chencao/qinminzhang/workflow/catalog_lof/run_all/data/GCST90084343_buildGRCh38_M1_001_ensg_beta_se.csv
MR15015	GCST90084347	/gpfs/chencao/qinminzhang/workflow/ldsc/GWAS/all/MR15015.txt.gz	/gpfs/chencao/qinminzhang/workflow/catalog_lof/run_all/data/GCST90084347_buildGRCh38_M1_001_ensg_beta_se.csv
GCST90080374	GCST90084360	/gpfs/chencao/qinminzhang/workflow/ldsc/GWAS/all/GCST90080374.txt.gz	/gpfs/chencao/qinminzhang/workflow/catalog_lof/run_all/data/GCST90084360_buildGRCh38_M1_001_ensg_beta_se.csv
MR28028	GCST90084415	/gpfs/chencao/qinminzhang/workflow/ldsc/GWAS/all/MR28028.txt.gz	/gpfs/chencao/qinminzhang/workflow/catalog_lof/run_all/data/GCST90084415_buildGRCh38_M1_001_ensg_beta_se.csv
MR10190	GCST90084503	/gpfs/chencao/qinminzhang/workflow/ldsc/GWAS/all/MR10190.txt.gz	/gpfs/chencao/qinminzhang/workflow/catalog_lof/run_all/data/GCST90084503_buildGRCh38_M1_001_ensg_beta_se.csv
GCST90080597	GCST90084583	/gpfs/chencao/qinminzhang/workflow/ldsc/GWAS/all/GCST90080597.txt.gz	/gpfs/chencao/qinminzhang/workflow/catalog_lof/run_all/data/GCST90084583_buildGRCh38_M1_001_ensg_beta_se.csv
GCST90080723	GCST90084709	/gpfs/chencao/qinminzhang/workflow/ldsc/GWAS/all/GCST90080723.txt.gz	/gpfs/chencao/qinminzhang/workflow/catalog_lof/run_all/data/GCST90084709_buildGRCh38_M1_001_ensg_beta_se.csv
GCST90080832	GCST90084818	/gpfs/chencao/qinminzhang/workflow/ldsc/GWAS/all/GCST90080832.txt.gz	/gpfs/chencao/qinminzhang/workflow/catalog_lof/run_all/data/GCST90084818_buildGRCh38_M1_001_ensg_beta_se.csv
GCST90081176	GCST90085162	/gpfs/chencao/qinminzhang/workflow/ldsc/GWAS/all/GCST90081176.txt.gz	/gpfs/chencao/qinminzhang/workflow/catalog_lof/run_all/data/GCST90085162_buildGRCh38_M1_001_ensg_beta_se.csv
GCST90081242	GCST90085228	/gpfs/chencao/qinminzhang/workflow/ldsc/GWAS/all/GCST90081242.txt.gz	/gpfs/chencao/qinminzhang/workflow/catalog_lof/run_all/data/GCST90085228_buildGRCh38_M1_001_ensg_beta_se.csv
GCST90079712	GCST90083698	/gpfs/chencao/qinminzhang/workflow/ldsc/GWAS/all/GCST90079712.txt.gz	/gpfs/chencao/qinminzhang/workflow/catalog_lof/run_all/data/GCST90083698_buildGRCh38_M1_001_ensg_beta_se.csv
GCST90079762	GCST90083748	/gpfs/chencao/qinminzhang/workflow/ldsc/GWAS/all/GCST90079762.txt.gz	/gpfs/chencao/qinminzhang/workflow/catalog_lof/run_all/data/GCST90083748_buildGRCh38_M1_001_ensg_beta_se.csv
GCST90079789	GCST90083775	/gpfs/chencao/qinminzhang/workflow/ldsc/GWAS/all/GCST90079789.txt.gz	/gpfs/chencao/qinminzhang/workflow/catalog_lof/run_all/data/GCST90083775_buildGRCh38_M1_001_ensg_beta_se.csv
AT056	GCST90084009	/gpfs/chencao/qinminzhang/workflow/ldsc/GWAS/all/AT056.txt.gz	/gpfs/chencao/qinminzhang/workflow/catalog_lof/run_all/data/GCST90084009_buildGRCh38_M1_001_ensg_beta_se.csv
AT593	GCST90084151	/gpfs/chencao/qinminzhang/workflow/ldsc/GWAS/all/AT593.txt.gz	/gpfs/chencao/qinminzhang/workflow/catalog_lof/run_all/data/GCST90084151_buildGRCh38_M1_001_ensg_beta_se.csv
AT301	GCST90084183	/gpfs/chencao/qinminzhang/workflow/ldsc/GWAS/all/AT301.txt.gz	/gpfs/chencao/qinminzhang/workflow/catalog_lof/run_all/data/GCST90084183_buildGRCh38_M1_001_ensg_beta_se.csv
AT098	GCST90084337	/gpfs/chencao/qinminzhang/workflow/ldsc/GWAS/all/AT098.txt.gz	/gpfs/chencao/qinminzhang/workflow/catalog_lof/run_all/data/GCST90084337_buildGRCh38_M1_001_ensg_beta_se.csv
GCST90080371	GCST90084357	/gpfs/chencao/qinminzhang/workflow/ldsc/GWAS/all/GCST90080371.txt.gz	/gpfs/chencao/qinminzhang/workflow/catalog_lof/run_all/data/GCST90084357_buildGRCh38_M1_001_ensg_beta_se.csv
GCST90080451	GCST90084437	/gpfs/chencao/qinminzhang/workflow/ldsc/GWAS/all/GCST90080451.txt.gz	/gpfs/chencao/qinminzhang/workflow/catalog_lof/run_all/data/GCST90084437_buildGRCh38_M1_001_ensg_beta_se.csv
GCST90080724	GCST90084710	/gpfs/chencao/qinminzhang/workflow/ldsc/GWAS/all/GCST90080724.txt.gz	/gpfs/chencao/qinminzhang/workflow/catalog_lof/run_all/data/GCST90084710_buildGRCh38_M1_001_ensg_beta_se.csv
GCST90080855	GCST90084841	/gpfs/chencao/qinminzhang/workflow/ldsc/GWAS/all/GCST90080855.txt.gz	/gpfs/chencao/qinminzhang/workflow/catalog_lof/run_all/data/GCST90084841_buildGRCh38_M1_001_ensg_beta_se.csv
GCST90080874	GCST90084860	/gpfs/chencao/qinminzhang/workflow/ldsc/GWAS/all/GCST90080874.txt.gz	/gpfs/chencao/qinminzhang/workflow/catalog_lof/run_all/data/GCST90084860_buildGRCh38_M1_001_ensg_beta_se.csv
GCST90080876	GCST90084862	/gpfs/chencao/qinminzhang/workflow/ldsc/GWAS/all/GCST90080876.txt.gz	/gpfs/chencao/qinminzhang/workflow/catalog_lof/run_all/data/GCST90084862_buildGRCh38_M1_001_ensg_beta_se.csv
GCST90079546	GCST90083532	/gpfs/chencao/qinminzhang/workflow/ldsc/GWAS/all/GCST90079546.txt.gz	/gpfs/chencao/qinminzhang/workflow/catalog_lof/run_all/data/GCST90083532_buildGRCh38_M1_001_ensg_beta_se.csv
GCST90080139	GCST90084125	/gpfs/chencao/qinminzhang/workflow/ldsc/GWAS/all/GCST90080139.txt.gz	/gpfs/chencao/qinminzhang/workflow/catalog_lof/run_all/data/GCST90084125_buildGRCh38_M1_001_ensg_beta_se.csv
MR04169	GCST90084244	/gpfs/chencao/qinminzhang/workflow/ldsc/GWAS/all/MR04169.txt.gz	/gpfs/chencao/qinminzhang/workflow/catalog_lof/run_all/data/GCST90084244_buildGRCh38_M1_001_ensg_beta_se.csv
MR04723	GCST90084246	/gpfs/chencao/qinminzhang/workflow/ldsc/GWAS/all/MR04723.txt.gz	/gpfs/chencao/qinminzhang/workflow/catalog_lof/run_all/data/GCST90084246_buildGRCh38_M1_001_ensg_beta_se.csv
MR07581	GCST90084249	/gpfs/chencao/qinminzhang/workflow/ldsc/GWAS/all/MR07581.txt.gz	/gpfs/chencao/qinminzhang/workflow/catalog_lof/run_all/data/GCST90084249_buildGRCh38_M1_001_ensg_beta_se.csv
GCST90080342	GCST90084328	/gpfs/chencao/qinminzhang/workflow/ldsc/GWAS/all/GCST90080342.txt.gz	/gpfs/chencao/qinminzhang/workflow/catalog_lof/run_all/data/GCST90084328_buildGRCh38_M1_001_ensg_beta_se.csv
AT380	GCST90083536	/gpfs/chencao/qinminzhang/workflow/ldsc/GWAS/all/AT380.txt.gz	/gpfs/chencao/qinminzhang/workflow/catalog_lof/run_all/data/GCST90083536_buildGRCh38_M1_001_ensg_beta_se.csv
GCST90079833	GCST90083819	/gpfs/chencao/qinminzhang/workflow/ldsc/GWAS/all/GCST90079833.txt.gz	/gpfs/chencao/qinminzhang/workflow/catalog_lof/run_all/data/GCST90083819_buildGRCh38_M1_001_ensg_beta_se.csv
AT209	GCST90084099	/gpfs/chencao/qinminzhang/workflow/ldsc/GWAS/all/AT209.txt.gz	/gpfs/chencao/qinminzhang/workflow/catalog_lof/run_all/data/GCST90084099_buildGRCh38_M1_001_ensg_beta_se.csv
GCST90080680	GCST90084666	/gpfs/chencao/qinminzhang/workflow/ldsc/GWAS/all/GCST90080680.txt.gz	/gpfs/chencao/qinminzhang/workflow/catalog_lof/run_all/data/GCST90084666_buildGRCh38_M1_001_ensg_beta_se.csv
GCST90080722	GCST90084708	/gpfs/chencao/qinminzhang/workflow/ldsc/GWAS/all/GCST90080722.txt.gz	/gpfs/chencao/qinminzhang/workflow/catalog_lof/run_all/data/GCST90084708_buildGRCh38_M1_001_ensg_beta_se.csv
MR20485	GCST90085296	/gpfs/chencao/qinminzhang/workflow/ldsc/GWAS/all/MR20485.txt.gz	/gpfs/chencao/qinminzhang/workflow/catalog_lof/run_all/data/GCST90085296_buildGRCh38_M1_001_ensg_beta_se.csv
MR14810	GCST90085297	/gpfs/chencao/qinminzhang/workflow/ldsc/GWAS/all/MR14810.txt.gz	/gpfs/chencao/qinminzhang/workflow/catalog_lof/run_all/data/GCST90085297_buildGRCh38_M1_001_ensg_beta_se.csv
GCST90080262	GCST90084248	/gpfs/chencao/qinminzhang/workflow/ldsc/GWAS/all/GCST90080262.txt.gz	/gpfs/chencao/qinminzhang/workflow/catalog_lof/run_all/data/GCST90084248_buildGRCh38_M1_001_ensg_beta_se.csv
GCST90080726	GCST90084712	/gpfs/chencao/qinminzhang/workflow/ldsc/GWAS/all/GCST90080726.txt.gz	/gpfs/chencao/qinminzhang/workflow/catalog_lof/run_all/data/GCST90084712_buildGRCh38_M1_001_ensg_beta_se.csv
GCST90080584	GCST90084570	/gpfs/chencao/qinminzhang/workflow/ldsc/GWAS/all/GCST90080584.txt.gz	/gpfs/chencao/qinminzhang/workflow/catalog_lof/run_all/data/GCST90084570_buildGRCh38_M1_001_ensg_beta_se.csv
MR15061	GCST90083582	/gpfs/chencao/qinminzhang/workflow/ldsc/GWAS/all/MR15061.txt.gz	/gpfs/chencao/qinminzhang/workflow/catalog_lof/run_all/data/GCST90083582_buildGRCh38_M1_001_ensg_beta_se.csv
MR31600	GCST90083589	/gpfs/chencao/qinminzhang/workflow/ldsc/GWAS/all/MR31600.txt.gz	/gpfs/chencao/qinminzhang/workflow/catalog_lof/run_all/data/GCST90083589_buildGRCh38_M1_001_ensg_beta_se.csv
GCST90080408	GCST90084394	/gpfs/chencao/qinminzhang/workflow/ldsc/GWAS/all/GCST90080408.txt.gz	/gpfs/chencao/qinminzhang/workflow/catalog_lof/run_all/data/GCST90084394_buildGRCh38_M1_001_ensg_beta_se.csv
GCST90080474	GCST90084460	/gpfs/chencao/qinminzhang/workflow/ldsc/GWAS/all/GCST90080474.txt.gz	/gpfs/chencao/qinminzhang/workflow/catalog_lof/run_all/data/GCST90084460_buildGRCh38_M1_001_ensg_beta_se.csv
GCST90079870	GCST90083856	/gpfs/chencao/qinminzhang/workflow/ldsc/GWAS/all/GCST90079870.txt.gz	/gpfs/chencao/qinminzhang/workflow/catalog_lof/run_all/data/GCST90083856_buildGRCh38_M1_001_ensg_beta_se.csv
PE04551	GCST90083539	/gpfs/chencao/qinminzhang/workflow/ldsc/GWAS/all/PE04551.txt.gz	/gpfs/chencao/qinminzhang/workflow/catalog_lof/run_all/data/GCST90083539_buildGRCh38_M1_001_ensg_beta_se.csv
AT332	GCST90084032	/gpfs/chencao/qinminzhang/workflow/ldsc/GWAS/all/AT332.txt.gz	/gpfs/chencao/qinminzhang/workflow/catalog_lof/run_all/data/GCST90084032_buildGRCh38_M1_001_ensg_beta_se.csv
PE04766	GCST90083866	/gpfs/chencao/qinminzhang/workflow/ldsc/GWAS/all/PE04766.txt.gz	/gpfs/chencao/qinminzhang/workflow/catalog_lof/run_all/data/GCST90083866_buildGRCh38_M1_001_ensg_beta_se.csv
AT245	GCST90083986	/gpfs/chencao/qinminzhang/workflow/ldsc/GWAS/all/AT245.txt.gz	/gpfs/chencao/qinminzhang/workflow/catalog_lof/run_all/data/GCST90083986_buildGRCh38_M1_001_ensg_beta_se.csv
AT134	GCST90084283	/gpfs/chencao/qinminzhang/workflow/ldsc/GWAS/all/AT134.txt.gz	/gpfs/chencao/qinminzhang/workflow/catalog_lof/run_all/data/GCST90084283_buildGRCh38_M1_001_ensg_beta_se.csv
AT318	GCST90083786	/gpfs/chencao/qinminzhang/workflow/ldsc/GWAS/all/AT318.txt.gz	/gpfs/chencao/qinminzhang/workflow/catalog_lof/run_all/data/GCST90083786_buildGRCh38_M1_001_ensg_beta_se.csv
AT292	GCST90083842	/gpfs/chencao/qinminzhang/workflow/ldsc/GWAS/all/AT292.txt.gz	/gpfs/chencao/qinminzhang/workflow/catalog_lof/run_all/data/GCST90083842_buildGRCh38_M1_001_ensg_beta_se.csv
PE04771	GCST90083870	/gpfs/chencao/qinminzhang/workflow/ldsc/GWAS/all/PE04771.txt.gz	/gpfs/chencao/qinminzhang/workflow/catalog_lof/run_all/data/GCST90083870_buildGRCh38_M1_001_ensg_beta_se.csv
GCST90079944	GCST90083930	/gpfs/chencao/qinminzhang/workflow/ldsc/GWAS/all/GCST90079944.txt.gz	/gpfs/chencao/qinminzhang/workflow/catalog_lof/run_all/data/GCST90083930_buildGRCh38_M1_001_ensg_beta_se.csv
AT185	GCST90084287	/gpfs/chencao/qinminzhang/workflow/ldsc/GWAS/all/AT185.txt.gz	/gpfs/chencao/qinminzhang/workflow/catalog_lof/run_all/data/GCST90084287_buildGRCh38_M1_001_ensg_beta_se.csv
GCST90080500	GCST90084486	/gpfs/chencao/qinminzhang/workflow/ldsc/GWAS/all/GCST90080500.txt.gz	/gpfs/chencao/qinminzhang/workflow/catalog_lof/run_all/data/GCST90084486_buildGRCh38_M1_001_ensg_beta_se.csv
GCST90080540	GCST90084526	/gpfs/chencao/qinminzhang/workflow/ldsc/GWAS/all/GCST90080540.txt.gz	/gpfs/chencao/qinminzhang/workflow/catalog_lof/run_all/data/GCST90084526_buildGRCh38_M1_001_ensg_beta_se.csv
GCST90474143	GCST90084550	/gpfs/chencao/qinminzhang/workflow/ldsc/GWAS/all/GCST90474143.txt.gz	/gpfs/chencao/qinminzhang/workflow/catalog_lof/run_all/data/GCST90084550_buildGRCh38_M1_001_ensg_beta_se.csv
AT629	GCST90084551	/gpfs/chencao/qinminzhang/workflow/ldsc/GWAS/all/AT629.txt.gz	/gpfs/chencao/qinminzhang/workflow/catalog_lof/run_all/data/GCST90084551_buildGRCh38_M1_001_ensg_beta_se.csv
GCST90079776	GCST90083762	/gpfs/chencao/qinminzhang/workflow/ldsc/GWAS/all/GCST90079776.txt.gz	/gpfs/chencao/qinminzhang/workflow/catalog_lof/run_all/data/GCST90083762_buildGRCh38_M1_001_ensg_beta_se.csv
MR20286	GCST90084010	/gpfs/chencao/qinminzhang/workflow/ldsc/GWAS/all/MR20286.txt.gz	/gpfs/chencao/qinminzhang/workflow/catalog_lof/run_all/data/GCST90084010_buildGRCh38_M1_001_ensg_beta_se.csv
AT624	GCST90084060	/gpfs/chencao/qinminzhang/workflow/ldsc/GWAS/all/AT624.txt.gz	/gpfs/chencao/qinminzhang/workflow/catalog_lof/run_all/data/GCST90084060_buildGRCh38_M1_001_ensg_beta_se.csv
MR19751	GCST90084240	/gpfs/chencao/qinminzhang/workflow/ldsc/GWAS/all/MR19751.txt.gz	/gpfs/chencao/qinminzhang/workflow/catalog_lof/run_all/data/GCST90084240_buildGRCh38_M1_001_ensg_beta_se.csv
GCST90080550	GCST90084536	/gpfs/chencao/qinminzhang/workflow/ldsc/GWAS/all/GCST90080550.txt.gz	/gpfs/chencao/qinminzhang/workflow/catalog_lof/run_all/data/GCST90084536_buildGRCh38_M1_001_ensg_beta_se.csv
GCST90080551	GCST90084537	/gpfs/chencao/qinminzhang/workflow/ldsc/GWAS/all/GCST90080551.txt.gz	/gpfs/chencao/qinminzhang/workflow/catalog_lof/run_all/data/GCST90084537_buildGRCh38_M1_001_ensg_beta_se.csv
MR02908	GCST90084738	/gpfs/chencao/qinminzhang/workflow/ldsc/GWAS/all/MR02908.txt.gz	/gpfs/chencao/qinminzhang/workflow/catalog_lof/run_all/data/GCST90084738_buildGRCh38_M1_001_ensg_beta_se.csv
AT203	GCST90083546	/gpfs/chencao/qinminzhang/workflow/ldsc/GWAS/all/AT203.txt.gz	/gpfs/chencao/qinminzhang/workflow/catalog_lof/run_all/data/GCST90083546_buildGRCh38_M1_001_ensg_beta_se.csv
GCST90079716	GCST90083702	/gpfs/chencao/qinminzhang/workflow/ldsc/GWAS/all/GCST90079716.txt.gz	/gpfs/chencao/qinminzhang/workflow/catalog_lof/run_all/data/GCST90083702_buildGRCh38_M1_001_ensg_beta_se.csv
GCST90079777	GCST90083763	/gpfs/chencao/qinminzhang/workflow/ldsc/GWAS/all/GCST90079777.txt.gz	/gpfs/chencao/qinminzhang/workflow/catalog_lof/run_all/data/GCST90083763_buildGRCh38_M1_001_ensg_beta_se.csv
GCST90079866	GCST90083852	/gpfs/chencao/qinminzhang/workflow/ldsc/GWAS/all/GCST90079866.txt.gz	/gpfs/chencao/qinminzhang/workflow/catalog_lof/run_all/data/GCST90083852_buildGRCh38_M1_001_ensg_beta_se.csv
AT425	GCST90084069	/gpfs/chencao/qinminzhang/workflow/ldsc/GWAS/all/AT425.txt.gz	/gpfs/chencao/qinminzhang/workflow/catalog_lof/run_all/data/GCST90084069_buildGRCh38_M1_001_ensg_beta_se.csv
GCST90080185	GCST90084171	/gpfs/chencao/qinminzhang/workflow/ldsc/GWAS/all/GCST90080185.txt.gz	/gpfs/chencao/qinminzhang/workflow/catalog_lof/run_all/data/GCST90084171_buildGRCh38_M1_001_ensg_beta_se.csv
GCST90473864	GCST90084265	/gpfs/chencao/qinminzhang/workflow/ldsc/GWAS/all/GCST90473864.txt.gz	/gpfs/chencao/qinminzhang/workflow/catalog_lof/run_all/data/GCST90084265_buildGRCh38_M1_001_ensg_beta_se.csv
GCST90080305	GCST90084291	/gpfs/chencao/qinminzhang/workflow/ldsc/GWAS/all/GCST90080305.txt.gz	/gpfs/chencao/qinminzhang/workflow/catalog_lof/run_all/data/GCST90084291_buildGRCh38_M1_001_ensg_beta_se.csv
GCST90080319	GCST90084305	/gpfs/chencao/qinminzhang/workflow/ldsc/GWAS/all/GCST90080319.txt.gz	/gpfs/chencao/qinminzhang/workflow/catalog_lof/run_all/data/GCST90084305_buildGRCh38_M1_001_ensg_beta_se.csv
AT343	GCST90084472	/gpfs/chencao/qinminzhang/workflow/ldsc/GWAS/all/AT343.txt.gz	/gpfs/chencao/qinminzhang/workflow/catalog_lof/run_all/data/GCST90084472_buildGRCh38_M1_001_ensg_beta_se.csv
GCST90080501	GCST90084487	/gpfs/chencao/qinminzhang/workflow/ldsc/GWAS/all/GCST90080501.txt.gz	/gpfs/chencao/qinminzhang/workflow/catalog_lof/run_all/data/GCST90084487_buildGRCh38_M1_001_ensg_beta_se.csv
GCST90080502	GCST90084488	/gpfs/chencao/qinminzhang/workflow/ldsc/GWAS/all/GCST90080502.txt.gz	/gpfs/chencao/qinminzhang/workflow/catalog_lof/run_all/data/GCST90084488_buildGRCh38_M1_001_ensg_beta_se.csv
GCST90080692	GCST90084678	/gpfs/chencao/qinminzhang/workflow/ldsc/GWAS/all/GCST90080692.txt.gz	/gpfs/chencao/qinminzhang/workflow/catalog_lof/run_all/data/GCST90084678_buildGRCh38_M1_001_ensg_beta_se.csv
GCST90080913	GCST90084899	/gpfs/chencao/qinminzhang/workflow/ldsc/GWAS/all/GCST90080913.txt.gz	/gpfs/chencao/qinminzhang/workflow/catalog_lof/run_all/data/GCST90084899_buildGRCh38_M1_001_ensg_beta_se.csv
GCST90079670	GCST90083656	/gpfs/chencao/qinminzhang/workflow/ldsc/GWAS/all/GCST90079670.txt.gz	/gpfs/chencao/qinminzhang/workflow/catalog_lof/run_all/data/GCST90083656_buildGRCh38_M1_001_ensg_beta_se.csv
MR31423	GCST90084193	/gpfs/chencao/qinminzhang/workflow/ldsc/GWAS/all/MR31423.txt.gz	/gpfs/chencao/qinminzhang/workflow/catalog_lof/run_all/data/GCST90084193_buildGRCh38_M1_001_ensg_beta_se.csv
GCST90080464	GCST90084450	/gpfs/chencao/qinminzhang/workflow/ldsc/GWAS/all/GCST90080464.txt.gz	/gpfs/chencao/qinminzhang/workflow/catalog_lof/run_all/data/GCST90084450_buildGRCh38_M1_001_ensg_beta_se.csv
GCST90080762	GCST90084748	/gpfs/chencao/qinminzhang/workflow/ldsc/GWAS/all/GCST90080762.txt.gz	/gpfs/chencao/qinminzhang/workflow/catalog_lof/run_all/data/GCST90084748_buildGRCh38_M1_001_ensg_beta_se.csv
MR18603	GCST90083848	/gpfs/chencao/qinminzhang/workflow/ldsc/GWAS/all/MR18603.txt.gz	/gpfs/chencao/qinminzhang/workflow/catalog_lof/run_all/data/GCST90083848_buildGRCh38_M1_001_ensg_beta_se.csv
PE04768	GCST90083868	/gpfs/chencao/qinminzhang/workflow/ldsc/GWAS/all/PE04768.txt.gz	/gpfs/chencao/qinminzhang/workflow/catalog_lof/run_all/data/GCST90083868_buildGRCh38_M1_001_ensg_beta_se.csv
AT283	GCST90084114	/gpfs/chencao/qinminzhang/workflow/ldsc/GWAS/all/AT283.txt.gz	/gpfs/chencao/qinminzhang/workflow/catalog_lof/run_all/data/GCST90084114_buildGRCh38_M1_001_ensg_beta_se.csv
PE04972	GCST90084338	/gpfs/chencao/qinminzhang/workflow/ldsc/GWAS/all/PE04972.txt.gz	/gpfs/chencao/qinminzhang/workflow/catalog_lof/run_all/data/GCST90084338_buildGRCh38_M1_001_ensg_beta_se.csv
AT341	GCST90084458	/gpfs/chencao/qinminzhang/workflow/ldsc/GWAS/all/AT341.txt.gz	/gpfs/chencao/qinminzhang/workflow/catalog_lof/run_all/data/GCST90084458_buildGRCh38_M1_001_ensg_beta_se.csv
AT315	GCST90084499	/gpfs/chencao/qinminzhang/workflow/ldsc/GWAS/all/AT315.txt.gz	/gpfs/chencao/qinminzhang/workflow/catalog_lof/run_all/data/GCST90084499_buildGRCh38_M1_001_ensg_beta_se.csv
GCST90080628	GCST90084614	/gpfs/chencao/qinminzhang/workflow/ldsc/GWAS/all/GCST90080628.txt.gz	/gpfs/chencao/qinminzhang/workflow/catalog_lof/run_all/data/GCST90084614_buildGRCh38_M1_001_ensg_beta_se.csv
MR14256	GCST90084639	/gpfs/chencao/qinminzhang/workflow/ldsc/GWAS/all/MR14256.txt.gz	/gpfs/chencao/qinminzhang/workflow/catalog_lof/run_all/data/GCST90084639_buildGRCh38_M1_001_ensg_beta_se.csv
MR10391	GCST90084643	/gpfs/chencao/qinminzhang/workflow/ldsc/GWAS/all/MR10391.txt.gz	/gpfs/chencao/qinminzhang/workflow/catalog_lof/run_all/data/GCST90084643_buildGRCh38_M1_001_ensg_beta_se.csv
MR22825	GCST90084747	/gpfs/chencao/qinminzhang/workflow/ldsc/GWAS/all/MR22825.txt.gz	/gpfs/chencao/qinminzhang/workflow/catalog_lof/run_all/data/GCST90084747_buildGRCh38_M1_001_ensg_beta_se.csv
GCST90080797	GCST90084783	/gpfs/chencao/qinminzhang/workflow/ldsc/GWAS/all/GCST90080797.txt.gz	/gpfs/chencao/qinminzhang/workflow/catalog_lof/run_all/data/GCST90084783_buildGRCh38_M1_001_ensg_beta_se.csv
GCST90080799	GCST90084785	/gpfs/chencao/qinminzhang/workflow/ldsc/GWAS/all/GCST90080799.txt.gz	/gpfs/chencao/qinminzhang/workflow/catalog_lof/run_all/data/GCST90084785_buildGRCh38_M1_001_ensg_beta_se.csv
GCST90080842	GCST90084828	/gpfs/chencao/qinminzhang/workflow/ldsc/GWAS/all/GCST90080842.txt.gz	/gpfs/chencao/qinminzhang/workflow/catalog_lof/run_all/data/GCST90084828_buildGRCh38_M1_001_ensg_beta_se.csv
GCST90080865	GCST90084851	/gpfs/chencao/qinminzhang/workflow/ldsc/GWAS/all/GCST90080865.txt.gz	/gpfs/chencao/qinminzhang/workflow/catalog_lof/run_all/data/GCST90084851_buildGRCh38_M1_001_ensg_beta_se.csv
GCST90079775	GCST90083761	/gpfs/chencao/qinminzhang/workflow/ldsc/GWAS/all/GCST90079775.txt.gz	/gpfs/chencao/qinminzhang/workflow/catalog_lof/run_all/data/GCST90083761_buildGRCh38_M1_001_ensg_beta_se.csv
GCST90079832	GCST90083818	/gpfs/chencao/qinminzhang/workflow/ldsc/GWAS/all/GCST90079832.txt.gz	/gpfs/chencao/qinminzhang/workflow/catalog_lof/run_all/data/GCST90083818_buildGRCh38_M1_001_ensg_beta_se.csv
GCST90079876	GCST90083862	/gpfs/chencao/qinminzhang/workflow/ldsc/GWAS/all/GCST90079876.txt.gz	/gpfs/chencao/qinminzhang/workflow/catalog_lof/run_all/data/GCST90083862_buildGRCh38_M1_001_ensg_beta_se.csv
GCST90473436	GCST90083895	/gpfs/chencao/qinminzhang/workflow/ldsc/GWAS/all/GCST90473436.txt.gz	/gpfs/chencao/qinminzhang/workflow/catalog_lof/run_all/data/GCST90083895_buildGRCh38_M1_001_ensg_beta_se.csv
GCST90079920	GCST90083906	/gpfs/chencao/qinminzhang/workflow/ldsc/GWAS/all/GCST90079920.txt.gz	/gpfs/chencao/qinminzhang/workflow/catalog_lof/run_all/data/GCST90083906_buildGRCh38_M1_001_ensg_beta_se.csv
GCST90079953	GCST90083939	/gpfs/chencao/qinminzhang/workflow/ldsc/GWAS/all/GCST90079953.txt.gz	/gpfs/chencao/qinminzhang/workflow/catalog_lof/run_all/data/GCST90083939_buildGRCh38_M1_001_ensg_beta_se.csv
GCST90080240	GCST90084226	/gpfs/chencao/qinminzhang/workflow/ldsc/GWAS/all/GCST90080240.txt.gz	/gpfs/chencao/qinminzhang/workflow/catalog_lof/run_all/data/GCST90084226_buildGRCh38_M1_001_ensg_beta_se.csv
GCST90473899	GCST90084309	/gpfs/chencao/qinminzhang/workflow/ldsc/GWAS/all/GCST90473899.txt.gz	/gpfs/chencao/qinminzhang/workflow/catalog_lof/run_all/data/GCST90084309_buildGRCh38_M1_001_ensg_beta_se.csv
AT589	GCST90084330	/gpfs/chencao/qinminzhang/workflow/ldsc/GWAS/all/AT589.txt.gz	/gpfs/chencao/qinminzhang/workflow/catalog_lof/run_all/data/GCST90084330_buildGRCh38_M1_001_ensg_beta_se.csv
GCST90080504	GCST90084490	/gpfs/chencao/qinminzhang/workflow/ldsc/GWAS/all/GCST90080504.txt.gz	/gpfs/chencao/qinminzhang/workflow/catalog_lof/run_all/data/GCST90084490_buildGRCh38_M1_001_ensg_beta_se.csv
GCST90080505	GCST90084491	/gpfs/chencao/qinminzhang/workflow/ldsc/GWAS/all/GCST90080505.txt.gz	/gpfs/chencao/qinminzhang/workflow/catalog_lof/run_all/data/GCST90084491_buildGRCh38_M1_001_ensg_beta_se.csv
MR21189	GCST90084508	/gpfs/chencao/qinminzhang/workflow/ldsc/GWAS/all/MR21189.txt.gz	/gpfs/chencao/qinminzhang/workflow/catalog_lof/run_all/data/GCST90084508_buildGRCh38_M1_001_ensg_beta_se.csv
GCST90474199	GCST90084585	/gpfs/chencao/qinminzhang/workflow/ldsc/GWAS/all/GCST90474199.txt.gz	/gpfs/chencao/qinminzhang/workflow/catalog_lof/run_all/data/GCST90084585_buildGRCh38_M1_001_ensg_beta_se.csv
GCST90080768	GCST90084754	/gpfs/chencao/qinminzhang/workflow/ldsc/GWAS/all/GCST90080768.txt.gz	/gpfs/chencao/qinminzhang/workflow/catalog_lof/run_all/data/GCST90084754_buildGRCh38_M1_001_ensg_beta_se.csv
GCST90080780	GCST90084766	/gpfs/chencao/qinminzhang/workflow/ldsc/GWAS/all/GCST90080780.txt.gz	/gpfs/chencao/qinminzhang/workflow/catalog_lof/run_all/data/GCST90084766_buildGRCh38_M1_001_ensg_beta_se.csv
GCST90080796	GCST90084782	/gpfs/chencao/qinminzhang/workflow/ldsc/GWAS/all/GCST90080796.txt.gz	/gpfs/chencao/qinminzhang/workflow/catalog_lof/run_all/data/GCST90084782_buildGRCh38_M1_001_ensg_beta_se.csv
GCST90080846	GCST90084832	/gpfs/chencao/qinminzhang/workflow/ldsc/GWAS/all/GCST90080846.txt.gz	/gpfs/chencao/qinminzhang/workflow/catalog_lof/run_all/data/GCST90084832_buildGRCh38_M1_001_ensg_beta_se.csv
BE122	GCST90084833	/gpfs/chencao/qinminzhang/workflow/ldsc/GWAS/all/BE122.txt.gz	/gpfs/chencao/qinminzhang/workflow/catalog_lof/run_all/data/GCST90084833_buildGRCh38_M1_001_ensg_beta_se.csv
BE059	GCST90084856	/gpfs/chencao/qinminzhang/workflow/ldsc/GWAS/all/BE059.txt.gz	/gpfs/chencao/qinminzhang/workflow/catalog_lof/run_all/data/GCST90084856_buildGRCh38_M1_001_ensg_beta_se.csv
GCST90080893	GCST90084879	/gpfs/chencao/qinminzhang/workflow/ldsc/GWAS/all/GCST90080893.txt.gz	/gpfs/chencao/qinminzhang/workflow/catalog_lof/run_all/data/GCST90084879_buildGRCh38_M1_001_ensg_beta_se.csv
GCST90473962	GCST90084346	/gpfs/chencao/qinminzhang/workflow/ldsc/GWAS/all/GCST90473962.txt.gz	/gpfs/chencao/qinminzhang/workflow/catalog_lof/run_all/data/GCST90084346_buildGRCh38_M1_001_ensg_beta_se.csv
GCST90080544	GCST90084530	/gpfs/chencao/qinminzhang/workflow/ldsc/GWAS/all/GCST90080544.txt.gz	/gpfs/chencao/qinminzhang/workflow/catalog_lof/run_all/data/GCST90084530_buildGRCh38_M1_001_ensg_beta_se.csv
GCST90080767	GCST90084753	/gpfs/chencao/qinminzhang/workflow/ldsc/GWAS/all/GCST90080767.txt.gz	/gpfs/chencao/qinminzhang/workflow/catalog_lof/run_all/data/GCST90084753_buildGRCh38_M1_001_ensg_beta_se.csv
GCST90080770	GCST90084756	/gpfs/chencao/qinminzhang/workflow/ldsc/GWAS/all/GCST90080770.txt.gz	/gpfs/chencao/qinminzhang/workflow/catalog_lof/run_all/data/GCST90084756_buildGRCh38_M1_001_ensg_beta_se.csv
GCST90080807	GCST90084793	/gpfs/chencao/qinminzhang/workflow/ldsc/GWAS/all/GCST90080807.txt.gz	/gpfs/chencao/qinminzhang/workflow/catalog_lof/run_all/data/GCST90084793_buildGRCh38_M1_001_ensg_beta_se.csv
GCST90080837	GCST90084823	/gpfs/chencao/qinminzhang/workflow/ldsc/GWAS/all/GCST90080837.txt.gz	/gpfs/chencao/qinminzhang/workflow/catalog_lof/run_all/data/GCST90084823_buildGRCh38_M1_001_ensg_beta_se.csv
GCST90079916	GCST90083902	/gpfs/chencao/qinminzhang/workflow/ldsc/GWAS/all/GCST90079916.txt.gz	/gpfs/chencao/qinminzhang/workflow/catalog_lof/run_all/data/GCST90083902_buildGRCh38_M1_001_ensg_beta_se.csv
GCST90473712	GCST90084127	/gpfs/chencao/qinminzhang/workflow/ldsc/GWAS/all/GCST90473712.txt.gz	/gpfs/chencao/qinminzhang/workflow/catalog_lof/run_all/data/GCST90084127_buildGRCh38_M1_001_ensg_beta_se.csv
GCST90080320	GCST90084306	/gpfs/chencao/qinminzhang/workflow/ldsc/GWAS/all/GCST90080320.txt.gz	/gpfs/chencao/qinminzhang/workflow/catalog_lof/run_all/data/GCST90084306_buildGRCh38_M1_001_ensg_beta_se.csv
GCST90080793	GCST90084779	/gpfs/chencao/qinminzhang/workflow/ldsc/GWAS/all/GCST90080793.txt.gz	/gpfs/chencao/qinminzhang/workflow/catalog_lof/run_all/data/GCST90084779_buildGRCh38_M1_001_ensg_beta_se.csv
MR27955	GCST90084750	/gpfs/chencao/qinminzhang/workflow/ldsc/GWAS/all/MR27955.txt.gz	/gpfs/chencao/qinminzhang/workflow/catalog_lof/run_all/data/GCST90084750_buildGRCh38_M1_001_ensg_beta_se.csv
GCST90473961	GCST90084345	/gpfs/chencao/qinminzhang/workflow/ldsc/GWAS/all/GCST90473961.txt.gz	/gpfs/chencao/qinminzhang/workflow/catalog_lof/run_all/data/GCST90084345_buildGRCh38_M1_001_ensg_beta_se.csv
GCST90474006	GCST90084382	/gpfs/chencao/qinminzhang/workflow/ldsc/GWAS/all/GCST90474006.txt.gz	/gpfs/chencao/qinminzhang/workflow/catalog_lof/run_all/data/GCST90084382_buildGRCh38_M1_001_ensg_beta_se.csv
GCST90080468	GCST90084454	/gpfs/chencao/qinminzhang/workflow/ldsc/GWAS/all/GCST90080468.txt.gz	/gpfs/chencao/qinminzhang/workflow/catalog_lof/run_all/data/GCST90084454_buildGRCh38_M1_001_ensg_beta_se.csv
MR32498	GCST90083597	/gpfs/chencao/qinminzhang/workflow/ldsc/GWAS/all/MR32498.txt.gz	/gpfs/chencao/qinminzhang/workflow/catalog_lof/run_all/data/GCST90083597_buildGRCh38_M1_001_ensg_beta_se.csv
MR15295	GCST90083584	/gpfs/chencao/qinminzhang/workflow/ldsc/GWAS/all/MR15295.txt.gz	/gpfs/chencao/qinminzhang/workflow/catalog_lof/run_all/data/GCST90083584_buildGRCh38_M1_001_ensg_beta_se.csv
PE07219	GCST90082042	/gpfs/chencao/qinminzhang/workflow/ldsc/GWAS/all/PE07219.txt.gz	/gpfs/chencao/qinminzhang/workflow/catalog_lof/run_all/data/GCST90082042_buildGRCh38_M1_001_ensg_beta_se.csv
MR32091	GCST90082220	/gpfs/chencao/qinminzhang/workflow/ldsc/GWAS/all/MR32091.txt.gz	/gpfs/chencao/qinminzhang/workflow/catalog_lof/run_all/data/GCST90082220_buildGRCh38_M1_001_ensg_beta_se.csv
GCST90077662	GCST90081648	/gpfs/chencao/qinminzhang/workflow/ldsc/GWAS/all/GCST90077662.txt.gz	/gpfs/chencao/qinminzhang/workflow/catalog_lof/run_all/data/GCST90081648_buildGRCh38_M1_001_ensg_beta_se.csv
GCST90077690	GCST90081676	/gpfs/chencao/qinminzhang/workflow/ldsc/GWAS/all/GCST90077690.txt.gz	/gpfs/chencao/qinminzhang/workflow/catalog_lof/run_all/data/GCST90081676_buildGRCh38_M1_001_ensg_beta_se.csv
GCST90077776	GCST90081762	/gpfs/chencao/qinminzhang/workflow/ldsc/GWAS/all/GCST90077776.txt.gz	/gpfs/chencao/qinminzhang/workflow/catalog_lof/run_all/data/GCST90081762_buildGRCh38_M1_001_ensg_beta_se.csv
GCST90077825	GCST90081811	/gpfs/chencao/qinminzhang/workflow/ldsc/GWAS/all/GCST90077825.txt.gz	/gpfs/chencao/qinminzhang/workflow/catalog_lof/run_all/data/GCST90081811_buildGRCh38_M1_001_ensg_beta_se.csv
GCST90077782	GCST90081768	/gpfs/chencao/qinminzhang/workflow/ldsc/GWAS/all/GCST90077782.txt.gz	/gpfs/chencao/qinminzhang/workflow/catalog_lof/run_all/data/GCST90081768_buildGRCh38_M1_001_ensg_beta_se.csv
GCST90077784	GCST90081770	/gpfs/chencao/qinminzhang/workflow/ldsc/GWAS/all/GCST90077784.txt.gz	/gpfs/chencao/qinminzhang/workflow/catalog_lof/run_all/data/GCST90081770_buildGRCh38_M1_001_ensg_beta_se.csv
GCST90077705	GCST90081691	/gpfs/chencao/qinminzhang/workflow/ldsc/GWAS/all/GCST90077705.txt.gz	/gpfs/chencao/qinminzhang/workflow/catalog_lof/run_all/data/GCST90081691_buildGRCh38_M1_001_ensg_beta_se.csv
GCST90473161	GCST90081715	/gpfs/chencao/qinminzhang/workflow/ldsc/GWAS/all/GCST90473161.txt.gz	/gpfs/chencao/qinminzhang/workflow/catalog_lof/run_all/data/GCST90081715_buildGRCh38_M1_001_ensg_beta_se.csv
PE03615	GCST90083444	/gpfs/chencao/qinminzhang/workflow/ldsc/GWAS/all/PE03615.txt.gz	/gpfs/chencao/qinminzhang/workflow/catalog_lof/run_all/data/GCST90083444_buildGRCh38_M1_001_ensg_beta_se.csv
FG00518	GCST90082495	/gpfs/chencao/qinminzhang/workflow/ldsc/GWAS/all/FG00518.txt.gz	/gpfs/chencao/qinminzhang/workflow/catalog_lof/run_all/data/GCST90082495_buildGRCh38_M1_001_ensg_beta_se.csv
FG00487	GCST90082430	/gpfs/chencao/qinminzhang/workflow/ldsc/GWAS/all/FG00487.txt.gz	/gpfs/chencao/qinminzhang/workflow/catalog_lof/run_all/data/GCST90082430_buildGRCh38_M1_001_ensg_beta_se.csv
PE01678	GCST90082651	/gpfs/chencao/qinminzhang/workflow/ldsc/GWAS/all/PE01678.txt.gz	/gpfs/chencao/qinminzhang/workflow/catalog_lof/run_all/data/GCST90082651_buildGRCh38_M1_001_ensg_beta_se.csv
FG03346	GCST90082489	/gpfs/chencao/qinminzhang/workflow/ldsc/GWAS/all/FG03346.txt.gz	/gpfs/chencao/qinminzhang/workflow/catalog_lof/run_all/data/GCST90082489_buildGRCh38_M1_001_ensg_beta_se.csv
GCST90078835	GCST90082821	/gpfs/chencao/qinminzhang/workflow/ldsc/GWAS/all/GCST90078835.txt.gz	/gpfs/chencao/qinminzhang/workflow/catalog_lof/run_all/data/GCST90082821_buildGRCh38_M1_001_ensg_beta_se.csv
FG00482	GCST90082425	/gpfs/chencao/qinminzhang/workflow/ldsc/GWAS/all/FG00482.txt.gz	/gpfs/chencao/qinminzhang/workflow/catalog_lof/run_all/data/GCST90082425_buildGRCh38_M1_001_ensg_beta_se.csv
MR18939	GCST90082304	/gpfs/chencao/qinminzhang/workflow/ldsc/GWAS/all/MR18939.txt.gz	/gpfs/chencao/qinminzhang/workflow/catalog_lof/run_all/data/GCST90082304_buildGRCh38_M1_001_ensg_beta_se.csv
FG00485	GCST90082428	/gpfs/chencao/qinminzhang/workflow/ldsc/GWAS/all/FG00485.txt.gz	/gpfs/chencao/qinminzhang/workflow/catalog_lof/run_all/data/GCST90082428_buildGRCh38_M1_001_ensg_beta_se.csv
FG00538	GCST90082540	/gpfs/chencao/qinminzhang/workflow/ldsc/GWAS/all/FG00538.txt.gz	/gpfs/chencao/qinminzhang/workflow/catalog_lof/run_all/data/GCST90082540_buildGRCh38_M1_001_ensg_beta_se.csv
FG00585	GCST90082620	/gpfs/chencao/qinminzhang/workflow/ldsc/GWAS/all/FG00585.txt.gz	/gpfs/chencao/qinminzhang/workflow/catalog_lof/run_all/data/GCST90082620_buildGRCh38_M1_001_ensg_beta_se.csv
FG00543	GCST90082544	/gpfs/chencao/qinminzhang/workflow/ldsc/GWAS/all/FG00543.txt.gz	/gpfs/chencao/qinminzhang/workflow/catalog_lof/run_all/data/GCST90082544_buildGRCh38_M1_001_ensg_beta_se.csv
FG00478	GCST90082423	/gpfs/chencao/qinminzhang/workflow/ldsc/GWAS/all/FG00478.txt.gz	/gpfs/chencao/qinminzhang/workflow/catalog_lof/run_all/data/GCST90082423_buildGRCh38_M1_001_ensg_beta_se.csv
FG00503	GCST90082454	/gpfs/chencao/qinminzhang/workflow/ldsc/GWAS/all/FG00503.txt.gz	/gpfs/chencao/qinminzhang/workflow/catalog_lof/run_all/data/GCST90082454_buildGRCh38_M1_001_ensg_beta_se.csv
FG00506	GCST90082457	/gpfs/chencao/qinminzhang/workflow/ldsc/GWAS/all/FG00506.txt.gz	/gpfs/chencao/qinminzhang/workflow/catalog_lof/run_all/data/GCST90082457_buildGRCh38_M1_001_ensg_beta_se.csv
FG00583	GCST90082618	/gpfs/chencao/qinminzhang/workflow/ldsc/GWAS/all/FG00583.txt.gz	/gpfs/chencao/qinminzhang/workflow/catalog_lof/run_all/data/GCST90082618_buildGRCh38_M1_001_ensg_beta_se.csv
FG00540	GCST90082541	/gpfs/chencao/qinminzhang/workflow/ldsc/GWAS/all/FG00540.txt.gz	/gpfs/chencao/qinminzhang/workflow/catalog_lof/run_all/data/GCST90082541_buildGRCh38_M1_001_ensg_beta_se.csv
GCST90078732	GCST90082718	/gpfs/chencao/qinminzhang/workflow/ldsc/GWAS/all/GCST90078732.txt.gz	/gpfs/chencao/qinminzhang/workflow/catalog_lof/run_all/data/GCST90082718_buildGRCh38_M1_001_ensg_beta_se.csv
GCST90079405	GCST90083391	/gpfs/chencao/qinminzhang/workflow/ldsc/GWAS/all/GCST90079405.txt.gz	/gpfs/chencao/qinminzhang/workflow/catalog_lof/run_all/data/GCST90083391_buildGRCh38_M1_001_ensg_beta_se.csv
FG00483	GCST90082426	/gpfs/chencao/qinminzhang/workflow/ldsc/GWAS/all/FG00483.txt.gz	/gpfs/chencao/qinminzhang/workflow/catalog_lof/run_all/data/GCST90082426_buildGRCh38_M1_001_ensg_beta_se.csv
FG00499	GCST90082451	/gpfs/chencao/qinminzhang/workflow/ldsc/GWAS/all/FG00499.txt.gz	/gpfs/chencao/qinminzhang/workflow/catalog_lof/run_all/data/GCST90082451_buildGRCh38_M1_001_ensg_beta_se.csv
FG00505	GCST90082456	/gpfs/chencao/qinminzhang/workflow/ldsc/GWAS/all/FG00505.txt.gz	/gpfs/chencao/qinminzhang/workflow/catalog_lof/run_all/data/GCST90082456_buildGRCh38_M1_001_ensg_beta_se.csv
MR00525	GCST90083057	/gpfs/chencao/qinminzhang/workflow/ldsc/GWAS/all/MR00525.txt.gz	/gpfs/chencao/qinminzhang/workflow/catalog_lof/run_all/data/GCST90083057_buildGRCh38_M1_001_ensg_beta_se.csv
FG00480	GCST90082424	/gpfs/chencao/qinminzhang/workflow/ldsc/GWAS/all/FG00480.txt.gz	/gpfs/chencao/qinminzhang/workflow/catalog_lof/run_all/data/GCST90082424_buildGRCh38_M1_001_ensg_beta_se.csv
PE01646	GCST90082628	/gpfs/chencao/qinminzhang/workflow/ldsc/GWAS/all/PE01646.txt.gz	/gpfs/chencao/qinminzhang/workflow/catalog_lof/run_all/data/GCST90082628_buildGRCh38_M1_001_ensg_beta_se.csv
GCST90078695	GCST90082681	/gpfs/chencao/qinminzhang/workflow/ldsc/GWAS/all/GCST90078695.txt.gz	/gpfs/chencao/qinminzhang/workflow/catalog_lof/run_all/data/GCST90082681_buildGRCh38_M1_001_ensg_beta_se.csv
GCST90079360	GCST90083346	/gpfs/chencao/qinminzhang/workflow/ldsc/GWAS/all/GCST90079360.txt.gz	/gpfs/chencao/qinminzhang/workflow/catalog_lof/run_all/data/GCST90083346_buildGRCh38_M1_001_ensg_beta_se.csv
FG00502	GCST90082453	/gpfs/chencao/qinminzhang/workflow/ldsc/GWAS/all/FG00502.txt.gz	/gpfs/chencao/qinminzhang/workflow/catalog_lof/run_all/data/GCST90082453_buildGRCh38_M1_001_ensg_beta_se.csv
MR36064	GCST90082669	/gpfs/chencao/qinminzhang/workflow/ldsc/GWAS/all/MR36064.txt.gz	/gpfs/chencao/qinminzhang/workflow/catalog_lof/run_all/data/GCST90082669_buildGRCh38_M1_001_ensg_beta_se.csv
GCST90078831	GCST90082817	/gpfs/chencao/qinminzhang/workflow/ldsc/GWAS/all/GCST90078831.txt.gz	/gpfs/chencao/qinminzhang/workflow/catalog_lof/run_all/data/GCST90082817_buildGRCh38_M1_001_ensg_beta_se.csv
GCST90078890	GCST90082876	/gpfs/chencao/qinminzhang/workflow/ldsc/GWAS/all/GCST90078890.txt.gz	/gpfs/chencao/qinminzhang/workflow/catalog_lof/run_all/data/GCST90082876_buildGRCh38_M1_001_ensg_beta_se.csv
MR19923	GCST90083053	/gpfs/chencao/qinminzhang/workflow/ldsc/GWAS/all/MR19923.txt.gz	/gpfs/chencao/qinminzhang/workflow/catalog_lof/run_all/data/GCST90083053_buildGRCh38_M1_001_ensg_beta_se.csv
FG03868	GCST90082492	/gpfs/chencao/qinminzhang/workflow/ldsc/GWAS/all/FG03868.txt.gz	/gpfs/chencao/qinminzhang/workflow/catalog_lof/run_all/data/GCST90082492_buildGRCh38_M1_001_ensg_beta_se.csv
GCST90078867	GCST90082853	/gpfs/chencao/qinminzhang/workflow/ldsc/GWAS/all/GCST90078867.txt.gz	/gpfs/chencao/qinminzhang/workflow/catalog_lof/run_all/data/GCST90082853_buildGRCh38_M1_001_ensg_beta_se.csv
MR19039	GCST90083340	/gpfs/chencao/qinminzhang/workflow/ldsc/GWAS/all/MR19039.txt.gz	/gpfs/chencao/qinminzhang/workflow/catalog_lof/run_all/data/GCST90083340_buildGRCh38_M1_001_ensg_beta_se.csv
FG00484	GCST90082427	/gpfs/chencao/qinminzhang/workflow/ldsc/GWAS/all/FG00484.txt.gz	/gpfs/chencao/qinminzhang/workflow/catalog_lof/run_all/data/GCST90082427_buildGRCh38_M1_001_ensg_beta_se.csv
MR05980	GCST90083199	/gpfs/chencao/qinminzhang/workflow/ldsc/GWAS/all/MR05980.txt.gz	/gpfs/chencao/qinminzhang/workflow/catalog_lof/run_all/data/GCST90083199_buildGRCh38_M1_001_ensg_beta_se.csv
FG00532	GCST90082520	/gpfs/chencao/qinminzhang/workflow/ldsc/GWAS/all/FG00532.txt.gz	/gpfs/chencao/qinminzhang/workflow/catalog_lof/run_all/data/GCST90082520_buildGRCh38_M1_001_ensg_beta_se.csv
PA00764	GCST90083445	/gpfs/chencao/qinminzhang/workflow/ldsc/GWAS/all/PA00764.txt.gz	/gpfs/chencao/qinminzhang/workflow/catalog_lof/run_all/data/GCST90083445_buildGRCh38_M1_001_ensg_beta_se.csv
FG00493	GCST90082436	/gpfs/chencao/qinminzhang/workflow/ldsc/GWAS/all/FG00493.txt.gz	/gpfs/chencao/qinminzhang/workflow/catalog_lof/run_all/data/GCST90082436_buildGRCh38_M1_001_ensg_beta_se.csv
FG03895	GCST90082494	/gpfs/chencao/qinminzhang/workflow/ldsc/GWAS/all/FG03895.txt.gz	/gpfs/chencao/qinminzhang/workflow/catalog_lof/run_all/data/GCST90082494_buildGRCh38_M1_001_ensg_beta_se.csv
PE01635	GCST90082604	/gpfs/chencao/qinminzhang/workflow/ldsc/GWAS/all/PE01635.txt.gz	/gpfs/chencao/qinminzhang/workflow/catalog_lof/run_all/data/GCST90082604_buildGRCh38_M1_001_ensg_beta_se.csv
FG00580	GCST90082612	/gpfs/chencao/qinminzhang/workflow/ldsc/GWAS/all/FG00580.txt.gz	/gpfs/chencao/qinminzhang/workflow/catalog_lof/run_all/data/GCST90082612_buildGRCh38_M1_001_ensg_beta_se.csv
GCST90078696	GCST90082682	/gpfs/chencao/qinminzhang/workflow/ldsc/GWAS/all/GCST90078696.txt.gz	/gpfs/chencao/qinminzhang/workflow/catalog_lof/run_all/data/GCST90082682_buildGRCh38_M1_001_ensg_beta_se.csv
FG00582	GCST90082617	/gpfs/chencao/qinminzhang/workflow/ldsc/GWAS/all/FG00582.txt.gz	/gpfs/chencao/qinminzhang/workflow/catalog_lof/run_all/data/GCST90082617_buildGRCh38_M1_001_ensg_beta_se.csv
FG03400	GCST90082466	/gpfs/chencao/qinminzhang/workflow/ldsc/GWAS/all/FG03400.txt.gz	/gpfs/chencao/qinminzhang/workflow/catalog_lof/run_all/data/GCST90082466_buildGRCh38_M1_001_ensg_beta_se.csv
GCST90078838	GCST90082824	/gpfs/chencao/qinminzhang/workflow/ldsc/GWAS/all/GCST90078838.txt.gz	/gpfs/chencao/qinminzhang/workflow/catalog_lof/run_all/data/GCST90082824_buildGRCh38_M1_001_ensg_beta_se.csv
MR07441	GCST90083201	/gpfs/chencao/qinminzhang/workflow/ldsc/GWAS/all/MR07441.txt.gz	/gpfs/chencao/qinminzhang/workflow/catalog_lof/run_all/data/GCST90083201_buildGRCh38_M1_001_ensg_beta_se.csv
PE01597	GCST90082434	/gpfs/chencao/qinminzhang/workflow/ldsc/GWAS/all/PE01597.txt.gz	/gpfs/chencao/qinminzhang/workflow/catalog_lof/run_all/data/GCST90082434_buildGRCh38_M1_001_ensg_beta_se.csv
MR24945	GCST90082836	/gpfs/chencao/qinminzhang/workflow/ldsc/GWAS/all/MR24945.txt.gz	/gpfs/chencao/qinminzhang/workflow/catalog_lof/run_all/data/GCST90082836_buildGRCh38_M1_001_ensg_beta_se.csv
GCST90078891	GCST90082877	/gpfs/chencao/qinminzhang/workflow/ldsc/GWAS/all/GCST90078891.txt.gz	/gpfs/chencao/qinminzhang/workflow/catalog_lof/run_all/data/GCST90082877_buildGRCh38_M1_001_ensg_beta_se.csv
GCST90078892	GCST90082878	/gpfs/chencao/qinminzhang/workflow/ldsc/GWAS/all/GCST90078892.txt.gz	/gpfs/chencao/qinminzhang/workflow/catalog_lof/run_all/data/GCST90082878_buildGRCh38_M1_001_ensg_beta_se.csv
MR02557	GCST90082920	/gpfs/chencao/qinminzhang/workflow/ldsc/GWAS/all/MR02557.txt.gz	/gpfs/chencao/qinminzhang/workflow/catalog_lof/run_all/data/GCST90082920_buildGRCh38_M1_001_ensg_beta_se.csv
MR30242	GCST90082940	/gpfs/chencao/qinminzhang/workflow/ldsc/GWAS/all/MR30242.txt.gz	/gpfs/chencao/qinminzhang/workflow/catalog_lof/run_all/data/GCST90082940_buildGRCh38_M1_001_ensg_beta_se.csv
PE03500	GCST90083389	/gpfs/chencao/qinminzhang/workflow/ldsc/GWAS/all/PE03500.txt.gz	/gpfs/chencao/qinminzhang/workflow/catalog_lof/run_all/data/GCST90083389_buildGRCh38_M1_001_ensg_beta_se.csv
FG00490	GCST90082433	/gpfs/chencao/qinminzhang/workflow/ldsc/GWAS/all/FG00490.txt.gz	/gpfs/chencao/qinminzhang/workflow/catalog_lof/run_all/data/GCST90082433_buildGRCh38_M1_001_ensg_beta_se.csv
MR05074	GCST90083344	/gpfs/chencao/qinminzhang/workflow/ldsc/GWAS/all/MR05074.txt.gz	/gpfs/chencao/qinminzhang/workflow/catalog_lof/run_all/data/GCST90083344_buildGRCh38_M1_001_ensg_beta_se.csv
FG01976	GCST90083394	/gpfs/chencao/qinminzhang/workflow/ldsc/GWAS/all/FG01976.txt.gz	/gpfs/chencao/qinminzhang/workflow/catalog_lof/run_all/data/GCST90083394_buildGRCh38_M1_001_ensg_beta_se.csv
FG00463	GCST90082382	/gpfs/chencao/qinminzhang/workflow/ldsc/GWAS/all/FG00463.txt.gz	/gpfs/chencao/qinminzhang/workflow/catalog_lof/run_all/data/GCST90082382_buildGRCh38_M1_001_ensg_beta_se.csv
FG00489	GCST90082432	/gpfs/chencao/qinminzhang/workflow/ldsc/GWAS/all/FG00489.txt.gz	/gpfs/chencao/qinminzhang/workflow/catalog_lof/run_all/data/GCST90082432_buildGRCh38_M1_001_ensg_beta_se.csv
GCST90078937	GCST90082923	/gpfs/chencao/qinminzhang/workflow/ldsc/GWAS/all/GCST90078937.txt.gz	/gpfs/chencao/qinminzhang/workflow/catalog_lof/run_all/data/GCST90082923_buildGRCh38_M1_001_ensg_beta_se.csv
GCST90078753	GCST90082739	/gpfs/chencao/qinminzhang/workflow/ldsc/GWAS/all/GCST90078753.txt.gz	/gpfs/chencao/qinminzhang/workflow/catalog_lof/run_all/data/GCST90082739_buildGRCh38_M1_001_ensg_beta_se.csv
MR32433	GCST90082941	/gpfs/chencao/qinminzhang/workflow/ldsc/GWAS/all/MR32433.txt.gz	/gpfs/chencao/qinminzhang/workflow/catalog_lof/run_all/data/GCST90082941_buildGRCh38_M1_001_ensg_beta_se.csv
FG00495	GCST90082441	/gpfs/chencao/qinminzhang/workflow/ldsc/GWAS/all/FG00495.txt.gz	/gpfs/chencao/qinminzhang/workflow/catalog_lof/run_all/data/GCST90082441_buildGRCh38_M1_001_ensg_beta_se.csv
FG00501	GCST90082452	/gpfs/chencao/qinminzhang/workflow/ldsc/GWAS/all/FG00501.txt.gz	/gpfs/chencao/qinminzhang/workflow/catalog_lof/run_all/data/GCST90082452_buildGRCh38_M1_001_ensg_beta_se.csv
PE01663	GCST90082636	/gpfs/chencao/qinminzhang/workflow/ldsc/GWAS/all/PE01663.txt.gz	/gpfs/chencao/qinminzhang/workflow/catalog_lof/run_all/data/GCST90082636_buildGRCh38_M1_001_ensg_beta_se.csv
GCST90078873	GCST90082859	/gpfs/chencao/qinminzhang/workflow/ldsc/GWAS/all/GCST90078873.txt.gz	/gpfs/chencao/qinminzhang/workflow/catalog_lof/run_all/data/GCST90082859_buildGRCh38_M1_001_ensg_beta_se.csv
MR09987	GCST90083052	/gpfs/chencao/qinminzhang/workflow/ldsc/GWAS/all/MR09987.txt.gz	/gpfs/chencao/qinminzhang/workflow/catalog_lof/run_all/data/GCST90083052_buildGRCh38_M1_001_ensg_beta_se.csv
FG01975	GCST90083393	/gpfs/chencao/qinminzhang/workflow/ldsc/GWAS/all/FG01975.txt.gz	/gpfs/chencao/qinminzhang/workflow/catalog_lof/run_all/data/GCST90083393_buildGRCh38_M1_001_ensg_beta_se.csv
GCST90079352	GCST90083338	/gpfs/chencao/qinminzhang/workflow/ldsc/GWAS/all/GCST90079352.txt.gz	/gpfs/chencao/qinminzhang/workflow/catalog_lof/run_all/data/GCST90083338_buildGRCh38_M1_001_ensg_beta_se.csv
FG01974	GCST90083392	/gpfs/chencao/qinminzhang/workflow/ldsc/GWAS/all/FG01974.txt.gz	/gpfs/chencao/qinminzhang/workflow/catalog_lof/run_all/data/GCST90083392_buildGRCh38_M1_001_ensg_beta_se.csv
FG00486	GCST90082429	/gpfs/chencao/qinminzhang/workflow/ldsc/GWAS/all/FG00486.txt.gz	/gpfs/chencao/qinminzhang/workflow/catalog_lof/run_all/data/GCST90082429_buildGRCh38_M1_001_ensg_beta_se.csv
FG00567	GCST90082597	/gpfs/chencao/qinminzhang/workflow/ldsc/GWAS/all/FG00567.txt.gz	/gpfs/chencao/qinminzhang/workflow/catalog_lof/run_all/data/GCST90082597_buildGRCh38_M1_001_ensg_beta_se.csv
PE01665	GCST90082638	/gpfs/chencao/qinminzhang/workflow/ldsc/GWAS/all/PE01665.txt.gz	/gpfs/chencao/qinminzhang/workflow/catalog_lof/run_all/data/GCST90082638_buildGRCh38_M1_001_ensg_beta_se.csv
GCST90078837	GCST90082823	/gpfs/chencao/qinminzhang/workflow/ldsc/GWAS/all/GCST90078837.txt.gz	/gpfs/chencao/qinminzhang/workflow/catalog_lof/run_all/data/GCST90082823_buildGRCh38_M1_001_ensg_beta_se.csv
MR09315	GCST90083336	/gpfs/chencao/qinminzhang/workflow/ldsc/GWAS/all/MR09315.txt.gz	/gpfs/chencao/qinminzhang/workflow/catalog_lof/run_all/data/GCST90083336_buildGRCh38_M1_001_ensg_beta_se.csv
FG00504	GCST90082455	/gpfs/chencao/qinminzhang/workflow/ldsc/GWAS/all/FG00504.txt.gz	/gpfs/chencao/qinminzhang/workflow/catalog_lof/run_all/data/GCST90082455_buildGRCh38_M1_001_ensg_beta_se.csv
PE01676	GCST90082649	/gpfs/chencao/qinminzhang/workflow/ldsc/GWAS/all/PE01676.txt.gz	/gpfs/chencao/qinminzhang/workflow/catalog_lof/run_all/data/GCST90082649_buildGRCh38_M1_001_ensg_beta_se.csv
GCST90078839	GCST90082825	/gpfs/chencao/qinminzhang/workflow/ldsc/GWAS/all/GCST90078839.txt.gz	/gpfs/chencao/qinminzhang/workflow/catalog_lof/run_all/data/GCST90082825_buildGRCh38_M1_001_ensg_beta_se.csv
PA00638	GCST90081631	/gpfs/chencao/qinminzhang/workflow/ldsc/GWAS/all/PA00638.txt.gz	/gpfs/chencao/qinminzhang/workflow/catalog_lof/run_all/data/GCST90081631_buildGRCh38_M1_001_ensg_beta_se.csv
FG00541	GCST90082542	/gpfs/chencao/qinminzhang/workflow/ldsc/GWAS/all/FG00541.txt.gz	/gpfs/chencao/qinminzhang/workflow/catalog_lof/run_all/data/GCST90082542_buildGRCh38_M1_001_ensg_beta_se.csv
GCST90078402	GCST90082388	/gpfs/chencao/qinminzhang/workflow/ldsc/GWAS/all/GCST90078402.txt.gz	/gpfs/chencao/qinminzhang/workflow/catalog_lof/run_all/data/GCST90082388_buildGRCh38_M1_001_ensg_beta_se.csv
FG00542	GCST90082543	/gpfs/chencao/qinminzhang/workflow/ldsc/GWAS/all/FG00542.txt.gz	/gpfs/chencao/qinminzhang/workflow/catalog_lof/run_all/data/GCST90082543_buildGRCh38_M1_001_ensg_beta_se.csv
PE01571	GCST90082294	/gpfs/chencao/qinminzhang/workflow/ldsc/GWAS/all/PE01571.txt.gz	/gpfs/chencao/qinminzhang/workflow/catalog_lof/run_all/data/GCST90082294_buildGRCh38_M1_001_ensg_beta_se.csv
PE03438	GCST90082326	/gpfs/chencao/qinminzhang/workflow/ldsc/GWAS/all/PE03438.txt.gz	/gpfs/chencao/qinminzhang/workflow/catalog_lof/run_all/data/GCST90082326_buildGRCh38_M1_001_ensg_beta_se.csv
FG00488	GCST90082431	/gpfs/chencao/qinminzhang/workflow/ldsc/GWAS/all/FG00488.txt.gz	/gpfs/chencao/qinminzhang/workflow/catalog_lof/run_all/data/GCST90082431_buildGRCh38_M1_001_ensg_beta_se.csv
FG00525	GCST90082506	/gpfs/chencao/qinminzhang/workflow/ldsc/GWAS/all/FG00525.txt.gz	/gpfs/chencao/qinminzhang/workflow/catalog_lof/run_all/data/GCST90082506_buildGRCh38_M1_001_ensg_beta_se.csv
GCST90078836	GCST90082822	/gpfs/chencao/qinminzhang/workflow/ldsc/GWAS/all/GCST90078836.txt.gz	/gpfs/chencao/qinminzhang/workflow/catalog_lof/run_all/data/GCST90082822_buildGRCh38_M1_001_ensg_beta_se.csv
MR29767	GCST90082970	/gpfs/chencao/qinminzhang/workflow/ldsc/GWAS/all/MR29767.txt.gz	/gpfs/chencao/qinminzhang/workflow/catalog_lof/run_all/data/GCST90082970_buildGRCh38_M1_001_ensg_beta_se.csv
MR07722	GCST90082229	/gpfs/chencao/qinminzhang/workflow/ldsc/GWAS/all/MR07722.txt.gz	/gpfs/chencao/qinminzhang/workflow/catalog_lof/run_all/data/GCST90082229_buildGRCh38_M1_001_ensg_beta_se.csv
MR06835	GCST90082945	/gpfs/chencao/qinminzhang/workflow/ldsc/GWAS/all/MR06835.txt.gz	/gpfs/chencao/qinminzhang/workflow/catalog_lof/run_all/data/GCST90082945_buildGRCh38_M1_001_ensg_beta_se.csv
PE01688	GCST90082652	/gpfs/chencao/qinminzhang/workflow/ldsc/GWAS/all/PE01688.txt.gz	/gpfs/chencao/qinminzhang/workflow/catalog_lof/run_all/data/GCST90082652_buildGRCh38_M1_001_ensg_beta_se.csv
PE01832	GCST90082952	/gpfs/chencao/qinminzhang/workflow/ldsc/GWAS/all/PE01832.txt.gz	/gpfs/chencao/qinminzhang/workflow/catalog_lof/run_all/data/GCST90082952_buildGRCh38_M1_001_ensg_beta_se.csv
MR16325	GCST90082956	/gpfs/chencao/qinminzhang/workflow/ldsc/GWAS/all/MR16325.txt.gz	/gpfs/chencao/qinminzhang/workflow/catalog_lof/run_all/data/GCST90082956_buildGRCh38_M1_001_ensg_beta_se.csv
PE01660	GCST90082633	/gpfs/chencao/qinminzhang/workflow/ldsc/GWAS/all/PE01660.txt.gz	/gpfs/chencao/qinminzhang/workflow/catalog_lof/run_all/data/GCST90082633_buildGRCh38_M1_001_ensg_beta_se.csv
MR41425	GCST90082846	/gpfs/chencao/qinminzhang/workflow/ldsc/GWAS/all/MR41425.txt.gz	/gpfs/chencao/qinminzhang/workflow/catalog_lof/run_all/data/GCST90082846_buildGRCh38_M1_001_ensg_beta_se.csv
MR19528	GCST90082922	/gpfs/chencao/qinminzhang/workflow/ldsc/GWAS/all/MR19528.txt.gz	/gpfs/chencao/qinminzhang/workflow/catalog_lof/run_all/data/GCST90082922_buildGRCh38_M1_001_ensg_beta_se.csv
MR26627	GCST90083197	/gpfs/chencao/qinminzhang/workflow/ldsc/GWAS/all/MR26627.txt.gz	/gpfs/chencao/qinminzhang/workflow/catalog_lof/run_all/data/GCST90083197_buildGRCh38_M1_001_ensg_beta_se.csv
PA00768	GCST90083451	/gpfs/chencao/qinminzhang/workflow/ldsc/GWAS/all/PA00768.txt.gz	/gpfs/chencao/qinminzhang/workflow/catalog_lof/run_all/data/GCST90083451_buildGRCh38_M1_001_ensg_beta_se.csv
PE01840	GCST90083024	/gpfs/chencao/qinminzhang/workflow/ldsc/GWAS/all/PE01840.txt.gz	/gpfs/chencao/qinminzhang/workflow/catalog_lof/run_all/data/GCST90083024_buildGRCh38_M1_001_ensg_beta_se.csv
MR04920	GCST90083339	/gpfs/chencao/qinminzhang/workflow/ldsc/GWAS/all/MR04920.txt.gz	/gpfs/chencao/qinminzhang/workflow/catalog_lof/run_all/data/GCST90083339_buildGRCh38_M1_001_ensg_beta_se.csv
GCST90079144	GCST90083130	/gpfs/chencao/qinminzhang/workflow/ldsc/GWAS/all/GCST90079144.txt.gz	/gpfs/chencao/qinminzhang/workflow/catalog_lof/run_all/data/GCST90083130_buildGRCh38_M1_001_ensg_beta_se.csv
GCST90078431	GCST90082417	/gpfs/chencao/qinminzhang/workflow/ldsc/GWAS/all/GCST90078431.txt.gz	/gpfs/chencao/qinminzhang/workflow/catalog_lof/run_all/data/GCST90082417_buildGRCh38_M1_001_ensg_beta_se.csv
PE01673	GCST90082646	/gpfs/chencao/qinminzhang/workflow/ldsc/GWAS/all/PE01673.txt.gz	/gpfs/chencao/qinminzhang/workflow/catalog_lof/run_all/data/GCST90082646_buildGRCh38_M1_001_ensg_beta_se.csv
GCST90078868	GCST90082854	/gpfs/chencao/qinminzhang/workflow/ldsc/GWAS/all/GCST90078868.txt.gz	/gpfs/chencao/qinminzhang/workflow/catalog_lof/run_all/data/GCST90082854_buildGRCh38_M1_001_ensg_beta_se.csv
GCST90078956	GCST90082942	/gpfs/chencao/qinminzhang/workflow/ldsc/GWAS/all/GCST90078956.txt.gz	/gpfs/chencao/qinminzhang/workflow/catalog_lof/run_all/data/GCST90082942_buildGRCh38_M1_001_ensg_beta_se.csv
PE03435	GCST90082316	/gpfs/chencao/qinminzhang/workflow/ldsc/GWAS/all/PE03435.txt.gz	/gpfs/chencao/qinminzhang/workflow/catalog_lof/run_all/data/GCST90082316_buildGRCh38_M1_001_ensg_beta_se.csv
FG00515	GCST90082488	/gpfs/chencao/qinminzhang/workflow/ldsc/GWAS/all/FG00515.txt.gz	/gpfs/chencao/qinminzhang/workflow/catalog_lof/run_all/data/GCST90082488_buildGRCh38_M1_001_ensg_beta_se.csv
FG00517	GCST90082493	/gpfs/chencao/qinminzhang/workflow/ldsc/GWAS/all/FG00517.txt.gz	/gpfs/chencao/qinminzhang/workflow/catalog_lof/run_all/data/GCST90082493_buildGRCh38_M1_001_ensg_beta_se.csv
PE01733	GCST90082857	/gpfs/chencao/qinminzhang/workflow/ldsc/GWAS/all/PE01733.txt.gz	/gpfs/chencao/qinminzhang/workflow/catalog_lof/run_all/data/GCST90082857_buildGRCh38_M1_001_ensg_beta_se.csv
MR03025	GCST90083200	/gpfs/chencao/qinminzhang/workflow/ldsc/GWAS/all/MR03025.txt.gz	/gpfs/chencao/qinminzhang/workflow/catalog_lof/run_all/data/GCST90083200_buildGRCh38_M1_001_ensg_beta_se.csv
PA00753	GCST90083422	/gpfs/chencao/qinminzhang/workflow/ldsc/GWAS/all/PA00753.txt.gz	/gpfs/chencao/qinminzhang/workflow/catalog_lof/run_all/data/GCST90083422_buildGRCh38_M1_001_ensg_beta_se.csv
PE03439	GCST90082331	/gpfs/chencao/qinminzhang/workflow/ldsc/GWAS/all/PE03439.txt.gz	/gpfs/chencao/qinminzhang/workflow/catalog_lof/run_all/data/GCST90082331_buildGRCh38_M1_001_ensg_beta_se.csv
MR26822	GCST90082950	/gpfs/chencao/qinminzhang/workflow/ldsc/GWAS/all/MR26822.txt.gz	/gpfs/chencao/qinminzhang/workflow/catalog_lof/run_all/data/GCST90082950_buildGRCh38_M1_001_ensg_beta_se.csv
GCST90079073	GCST90083059	/gpfs/chencao/qinminzhang/workflow/ldsc/GWAS/all/GCST90079073.txt.gz	/gpfs/chencao/qinminzhang/workflow/catalog_lof/run_all/data/GCST90083059_buildGRCh38_M1_001_ensg_beta_se.csv
PE01866	GCST90083061	/gpfs/chencao/qinminzhang/workflow/ldsc/GWAS/all/PE01866.txt.gz	/gpfs/chencao/qinminzhang/workflow/catalog_lof/run_all/data/GCST90083061_buildGRCh38_M1_001_ensg_beta_se.csv
PE01867	GCST90083062	/gpfs/chencao/qinminzhang/workflow/ldsc/GWAS/all/PE01867.txt.gz	/gpfs/chencao/qinminzhang/workflow/catalog_lof/run_all/data/GCST90083062_buildGRCh38_M1_001_ensg_beta_se.csv
GCST90079420	GCST90083406	/gpfs/chencao/qinminzhang/workflow/ldsc/GWAS/all/GCST90079420.txt.gz	/gpfs/chencao/qinminzhang/workflow/catalog_lof/run_all/data/GCST90083406_buildGRCh38_M1_001_ensg_beta_se.csv
MR03235	GCST90081607	/gpfs/chencao/qinminzhang/workflow/ldsc/GWAS/all/MR03235.txt.gz	/gpfs/chencao/qinminzhang/workflow/catalog_lof/run_all/data/GCST90081607_buildGRCh38_M1_001_ensg_beta_se.csv
PE03434	GCST90082313	/gpfs/chencao/qinminzhang/workflow/ldsc/GWAS/all/PE03434.txt.gz	/gpfs/chencao/qinminzhang/workflow/catalog_lof/run_all/data/GCST90082313_buildGRCh38_M1_001_ensg_beta_se.csv
PE03437	GCST90082321	/gpfs/chencao/qinminzhang/workflow/ldsc/GWAS/all/PE03437.txt.gz	/gpfs/chencao/qinminzhang/workflow/catalog_lof/run_all/data/GCST90082321_buildGRCh38_M1_001_ensg_beta_se.csv
PA00738	GCST90082344	/gpfs/chencao/qinminzhang/workflow/ldsc/GWAS/all/PA00738.txt.gz	/gpfs/chencao/qinminzhang/workflow/catalog_lof/run_all/data/GCST90082344_buildGRCh38_M1_001_ensg_beta_se.csv
GCST90691681	GCST90082345	/gpfs/chencao/qinminzhang/workflow/ldsc/GWAS/all/GCST90691681.txt.gz	/gpfs/chencao/qinminzhang/workflow/catalog_lof/run_all/data/GCST90082345_buildGRCh38_M1_001_ensg_beta_se.csv
GCST90078830	GCST90082816	/gpfs/chencao/qinminzhang/workflow/ldsc/GWAS/all/GCST90078830.txt.gz	/gpfs/chencao/qinminzhang/workflow/catalog_lof/run_all/data/GCST90082816_buildGRCh38_M1_001_ensg_beta_se.csv
GCST90079055	GCST90083041	/gpfs/chencao/qinminzhang/workflow/ldsc/GWAS/all/GCST90079055.txt.gz	/gpfs/chencao/qinminzhang/workflow/catalog_lof/run_all/data/GCST90083041_buildGRCh38_M1_001_ensg_beta_se.csv
FG01893	GCST90083128	/gpfs/chencao/qinminzhang/workflow/ldsc/GWAS/all/FG01893.txt.gz	/gpfs/chencao/qinminzhang/workflow/catalog_lof/run_all/data/GCST90083128_buildGRCh38_M1_001_ensg_beta_se.csv
PE03457	GCST90083327	/gpfs/chencao/qinminzhang/workflow/ldsc/GWAS/all/PE03457.txt.gz	/gpfs/chencao/qinminzhang/workflow/catalog_lof/run_all/data/GCST90083327_buildGRCh38_M1_001_ensg_beta_se.csv
PE03509	GCST90083395	/gpfs/chencao/qinminzhang/workflow/ldsc/GWAS/all/PE03509.txt.gz	/gpfs/chencao/qinminzhang/workflow/catalog_lof/run_all/data/GCST90083395_buildGRCh38_M1_001_ensg_beta_se.csv
GCST90079487	GCST90083473	/gpfs/chencao/qinminzhang/workflow/ldsc/GWAS/all/GCST90079487.txt.gz	/gpfs/chencao/qinminzhang/workflow/catalog_lof/run_all/data/GCST90083473_buildGRCh38_M1_001_ensg_beta_se.csv
MR26304	GCST90081598	/gpfs/chencao/qinminzhang/workflow/ldsc/GWAS/all/MR26304.txt.gz	/gpfs/chencao/qinminzhang/workflow/catalog_lof/run_all/data/GCST90081598_buildGRCh38_M1_001_ensg_beta_se.csv
MR37869	GCST90081610	/gpfs/chencao/qinminzhang/workflow/ldsc/GWAS/all/MR37869.txt.gz	/gpfs/chencao/qinminzhang/workflow/catalog_lof/run_all/data/GCST90081610_buildGRCh38_M1_001_ensg_beta_se.csv
FG00468	GCST90082391	/gpfs/chencao/qinminzhang/workflow/ldsc/GWAS/all/FG00468.txt.gz	/gpfs/chencao/qinminzhang/workflow/catalog_lof/run_all/data/GCST90082391_buildGRCh38_M1_001_ensg_beta_se.csv
FG00521	GCST90082499	/gpfs/chencao/qinminzhang/workflow/ldsc/GWAS/all/FG00521.txt.gz	/gpfs/chencao/qinminzhang/workflow/catalog_lof/run_all/data/GCST90082499_buildGRCh38_M1_001_ensg_beta_se.csv
MR22687	GCST90082921	/gpfs/chencao/qinminzhang/workflow/ldsc/GWAS/all/MR22687.txt.gz	/gpfs/chencao/qinminzhang/workflow/catalog_lof/run_all/data/GCST90082921_buildGRCh38_M1_001_ensg_beta_se.csv
PE01570	GCST90082292	/gpfs/chencao/qinminzhang/workflow/ldsc/GWAS/all/PE01570.txt.gz	/gpfs/chencao/qinminzhang/workflow/catalog_lof/run_all/data/GCST90082292_buildGRCh38_M1_001_ensg_beta_se.csv
MR19666	GCST90083337	/gpfs/chencao/qinminzhang/workflow/ldsc/GWAS/all/MR19666.txt.gz	/gpfs/chencao/qinminzhang/workflow/catalog_lof/run_all/data/GCST90083337_buildGRCh38_M1_001_ensg_beta_se.csv
PA00686	GCST90082289	/gpfs/chencao/qinminzhang/workflow/ldsc/GWAS/all/PA00686.txt.gz	/gpfs/chencao/qinminzhang/workflow/catalog_lof/run_all/data/GCST90082289_buildGRCh38_M1_001_ensg_beta_se.csv
PE03436	GCST90082318	/gpfs/chencao/qinminzhang/workflow/ldsc/GWAS/all/PE03436.txt.gz	/gpfs/chencao/qinminzhang/workflow/catalog_lof/run_all/data/GCST90082318_buildGRCh38_M1_001_ensg_beta_se.csv
GCST90691678	GCST90082319	/gpfs/chencao/qinminzhang/workflow/ldsc/GWAS/all/GCST90691678.txt.gz	/gpfs/chencao/qinminzhang/workflow/catalog_lof/run_all/data/GCST90082319_buildGRCh38_M1_001_ensg_beta_se.csv
PE03441	GCST90082339	/gpfs/chencao/qinminzhang/workflow/ldsc/GWAS/all/PE03441.txt.gz	/gpfs/chencao/qinminzhang/workflow/catalog_lof/run_all/data/GCST90082339_buildGRCh38_M1_001_ensg_beta_se.csv
GCST90691680	GCST90082340	/gpfs/chencao/qinminzhang/workflow/ldsc/GWAS/all/GCST90691680.txt.gz	/gpfs/chencao/qinminzhang/workflow/catalog_lof/run_all/data/GCST90082340_buildGRCh38_M1_001_ensg_beta_se.csv
FG00523	GCST90082503	/gpfs/chencao/qinminzhang/workflow/ldsc/GWAS/all/FG00523.txt.gz	/gpfs/chencao/qinminzhang/workflow/catalog_lof/run_all/data/GCST90082503_buildGRCh38_M1_001_ensg_beta_se.csv
FG00572	GCST90082601	/gpfs/chencao/qinminzhang/workflow/ldsc/GWAS/all/FG00572.txt.gz	/gpfs/chencao/qinminzhang/workflow/catalog_lof/run_all/data/GCST90082601_buildGRCh38_M1_001_ensg_beta_se.csv
MR30324	GCST90083055	/gpfs/chencao/qinminzhang/workflow/ldsc/GWAS/all/MR30324.txt.gz	/gpfs/chencao/qinminzhang/workflow/catalog_lof/run_all/data/GCST90083055_buildGRCh38_M1_001_ensg_beta_se.csv
PE03583	GCST90083416	/gpfs/chencao/qinminzhang/workflow/ldsc/GWAS/all/PE03583.txt.gz	/gpfs/chencao/qinminzhang/workflow/catalog_lof/run_all/data/GCST90083416_buildGRCh38_M1_001_ensg_beta_se.csv
PA00680	GCST90082274	/gpfs/chencao/qinminzhang/workflow/ldsc/GWAS/all/PA00680.txt.gz	/gpfs/chencao/qinminzhang/workflow/catalog_lof/run_all/data/GCST90082274_buildGRCh38_M1_001_ensg_beta_se.csv
FG00571	GCST90082600	/gpfs/chencao/qinminzhang/workflow/ldsc/GWAS/all/FG00571.txt.gz	/gpfs/chencao/qinminzhang/workflow/catalog_lof/run_all/data/GCST90082600_buildGRCh38_M1_001_ensg_beta_se.csv
GCST90078829	GCST90082815	/gpfs/chencao/qinminzhang/workflow/ldsc/GWAS/all/GCST90078829.txt.gz	/gpfs/chencao/qinminzhang/workflow/catalog_lof/run_all/data/GCST90082815_buildGRCh38_M1_001_ensg_beta_se.csv
PE03418	GCST90083161	/gpfs/chencao/qinminzhang/workflow/ldsc/GWAS/all/PE03418.txt.gz	/gpfs/chencao/qinminzhang/workflow/catalog_lof/run_all/data/GCST90083161_buildGRCh38_M1_001_ensg_beta_se.csv
GCST90079324	GCST90083310	/gpfs/chencao/qinminzhang/workflow/ldsc/GWAS/all/GCST90079324.txt.gz	/gpfs/chencao/qinminzhang/workflow/catalog_lof/run_all/data/GCST90083310_buildGRCh38_M1_001_ensg_beta_se.csv
MR38772	GCST90082358	/gpfs/chencao/qinminzhang/workflow/ldsc/GWAS/all/MR38772.txt.gz	/gpfs/chencao/qinminzhang/workflow/catalog_lof/run_all/data/GCST90082358_buildGRCh38_M1_001_ensg_beta_se.csv
PE01805	GCST90082930	/gpfs/chencao/qinminzhang/workflow/ldsc/GWAS/all/PE01805.txt.gz	/gpfs/chencao/qinminzhang/workflow/catalog_lof/run_all/data/GCST90082930_buildGRCh38_M1_001_ensg_beta_se.csv
MR24496	GCST90082934	/gpfs/chencao/qinminzhang/workflow/ldsc/GWAS/all/MR24496.txt.gz	/gpfs/chencao/qinminzhang/workflow/catalog_lof/run_all/data/GCST90082934_buildGRCh38_M1_001_ensg_beta_se.csv
GCST90079147	GCST90083133	/gpfs/chencao/qinminzhang/workflow/ldsc/GWAS/all/GCST90079147.txt.gz	/gpfs/chencao/qinminzhang/workflow/catalog_lof/run_all/data/GCST90083133_buildGRCh38_M1_001_ensg_beta_se.csv
MR12225	GCST90081611	/gpfs/chencao/qinminzhang/workflow/ldsc/GWAS/all/MR12225.txt.gz	/gpfs/chencao/qinminzhang/workflow/catalog_lof/run_all/data/GCST90081611_buildGRCh38_M1_001_ensg_beta_se.csv
PA00672	GCST90082243	/gpfs/chencao/qinminzhang/workflow/ldsc/GWAS/all/PA00672.txt.gz	/gpfs/chencao/qinminzhang/workflow/catalog_lof/run_all/data/GCST90082243_buildGRCh38_M1_001_ensg_beta_se.csv
PE01455	GCST90082255	/gpfs/chencao/qinminzhang/workflow/ldsc/GWAS/all/PE01455.txt.gz	/gpfs/chencao/qinminzhang/workflow/catalog_lof/run_all/data/GCST90082255_buildGRCh38_M1_001_ensg_beta_se.csv
GD00370	GCST90082889	/gpfs/chencao/qinminzhang/workflow/ldsc/GWAS/all/GD00370.txt.gz	/gpfs/chencao/qinminzhang/workflow/catalog_lof/run_all/data/GCST90082889_buildGRCh38_M1_001_ensg_beta_se.csv
GCST90079218	GCST90083204	/gpfs/chencao/qinminzhang/workflow/ldsc/GWAS/all/GCST90079218.txt.gz	/gpfs/chencao/qinminzhang/workflow/catalog_lof/run_all/data/GCST90083204_buildGRCh38_M1_001_ensg_beta_se.csv
MR34268	GCST90081599	/gpfs/chencao/qinminzhang/workflow/ldsc/GWAS/all/MR34268.txt.gz	/gpfs/chencao/qinminzhang/workflow/catalog_lof/run_all/data/GCST90081599_buildGRCh38_M1_001_ensg_beta_se.csv
MR15286	GCST90081601	/gpfs/chencao/qinminzhang/workflow/ldsc/GWAS/all/MR15286.txt.gz	/gpfs/chencao/qinminzhang/workflow/catalog_lof/run_all/data/GCST90081601_buildGRCh38_M1_001_ensg_beta_se.csv
MR30749	GCST90082254	/gpfs/chencao/qinminzhang/workflow/ldsc/GWAS/all/MR30749.txt.gz	/gpfs/chencao/qinminzhang/workflow/catalog_lof/run_all/data/GCST90082254_buildGRCh38_M1_001_ensg_beta_se.csv
MR08768	GCST90082856	/gpfs/chencao/qinminzhang/workflow/ldsc/GWAS/all/MR08768.txt.gz	/gpfs/chencao/qinminzhang/workflow/catalog_lof/run_all/data/GCST90082856_buildGRCh38_M1_001_ensg_beta_se.csv
MR39037	GCST90082858	/gpfs/chencao/qinminzhang/workflow/ldsc/GWAS/all/MR39037.txt.gz	/gpfs/chencao/qinminzhang/workflow/catalog_lof/run_all/data/GCST90082858_buildGRCh38_M1_001_ensg_beta_se.csv
FG00573	GCST90082602	/gpfs/chencao/qinminzhang/workflow/ldsc/GWAS/all/FG00573.txt.gz	/gpfs/chencao/qinminzhang/workflow/catalog_lof/run_all/data/GCST90082602_buildGRCh38_M1_001_ensg_beta_se.csv
GCST90078828	GCST90082814	/gpfs/chencao/qinminzhang/workflow/ldsc/GWAS/all/GCST90078828.txt.gz	/gpfs/chencao/qinminzhang/workflow/catalog_lof/run_all/data/GCST90082814_buildGRCh38_M1_001_ensg_beta_se.csv
PE03412	GCST90083156	/gpfs/chencao/qinminzhang/workflow/ldsc/GWAS/all/PE03412.txt.gz	/gpfs/chencao/qinminzhang/workflow/catalog_lof/run_all/data/GCST90083156_buildGRCh38_M1_001_ensg_beta_se.csv
MR15975	GCST90081545	/gpfs/chencao/qinminzhang/workflow/ldsc/GWAS/all/MR15975.txt.gz	/gpfs/chencao/qinminzhang/workflow/catalog_lof/run_all/data/GCST90081545_buildGRCh38_M1_001_ensg_beta_se.csv
MR39498	GCST90081609	/gpfs/chencao/qinminzhang/workflow/ldsc/GWAS/all/MR39498.txt.gz	/gpfs/chencao/qinminzhang/workflow/catalog_lof/run_all/data/GCST90081609_buildGRCh38_M1_001_ensg_beta_se.csv
FG00520	GCST90082498	/gpfs/chencao/qinminzhang/workflow/ldsc/GWAS/all/FG00520.txt.gz	/gpfs/chencao/qinminzhang/workflow/catalog_lof/run_all/data/GCST90082498_buildGRCh38_M1_001_ensg_beta_se.csv
FG00574	GCST90082603	/gpfs/chencao/qinminzhang/workflow/ldsc/GWAS/all/FG00574.txt.gz	/gpfs/chencao/qinminzhang/workflow/catalog_lof/run_all/data/GCST90082603_buildGRCh38_M1_001_ensg_beta_se.csv
GCST90079053	GCST90083039	/gpfs/chencao/qinminzhang/workflow/ldsc/GWAS/all/GCST90079053.txt.gz	/gpfs/chencao/qinminzhang/workflow/catalog_lof/run_all/data/GCST90083039_buildGRCh38_M1_001_ensg_beta_se.csv
MR03912	GCST90081543	/gpfs/chencao/qinminzhang/workflow/ldsc/GWAS/all/MR03912.txt.gz	/gpfs/chencao/qinminzhang/workflow/catalog_lof/run_all/data/GCST90081543_buildGRCh38_M1_001_ensg_beta_se.csv
MR28230	GCST90081608	/gpfs/chencao/qinminzhang/workflow/ldsc/GWAS/all/MR28230.txt.gz	/gpfs/chencao/qinminzhang/workflow/catalog_lof/run_all/data/GCST90081608_buildGRCh38_M1_001_ensg_beta_se.csv
MR27691	GCST90082381	/gpfs/chencao/qinminzhang/workflow/ldsc/GWAS/all/MR27691.txt.gz	/gpfs/chencao/qinminzhang/workflow/catalog_lof/run_all/data/GCST90082381_buildGRCh38_M1_001_ensg_beta_se.csv
PE03415	GCST90083158	/gpfs/chencao/qinminzhang/workflow/ldsc/GWAS/all/PE03415.txt.gz	/gpfs/chencao/qinminzhang/workflow/catalog_lof/run_all/data/GCST90083158_buildGRCh38_M1_001_ensg_beta_se.csv
PA00683	GCST90082286	/gpfs/chencao/qinminzhang/workflow/ldsc/GWAS/all/PA00683.txt.gz	/gpfs/chencao/qinminzhang/workflow/catalog_lof/run_all/data/GCST90082286_buildGRCh38_M1_001_ensg_beta_se.csv
MR29905	GCST90081605	/gpfs/chencao/qinminzhang/workflow/ldsc/GWAS/all/MR29905.txt.gz	/gpfs/chencao/qinminzhang/workflow/catalog_lof/run_all/data/GCST90081605_buildGRCh38_M1_001_ensg_beta_se.csv
MR06840	GCST90081544	/gpfs/chencao/qinminzhang/workflow/ldsc/GWAS/all/MR06840.txt.gz	/gpfs/chencao/qinminzhang/workflow/catalog_lof/run_all/data/GCST90081544_buildGRCh38_M1_001_ensg_beta_se.csv
MR15410	GCST90081606	/gpfs/chencao/qinminzhang/workflow/ldsc/GWAS/all/MR15410.txt.gz	/gpfs/chencao/qinminzhang/workflow/catalog_lof/run_all/data/GCST90081606_buildGRCh38_M1_001_ensg_beta_se.csv
MR05256	GCST90081604	/gpfs/chencao/qinminzhang/workflow/ldsc/GWAS/all/MR05256.txt.gz	/gpfs/chencao/qinminzhang/workflow/catalog_lof/run_all/data/GCST90081604_buildGRCh38_M1_001_ensg_beta_se.csv
MR36841	GCST90082310	/gpfs/chencao/qinminzhang/workflow/ldsc/GWAS/all/MR36841.txt.gz	/gpfs/chencao/qinminzhang/workflow/catalog_lof/run_all/data/GCST90082310_buildGRCh38_M1_001_ensg_beta_se.csv
PE03440	GCST90082336	/gpfs/chencao/qinminzhang/workflow/ldsc/GWAS/all/PE03440.txt.gz	/gpfs/chencao/qinminzhang/workflow/catalog_lof/run_all/data/GCST90082336_buildGRCh38_M1_001_ensg_beta_se.csv
GCST90691679	GCST90082337	/gpfs/chencao/qinminzhang/workflow/ldsc/GWAS/all/GCST90691679.txt.gz	/gpfs/chencao/qinminzhang/workflow/catalog_lof/run_all/data/GCST90082337_buildGRCh38_M1_001_ensg_beta_se.csv
MR02706	GCST90082404	/gpfs/chencao/qinminzhang/workflow/ldsc/GWAS/all/MR02706.txt.gz	/gpfs/chencao/qinminzhang/workflow/catalog_lof/run_all/data/GCST90082404_buildGRCh38_M1_001_ensg_beta_se.csv
MR21732	GCST90083021	/gpfs/chencao/qinminzhang/workflow/ldsc/GWAS/all/MR21732.txt.gz	/gpfs/chencao/qinminzhang/workflow/catalog_lof/run_all/data/GCST90083021_buildGRCh38_M1_001_ensg_beta_se.csv
MR37534	GCST90081566	/gpfs/chencao/qinminzhang/workflow/ldsc/GWAS/all/MR37534.txt.gz	/gpfs/chencao/qinminzhang/workflow/catalog_lof/run_all/data/GCST90081566_buildGRCh38_M1_001_ensg_beta_se.csv
GCST90078894	GCST90082880	/gpfs/chencao/qinminzhang/workflow/ldsc/GWAS/all/GCST90078894.txt.gz	/gpfs/chencao/qinminzhang/workflow/catalog_lof/run_all/data/GCST90082880_buildGRCh38_M1_001_ensg_beta_se.csv
GCST90078776	GCST90082762	/gpfs/chencao/qinminzhang/workflow/ldsc/GWAS/all/GCST90078776.txt.gz	/gpfs/chencao/qinminzhang/workflow/catalog_lof/run_all/data/GCST90082762_buildGRCh38_M1_001_ensg_beta_se.csv
GCST90078777	GCST90082763	/gpfs/chencao/qinminzhang/workflow/ldsc/GWAS/all/GCST90078777.txt.gz	/gpfs/chencao/qinminzhang/workflow/catalog_lof/run_all/data/GCST90082763_buildGRCh38_M1_001_ensg_beta_se.csv
GCST90078778	GCST90082764	/gpfs/chencao/qinminzhang/workflow/ldsc/GWAS/all/GCST90078778.txt.gz	/gpfs/chencao/qinminzhang/workflow/catalog_lof/run_all/data/GCST90082764_buildGRCh38_M1_001_ensg_beta_se.csv
GCST90078779	GCST90082765	/gpfs/chencao/qinminzhang/workflow/ldsc/GWAS/all/GCST90078779.txt.gz	/gpfs/chencao/qinminzhang/workflow/catalog_lof/run_all/data/GCST90082765_buildGRCh38_M1_001_ensg_beta_se.csv
GCST90078780	GCST90082766	/gpfs/chencao/qinminzhang/workflow/ldsc/GWAS/all/GCST90078780.txt.gz	/gpfs/chencao/qinminzhang/workflow/catalog_lof/run_all/data/GCST90082766_buildGRCh38_M1_001_ensg_beta_se.csv
GCST90078781	GCST90082767	/gpfs/chencao/qinminzhang/workflow/ldsc/GWAS/all/GCST90078781.txt.gz	/gpfs/chencao/qinminzhang/workflow/catalog_lof/run_all/data/GCST90082767_buildGRCh38_M1_001_ensg_beta_se.csv
GCST90078782	GCST90082768	/gpfs/chencao/qinminzhang/workflow/ldsc/GWAS/all/GCST90078782.txt.gz	/gpfs/chencao/qinminzhang/workflow/catalog_lof/run_all/data/GCST90082768_buildGRCh38_M1_001_ensg_beta_se.csv
GCST90078783	GCST90082769	/gpfs/chencao/qinminzhang/workflow/ldsc/GWAS/all/GCST90078783.txt.gz	/gpfs/chencao/qinminzhang/workflow/catalog_lof/run_all/data/GCST90082769_buildGRCh38_M1_001_ensg_beta_se.csv
GCST90078784	GCST90082770	/gpfs/chencao/qinminzhang/workflow/ldsc/GWAS/all/GCST90078784.txt.gz	/gpfs/chencao/qinminzhang/workflow/catalog_lof/run_all/data/GCST90082770_buildGRCh38_M1_001_ensg_beta_se.csv
GCST90078745	GCST90082731	/gpfs/chencao/qinminzhang/workflow/ldsc/GWAS/all/GCST90078745.txt.gz	/gpfs/chencao/qinminzhang/workflow/catalog_lof/run_all/data/GCST90082731_buildGRCh38_M1_001_ensg_beta_se.csv
GCST90078746	GCST90082732	/gpfs/chencao/qinminzhang/workflow/ldsc/GWAS/all/GCST90078746.txt.gz	/gpfs/chencao/qinminzhang/workflow/catalog_lof/run_all/data/GCST90082732_buildGRCh38_M1_001_ensg_beta_se.csv
GCST90078747	GCST90082733	/gpfs/chencao/qinminzhang/workflow/ldsc/GWAS/all/GCST90078747.txt.gz	/gpfs/chencao/qinminzhang/workflow/catalog_lof/run_all/data/GCST90082733_buildGRCh38_M1_001_ensg_beta_se.csv
GCST90078748	GCST90082734	/gpfs/chencao/qinminzhang/workflow/ldsc/GWAS/all/GCST90078748.txt.gz	/gpfs/chencao/qinminzhang/workflow/catalog_lof/run_all/data/GCST90082734_buildGRCh38_M1_001_ensg_beta_se.csv
GCST90078749	GCST90082735	/gpfs/chencao/qinminzhang/workflow/ldsc/GWAS/all/GCST90078749.txt.gz	/gpfs/chencao/qinminzhang/workflow/catalog_lof/run_all/data/GCST90082735_buildGRCh38_M1_001_ensg_beta_se.csv
GCST90078750	GCST90082736	/gpfs/chencao/qinminzhang/workflow/ldsc/GWAS/all/GCST90078750.txt.gz	/gpfs/chencao/qinminzhang/workflow/catalog_lof/run_all/data/GCST90082736_buildGRCh38_M1_001_ensg_beta_se.csv
GCST90078751	GCST90082737	/gpfs/chencao/qinminzhang/workflow/ldsc/GWAS/all/GCST90078751.txt.gz	/gpfs/chencao/qinminzhang/workflow/catalog_lof/run_all/data/GCST90082737_buildGRCh38_M1_001_ensg_beta_se.csv
GCST90078752	GCST90082738	/gpfs/chencao/qinminzhang/workflow/ldsc/GWAS/all/GCST90078752.txt.gz	/gpfs/chencao/qinminzhang/workflow/catalog_lof/run_all/data/GCST90082738_buildGRCh38_M1_001_ensg_beta_se.csv
FG00465	GCST90082389	/gpfs/chencao/qinminzhang/workflow/ldsc/GWAS/all/FG00465.txt.gz	/gpfs/chencao/qinminzhang/workflow/catalog_lof/run_all/data/GCST90082389_buildGRCh38_M1_001_ensg_beta_se.csv
GCST90078406	GCST90082392	/gpfs/chencao/qinminzhang/workflow/ldsc/GWAS/all/GCST90078406.txt.gz	/gpfs/chencao/qinminzhang/workflow/catalog_lof/run_all/data/GCST90082392_buildGRCh38_M1_001_ensg_beta_se.csv
GCST90078408	GCST90082393	/gpfs/chencao/qinminzhang/workflow/ldsc/GWAS/all/GCST90078408.txt.gz	/gpfs/chencao/qinminzhang/workflow/catalog_lof/run_all/data/GCST90082393_buildGRCh38_M1_001_ensg_beta_se.csv
GCST90078743	GCST90082728	/gpfs/chencao/qinminzhang/workflow/ldsc/GWAS/all/GCST90078743.txt.gz	/gpfs/chencao/qinminzhang/workflow/catalog_lof/run_all/data/GCST90082728_buildGRCh38_M1_001_ensg_beta_se.csv
GCST90078413	GCST90082399	/gpfs/chencao/qinminzhang/workflow/ldsc/GWAS/all/GCST90078413.txt.gz	/gpfs/chencao/qinminzhang/workflow/catalog_lof/run_all/data/GCST90082399_buildGRCh38_M1_001_ensg_beta_se.csv
GCST90078416	GCST90082400	/gpfs/chencao/qinminzhang/workflow/ldsc/GWAS/all/GCST90078416.txt.gz	/gpfs/chencao/qinminzhang/workflow/catalog_lof/run_all/data/GCST90082400_buildGRCh38_M1_001_ensg_beta_se.csv
GCST90078415	GCST90082401	/gpfs/chencao/qinminzhang/workflow/ldsc/GWAS/all/GCST90078415.txt.gz	/gpfs/chencao/qinminzhang/workflow/catalog_lof/run_all/data/GCST90082401_buildGRCh38_M1_001_ensg_beta_se.csv
GCST90078541	GCST90082524	/gpfs/chencao/qinminzhang/workflow/ldsc/GWAS/all/GCST90078541.txt.gz	/gpfs/chencao/qinminzhang/workflow/catalog_lof/run_all/data/GCST90082524_buildGRCh38_M1_001_ensg_beta_se.csv
GCST90078409	GCST90082395	/gpfs/chencao/qinminzhang/workflow/ldsc/GWAS/all/GCST90078409.txt.gz	/gpfs/chencao/qinminzhang/workflow/catalog_lof/run_all/data/GCST90082395_buildGRCh38_M1_001_ensg_beta_se.csv
GCST90078539	GCST90082525	/gpfs/chencao/qinminzhang/workflow/ldsc/GWAS/all/GCST90078539.txt.gz	/gpfs/chencao/qinminzhang/workflow/catalog_lof/run_all/data/GCST90082525_buildGRCh38_M1_001_ensg_beta_se.csv
FG00472	GCST90082405	/gpfs/chencao/qinminzhang/workflow/ldsc/GWAS/all/FG00472.txt.gz	/gpfs/chencao/qinminzhang/workflow/catalog_lof/run_all/data/GCST90082405_buildGRCh38_M1_001_ensg_beta_se.csv
GCST90078412	GCST90082396	/gpfs/chencao/qinminzhang/workflow/ldsc/GWAS/all/GCST90078412.txt.gz	/gpfs/chencao/qinminzhang/workflow/catalog_lof/run_all/data/GCST90082396_buildGRCh38_M1_001_ensg_beta_se.csv
GCST90078627	GCST90082613	/gpfs/chencao/qinminzhang/workflow/ldsc/GWAS/all/GCST90078627.txt.gz	/gpfs/chencao/qinminzhang/workflow/catalog_lof/run_all/data/GCST90082613_buildGRCh38_M1_001_ensg_beta_se.csv
GCST90078630	GCST90082614	/gpfs/chencao/qinminzhang/workflow/ldsc/GWAS/all/GCST90078630.txt.gz	/gpfs/chencao/qinminzhang/workflow/catalog_lof/run_all/data/GCST90082614_buildGRCh38_M1_001_ensg_beta_se.csv
GCST90078628	GCST90082615	/gpfs/chencao/qinminzhang/workflow/ldsc/GWAS/all/GCST90078628.txt.gz	/gpfs/chencao/qinminzhang/workflow/catalog_lof/run_all/data/GCST90082615_buildGRCh38_M1_001_ensg_beta_se.csv
GCST90078411	GCST90082397	/gpfs/chencao/qinminzhang/workflow/ldsc/GWAS/all/GCST90078411.txt.gz	/gpfs/chencao/qinminzhang/workflow/catalog_lof/run_all/data/GCST90082397_buildGRCh38_M1_001_ensg_beta_se.csv
GCST90078622	GCST90082608	/gpfs/chencao/qinminzhang/workflow/ldsc/GWAS/all/GCST90078622.txt.gz	/gpfs/chencao/qinminzhang/workflow/catalog_lof/run_all/data/GCST90082608_buildGRCh38_M1_001_ensg_beta_se.csv
GCST90078625	GCST90082609	/gpfs/chencao/qinminzhang/workflow/ldsc/GWAS/all/GCST90078625.txt.gz	/gpfs/chencao/qinminzhang/workflow/catalog_lof/run_all/data/GCST90082609_buildGRCh38_M1_001_ensg_beta_se.csv
GCST90078553	GCST90082536	/gpfs/chencao/qinminzhang/workflow/ldsc/GWAS/all/GCST90078553.txt.gz	/gpfs/chencao/qinminzhang/workflow/catalog_lof/run_all/data/GCST90082536_buildGRCh38_M1_001_ensg_beta_se.csv
GCST90078551	GCST90082537	/gpfs/chencao/qinminzhang/workflow/ldsc/GWAS/all/GCST90078551.txt.gz	/gpfs/chencao/qinminzhang/workflow/catalog_lof/run_all/data/GCST90082537_buildGRCh38_M1_001_ensg_beta_se.csv
GCST90078623	GCST90082610	/gpfs/chencao/qinminzhang/workflow/ldsc/GWAS/all/GCST90078623.txt.gz	/gpfs/chencao/qinminzhang/workflow/catalog_lof/run_all/data/GCST90082610_buildGRCh38_M1_001_ensg_beta_se.csv
GCST90078688	GCST90082674	/gpfs/chencao/qinminzhang/workflow/ldsc/GWAS/all/GCST90078688.txt.gz	/gpfs/chencao/qinminzhang/workflow/catalog_lof/run_all/data/GCST90082674_buildGRCh38_M1_001_ensg_beta_se.csv
GCST90078629	GCST90082616	/gpfs/chencao/qinminzhang/workflow/ldsc/GWAS/all/GCST90078629.txt.gz	/gpfs/chencao/qinminzhang/workflow/catalog_lof/run_all/data/GCST90082616_buildGRCh38_M1_001_ensg_beta_se.csv
GCST90078421	GCST90082407	/gpfs/chencao/qinminzhang/workflow/ldsc/GWAS/all/GCST90078421.txt.gz	/gpfs/chencao/qinminzhang/workflow/catalog_lof/run_all/data/GCST90082407_buildGRCh38_M1_001_ensg_beta_se.csv
GCST90078424	GCST90082408	/gpfs/chencao/qinminzhang/workflow/ldsc/GWAS/all/GCST90078424.txt.gz	/gpfs/chencao/qinminzhang/workflow/catalog_lof/run_all/data/GCST90082408_buildGRCh38_M1_001_ensg_beta_se.csv
GCST90078624	GCST90082611	/gpfs/chencao/qinminzhang/workflow/ldsc/GWAS/all/GCST90078624.txt.gz	/gpfs/chencao/qinminzhang/workflow/catalog_lof/run_all/data/GCST90082611_buildGRCh38_M1_001_ensg_beta_se.csv
GCST90078423	GCST90082409	/gpfs/chencao/qinminzhang/workflow/ldsc/GWAS/all/GCST90078423.txt.gz	/gpfs/chencao/qinminzhang/workflow/catalog_lof/run_all/data/GCST90082409_buildGRCh38_M1_001_ensg_beta_se.csv
GCST90078549	GCST90082532	/gpfs/chencao/qinminzhang/workflow/ldsc/GWAS/all/GCST90078549.txt.gz	/gpfs/chencao/qinminzhang/workflow/catalog_lof/run_all/data/GCST90082532_buildGRCh38_M1_001_ensg_beta_se.csv
GCST90079512	GCST90083498	/gpfs/chencao/qinminzhang/workflow/ldsc/GWAS/all/GCST90079512.txt.gz	/gpfs/chencao/qinminzhang/workflow/catalog_lof/run_all/data/GCST90083498_buildGRCh38_M1_001_ensg_beta_se.csv
GCST90078432	GCST90082418	/gpfs/chencao/qinminzhang/workflow/ldsc/GWAS/all/GCST90078432.txt.gz	/gpfs/chencao/qinminzhang/workflow/catalog_lof/run_all/data/GCST90082418_buildGRCh38_M1_001_ensg_beta_se.csv
GCST90078547	GCST90082533	/gpfs/chencao/qinminzhang/workflow/ldsc/GWAS/all/GCST90078547.txt.gz	/gpfs/chencao/qinminzhang/workflow/catalog_lof/run_all/data/GCST90082533_buildGRCh38_M1_001_ensg_beta_se.csv
GCST90078435	GCST90082419	/gpfs/chencao/qinminzhang/workflow/ldsc/GWAS/all/GCST90078435.txt.gz	/gpfs/chencao/qinminzhang/workflow/catalog_lof/run_all/data/GCST90082419_buildGRCh38_M1_001_ensg_beta_se.csv
GCST90078434	GCST90082420	/gpfs/chencao/qinminzhang/workflow/ldsc/GWAS/all/GCST90078434.txt.gz	/gpfs/chencao/qinminzhang/workflow/catalog_lof/run_all/data/GCST90082420_buildGRCh38_M1_001_ensg_beta_se.csv
GCST90078524	GCST90082507	/gpfs/chencao/qinminzhang/workflow/ldsc/GWAS/all/GCST90078524.txt.gz	/gpfs/chencao/qinminzhang/workflow/catalog_lof/run_all/data/GCST90082507_buildGRCh38_M1_001_ensg_beta_se.csv
GCST90078755	GCST90082741	/gpfs/chencao/qinminzhang/workflow/ldsc/GWAS/all/GCST90078755.txt.gz	/gpfs/chencao/qinminzhang/workflow/catalog_lof/run_all/data/GCST90082741_buildGRCh38_M1_001_ensg_beta_se.csv
GCST90078756	GCST90082742	/gpfs/chencao/qinminzhang/workflow/ldsc/GWAS/all/GCST90078756.txt.gz	/gpfs/chencao/qinminzhang/workflow/catalog_lof/run_all/data/GCST90082742_buildGRCh38_M1_001_ensg_beta_se.csv
GCST90078757	GCST90082743	/gpfs/chencao/qinminzhang/workflow/ldsc/GWAS/all/GCST90078757.txt.gz	/gpfs/chencao/qinminzhang/workflow/catalog_lof/run_all/data/GCST90082743_buildGRCh38_M1_001_ensg_beta_se.csv
GCST90078758	GCST90082744	/gpfs/chencao/qinminzhang/workflow/ldsc/GWAS/all/GCST90078758.txt.gz	/gpfs/chencao/qinminzhang/workflow/catalog_lof/run_all/data/GCST90082744_buildGRCh38_M1_001_ensg_beta_se.csv
GCST90078759	GCST90082745	/gpfs/chencao/qinminzhang/workflow/ldsc/GWAS/all/GCST90078759.txt.gz	/gpfs/chencao/qinminzhang/workflow/catalog_lof/run_all/data/GCST90082745_buildGRCh38_M1_001_ensg_beta_se.csv
GCST90078760	GCST90082746	/gpfs/chencao/qinminzhang/workflow/ldsc/GWAS/all/GCST90078760.txt.gz	/gpfs/chencao/qinminzhang/workflow/catalog_lof/run_all/data/GCST90082746_buildGRCh38_M1_001_ensg_beta_se.csv
GCST90078761	GCST90082747	/gpfs/chencao/qinminzhang/workflow/ldsc/GWAS/all/GCST90078761.txt.gz	/gpfs/chencao/qinminzhang/workflow/catalog_lof/run_all/data/GCST90082747_buildGRCh38_M1_001_ensg_beta_se.csv
GCST90078762	GCST90082748	/gpfs/chencao/qinminzhang/workflow/ldsc/GWAS/all/GCST90078762.txt.gz	/gpfs/chencao/qinminzhang/workflow/catalog_lof/run_all/data/GCST90082748_buildGRCh38_M1_001_ensg_beta_se.csv
GCST90078763	GCST90082749	/gpfs/chencao/qinminzhang/workflow/ldsc/GWAS/all/GCST90078763.txt.gz	/gpfs/chencao/qinminzhang/workflow/catalog_lof/run_all/data/GCST90082749_buildGRCh38_M1_001_ensg_beta_se.csv
GCST90078536	GCST90082521	/gpfs/chencao/qinminzhang/workflow/ldsc/GWAS/all/GCST90078536.txt.gz	/gpfs/chencao/qinminzhang/workflow/catalog_lof/run_all/data/GCST90082521_buildGRCh38_M1_001_ensg_beta_se.csv
GCST90078510	GCST90082496	/gpfs/chencao/qinminzhang/workflow/ldsc/GWAS/all/GCST90078510.txt.gz	/gpfs/chencao/qinminzhang/workflow/catalog_lof/run_all/data/GCST90082496_buildGRCh38_M1_001_ensg_beta_se.csv
GCST90078545	GCST90082528	/gpfs/chencao/qinminzhang/workflow/ldsc/GWAS/all/GCST90078545.txt.gz	/gpfs/chencao/qinminzhang/workflow/catalog_lof/run_all/data/GCST90082528_buildGRCh38_M1_001_ensg_beta_se.csv
GCST90077561	GCST90081547	/gpfs/chencao/qinminzhang/workflow/ldsc/GWAS/all/GCST90077561.txt.gz	/gpfs/chencao/qinminzhang/workflow/catalog_lof/run_all/data/GCST90081547_buildGRCh38_M1_001_ensg_beta_se.csv
GCST90078543	GCST90082529	/gpfs/chencao/qinminzhang/workflow/ldsc/GWAS/all/GCST90078543.txt.gz	/gpfs/chencao/qinminzhang/workflow/catalog_lof/run_all/data/GCST90082529_buildGRCh38_M1_001_ensg_beta_se.csv
GCST90078744	GCST90082730	/gpfs/chencao/qinminzhang/workflow/ldsc/GWAS/all/GCST90078744.txt.gz	/gpfs/chencao/qinminzhang/workflow/catalog_lof/run_all/data/GCST90082730_buildGRCh38_M1_001_ensg_beta_se.csv
MR09414	GCST90081633	/gpfs/chencao/qinminzhang/workflow/ldsc/GWAS/all/MR09414.txt.gz	/gpfs/chencao/qinminzhang/workflow/catalog_lof/run_all/data/GCST90081633_buildGRCh38_M1_001_ensg_beta_se.csv
GCST90078886	GCST90082872	/gpfs/chencao/qinminzhang/workflow/ldsc/GWAS/all/GCST90078886.txt.gz	/gpfs/chencao/qinminzhang/workflow/catalog_lof/run_all/data/GCST90082872_buildGRCh38_M1_001_ensg_beta_se.csv
GCST90078887	GCST90082873	/gpfs/chencao/qinminzhang/workflow/ldsc/GWAS/all/GCST90078887.txt.gz	/gpfs/chencao/qinminzhang/workflow/catalog_lof/run_all/data/GCST90082873_buildGRCh38_M1_001_ensg_beta_se.csv
GCST90078733	GCST90082719	/gpfs/chencao/qinminzhang/workflow/ldsc/GWAS/all/GCST90078733.txt.gz	/gpfs/chencao/qinminzhang/workflow/catalog_lof/run_all/data/GCST90082719_buildGRCh38_M1_001_ensg_beta_se.csv
GCST90078734	GCST90082720	/gpfs/chencao/qinminzhang/workflow/ldsc/GWAS/all/GCST90078734.txt.gz	/gpfs/chencao/qinminzhang/workflow/catalog_lof/run_all/data/GCST90082720_buildGRCh38_M1_001_ensg_beta_se.csv
GCST90078735	GCST90082721	/gpfs/chencao/qinminzhang/workflow/ldsc/GWAS/all/GCST90078735.txt.gz	/gpfs/chencao/qinminzhang/workflow/catalog_lof/run_all/data/GCST90082721_buildGRCh38_M1_001_ensg_beta_se.csv
GCST90078736	GCST90082722	/gpfs/chencao/qinminzhang/workflow/ldsc/GWAS/all/GCST90078736.txt.gz	/gpfs/chencao/qinminzhang/workflow/catalog_lof/run_all/data/GCST90082722_buildGRCh38_M1_001_ensg_beta_se.csv
GCST90078737	GCST90082723	/gpfs/chencao/qinminzhang/workflow/ldsc/GWAS/all/GCST90078737.txt.gz	/gpfs/chencao/qinminzhang/workflow/catalog_lof/run_all/data/GCST90082723_buildGRCh38_M1_001_ensg_beta_se.csv
GCST90078738	GCST90082724	/gpfs/chencao/qinminzhang/workflow/ldsc/GWAS/all/GCST90078738.txt.gz	/gpfs/chencao/qinminzhang/workflow/catalog_lof/run_all/data/GCST90082724_buildGRCh38_M1_001_ensg_beta_se.csv
GCST90078739	GCST90082725	/gpfs/chencao/qinminzhang/workflow/ldsc/GWAS/all/GCST90078739.txt.gz	/gpfs/chencao/qinminzhang/workflow/catalog_lof/run_all/data/GCST90082725_buildGRCh38_M1_001_ensg_beta_se.csv
GCST90078740	GCST90082726	/gpfs/chencao/qinminzhang/workflow/ldsc/GWAS/all/GCST90078740.txt.gz	/gpfs/chencao/qinminzhang/workflow/catalog_lof/run_all/data/GCST90082726_buildGRCh38_M1_001_ensg_beta_se.csv
GCST90078741	GCST90082727	/gpfs/chencao/qinminzhang/workflow/ldsc/GWAS/all/GCST90078741.txt.gz	/gpfs/chencao/qinminzhang/workflow/catalog_lof/run_all/data/GCST90082727_buildGRCh38_M1_001_ensg_beta_se.csv
GCST90079355	GCST90083341	/gpfs/chencao/qinminzhang/workflow/ldsc/GWAS/all/GCST90079355.txt.gz	/gpfs/chencao/qinminzhang/workflow/catalog_lof/run_all/data/GCST90083341_buildGRCh38_M1_001_ensg_beta_se.csv
GCST90079459	GCST90083446	/gpfs/chencao/qinminzhang/workflow/ldsc/GWAS/all/GCST90079459.txt.gz	/gpfs/chencao/qinminzhang/workflow/catalog_lof/run_all/data/GCST90083446_buildGRCh38_M1_001_ensg_beta_se.csv
MR30766	GCST90083447	/gpfs/chencao/qinminzhang/workflow/ldsc/GWAS/all/MR30766.txt.gz	/gpfs/chencao/qinminzhang/workflow/catalog_lof/run_all/data/GCST90083447_buildGRCh38_M1_001_ensg_beta_se.csv
GCST90078514	GCST90082500	/gpfs/chencao/qinminzhang/workflow/ldsc/GWAS/all/GCST90078514.txt.gz	/gpfs/chencao/qinminzhang/workflow/catalog_lof/run_all/data/GCST90082500_buildGRCh38_M1_001_ensg_beta_se.csv
GCST90078515	GCST90082501	/gpfs/chencao/qinminzhang/workflow/ldsc/GWAS/all/GCST90078515.txt.gz	/gpfs/chencao/qinminzhang/workflow/catalog_lof/run_all/data/GCST90082501_buildGRCh38_M1_001_ensg_beta_se.csv
FG00577	GCST90082605	/gpfs/chencao/qinminzhang/workflow/ldsc/GWAS/all/FG00577.txt.gz	/gpfs/chencao/qinminzhang/workflow/catalog_lof/run_all/data/GCST90082605_buildGRCh38_M1_001_ensg_beta_se.csv
GCST90078620	GCST90082606	/gpfs/chencao/qinminzhang/workflow/ldsc/GWAS/all/GCST90078620.txt.gz	/gpfs/chencao/qinminzhang/workflow/catalog_lof/run_all/data/GCST90082606_buildGRCh38_M1_001_ensg_beta_se.csv
GCST90078895	GCST90082881	/gpfs/chencao/qinminzhang/workflow/ldsc/GWAS/all/GCST90078895.txt.gz	/gpfs/chencao/qinminzhang/workflow/catalog_lof/run_all/data/GCST90082881_buildGRCh38_M1_001_ensg_beta_se.csv
GCST90691608	GCST90081635	/gpfs/chencao/qinminzhang/workflow/ldsc/GWAS/all/GCST90691608.txt.gz	/gpfs/chencao/qinminzhang/workflow/catalog_lof/run_all/data/GCST90081635_buildGRCh38_M1_001_ensg_beta_se.csv
GCST90691609	GCST90081637	/gpfs/chencao/qinminzhang/workflow/ldsc/GWAS/all/GCST90691609.txt.gz	/gpfs/chencao/qinminzhang/workflow/catalog_lof/run_all/data/GCST90081637_buildGRCh38_M1_001_ensg_beta_se.csv
MR35913	GCST90081639	/gpfs/chencao/qinminzhang/workflow/ldsc/GWAS/all/MR35913.txt.gz	/gpfs/chencao/qinminzhang/workflow/catalog_lof/run_all/data/GCST90081639_buildGRCh38_M1_001_ensg_beta_se.csv
MR08093	GCST90081641	/gpfs/chencao/qinminzhang/workflow/ldsc/GWAS/all/MR08093.txt.gz	/gpfs/chencao/qinminzhang/workflow/catalog_lof/run_all/data/GCST90081641_buildGRCh38_M1_001_ensg_beta_se.csv
MR13166	GCST90081643	/gpfs/chencao/qinminzhang/workflow/ldsc/GWAS/all/MR13166.txt.gz	/gpfs/chencao/qinminzhang/workflow/catalog_lof/run_all/data/GCST90081643_buildGRCh38_M1_001_ensg_beta_se.csv
GCST90078888	GCST90082874	/gpfs/chencao/qinminzhang/workflow/ldsc/GWAS/all/GCST90078888.txt.gz	/gpfs/chencao/qinminzhang/workflow/catalog_lof/run_all/data/GCST90082874_buildGRCh38_M1_001_ensg_beta_se.csv
GCST90691708	GCST90083448	/gpfs/chencao/qinminzhang/workflow/ldsc/GWAS/all/GCST90691708.txt.gz	/gpfs/chencao/qinminzhang/workflow/catalog_lof/run_all/data/GCST90083448_buildGRCh38_M1_001_ensg_beta_se.csv
MR05268	GCST90083449	/gpfs/chencao/qinminzhang/workflow/ldsc/GWAS/all/MR05268.txt.gz	/gpfs/chencao/qinminzhang/workflow/catalog_lof/run_all/data/GCST90083449_buildGRCh38_M1_001_ensg_beta_se.csv
MR20569	GCST90083450	/gpfs/chencao/qinminzhang/workflow/ldsc/GWAS/all/MR20569.txt.gz	/gpfs/chencao/qinminzhang/workflow/catalog_lof/run_all/data/GCST90083450_buildGRCh38_M1_001_ensg_beta_se.csv
MR12133	GCST90082948	/gpfs/chencao/qinminzhang/workflow/ldsc/GWAS/all/MR12133.txt.gz	/gpfs/chencao/qinminzhang/workflow/catalog_lof/run_all/data/GCST90082948_buildGRCh38_M1_001_ensg_beta_se.csv
FG00576	GCST90082607	/gpfs/chencao/qinminzhang/workflow/ldsc/GWAS/all/FG00576.txt.gz	/gpfs/chencao/qinminzhang/workflow/catalog_lof/run_all/data/GCST90082607_buildGRCh38_M1_001_ensg_beta_se.csv
GCST90077592	GCST90081577	/gpfs/chencao/qinminzhang/workflow/ldsc/GWAS/all/GCST90077592.txt.gz	/gpfs/chencao/qinminzhang/workflow/catalog_lof/run_all/data/GCST90081577_buildGRCh38_M1_001_ensg_beta_se.csv
GCST90077607	GCST90081592	/gpfs/chencao/qinminzhang/workflow/ldsc/GWAS/all/GCST90077607.txt.gz	/gpfs/chencao/qinminzhang/workflow/catalog_lof/run_all/data/GCST90081592_buildGRCh38_M1_001_ensg_beta_se.csv
GCST90081540	GCST90085526	/gpfs/chencao/qinminzhang/workflow/ldsc/GWAS/all/GCST90081540.txt.gz	/gpfs/chencao/qinminzhang/workflow/catalog_lof/run_all/data/GCST90085526_buildGRCh38_M1_001_ensg_beta_se.csv
GCST90078898	GCST90082882	/gpfs/chencao/qinminzhang/workflow/ldsc/GWAS/all/GCST90078898.txt.gz	/gpfs/chencao/qinminzhang/workflow/catalog_lof/run_all/data/GCST90082882_buildGRCh38_M1_001_ensg_beta_se.csv
GCST90077591	GCST90081578	/gpfs/chencao/qinminzhang/workflow/ldsc/GWAS/all/GCST90077591.txt.gz	/gpfs/chencao/qinminzhang/workflow/catalog_lof/run_all/data/GCST90081578_buildGRCh38_M1_001_ensg_beta_se.csv
GCST90691610	GCST90081645	/gpfs/chencao/qinminzhang/workflow/ldsc/GWAS/all/GCST90691610.txt.gz	/gpfs/chencao/qinminzhang/workflow/catalog_lof/run_all/data/GCST90081645_buildGRCh38_M1_001_ensg_beta_se.csv
MR37379	GCST90081647	/gpfs/chencao/qinminzhang/workflow/ldsc/GWAS/all/MR37379.txt.gz	/gpfs/chencao/qinminzhang/workflow/catalog_lof/run_all/data/GCST90081647_buildGRCh38_M1_001_ensg_beta_se.csv
MR00252	GCST90081649	/gpfs/chencao/qinminzhang/workflow/ldsc/GWAS/all/MR00252.txt.gz	/gpfs/chencao/qinminzhang/workflow/catalog_lof/run_all/data/GCST90081649_buildGRCh38_M1_001_ensg_beta_se.csv
MR42127	GCST90081651	/gpfs/chencao/qinminzhang/workflow/ldsc/GWAS/all/MR42127.txt.gz	/gpfs/chencao/qinminzhang/workflow/catalog_lof/run_all/data/GCST90081651_buildGRCh38_M1_001_ensg_beta_se.csv
MR05146	GCST90081653	/gpfs/chencao/qinminzhang/workflow/ldsc/GWAS/all/MR05146.txt.gz	/gpfs/chencao/qinminzhang/workflow/catalog_lof/run_all/data/GCST90081653_buildGRCh38_M1_001_ensg_beta_se.csv
MR08557	GCST90081655	/gpfs/chencao/qinminzhang/workflow/ldsc/GWAS/all/MR08557.txt.gz	/gpfs/chencao/qinminzhang/workflow/catalog_lof/run_all/data/GCST90081655_buildGRCh38_M1_001_ensg_beta_se.csv
MR18019	GCST90081657	/gpfs/chencao/qinminzhang/workflow/ldsc/GWAS/all/MR18019.txt.gz	/gpfs/chencao/qinminzhang/workflow/catalog_lof/run_all/data/GCST90081657_buildGRCh38_M1_001_ensg_beta_se.csv
GCST90079478	GCST90083464	/gpfs/chencao/qinminzhang/workflow/ldsc/GWAS/all/GCST90079478.txt.gz	/gpfs/chencao/qinminzhang/workflow/catalog_lof/run_all/data/GCST90083464_buildGRCh38_M1_001_ensg_beta_se.csv
GCST90079483	GCST90083465	/gpfs/chencao/qinminzhang/workflow/ldsc/GWAS/all/GCST90079483.txt.gz	/gpfs/chencao/qinminzhang/workflow/catalog_lof/run_all/data/GCST90083465_buildGRCh38_M1_001_ensg_beta_se.csv
GCST90077588	GCST90081574	/gpfs/chencao/qinminzhang/workflow/ldsc/GWAS/all/GCST90077588.txt.gz	/gpfs/chencao/qinminzhang/workflow/catalog_lof/run_all/data/GCST90081574_buildGRCh38_M1_001_ensg_beta_se.csv
GCST90077589	GCST90081575	/gpfs/chencao/qinminzhang/workflow/ldsc/GWAS/all/GCST90077589.txt.gz	/gpfs/chencao/qinminzhang/workflow/catalog_lof/run_all/data/GCST90081575_buildGRCh38_M1_001_ensg_beta_se.csv
GCST90079124	GCST90083110	/gpfs/chencao/qinminzhang/workflow/ldsc/GWAS/all/GCST90079124.txt.gz	/gpfs/chencao/qinminzhang/workflow/catalog_lof/run_all/data/GCST90083110_buildGRCh38_M1_001_ensg_beta_se.csv
GCST90079038	GCST90083025	/gpfs/chencao/qinminzhang/workflow/ldsc/GWAS/all/GCST90079038.txt.gz	/gpfs/chencao/qinminzhang/workflow/catalog_lof/run_all/data/GCST90083025_buildGRCh38_M1_001_ensg_beta_se.csv
MR27627	GCST90081659	/gpfs/chencao/qinminzhang/workflow/ldsc/GWAS/all/MR27627.txt.gz	/gpfs/chencao/qinminzhang/workflow/catalog_lof/run_all/data/GCST90081659_buildGRCh38_M1_001_ensg_beta_se.csv
MR35669	GCST90081661	/gpfs/chencao/qinminzhang/workflow/ldsc/GWAS/all/MR35669.txt.gz	/gpfs/chencao/qinminzhang/workflow/catalog_lof/run_all/data/GCST90081661_buildGRCh38_M1_001_ensg_beta_se.csv
MR02296	GCST90081663	/gpfs/chencao/qinminzhang/workflow/ldsc/GWAS/all/MR02296.txt.gz	/gpfs/chencao/qinminzhang/workflow/catalog_lof/run_all/data/GCST90081663_buildGRCh38_M1_001_ensg_beta_se.csv
MR41887	GCST90081665	/gpfs/chencao/qinminzhang/workflow/ldsc/GWAS/all/MR41887.txt.gz	/gpfs/chencao/qinminzhang/workflow/catalog_lof/run_all/data/GCST90081665_buildGRCh38_M1_001_ensg_beta_se.csv
MR09977	GCST90081667	/gpfs/chencao/qinminzhang/workflow/ldsc/GWAS/all/MR09977.txt.gz	/gpfs/chencao/qinminzhang/workflow/catalog_lof/run_all/data/GCST90081667_buildGRCh38_M1_001_ensg_beta_se.csv
GCST90691713	GCST90083466	/gpfs/chencao/qinminzhang/workflow/ldsc/GWAS/all/GCST90691713.txt.gz	/gpfs/chencao/qinminzhang/workflow/catalog_lof/run_all/data/GCST90083466_buildGRCh38_M1_001_ensg_beta_se.csv
GCST90079481	GCST90083467	/gpfs/chencao/qinminzhang/workflow/ldsc/GWAS/all/GCST90079481.txt.gz	/gpfs/chencao/qinminzhang/workflow/catalog_lof/run_all/data/GCST90083467_buildGRCh38_M1_001_ensg_beta_se.csv
GCST90077610	GCST90081593	/gpfs/chencao/qinminzhang/workflow/ldsc/GWAS/all/GCST90077610.txt.gz	/gpfs/chencao/qinminzhang/workflow/catalog_lof/run_all/data/GCST90081593_buildGRCh38_M1_001_ensg_beta_se.csv
GCST90077611	GCST90081594	/gpfs/chencao/qinminzhang/workflow/ldsc/GWAS/all/GCST90077611.txt.gz	/gpfs/chencao/qinminzhang/workflow/catalog_lof/run_all/data/GCST90081594_buildGRCh38_M1_001_ensg_beta_se.csv
GCST90078897	GCST90082883	/gpfs/chencao/qinminzhang/workflow/ldsc/GWAS/all/GCST90078897.txt.gz	/gpfs/chencao/qinminzhang/workflow/catalog_lof/run_all/data/GCST90082883_buildGRCh38_M1_001_ensg_beta_se.csv
GCST90691612	GCST90081669	/gpfs/chencao/qinminzhang/workflow/ldsc/GWAS/all/GCST90691612.txt.gz	/gpfs/chencao/qinminzhang/workflow/catalog_lof/run_all/data/GCST90081669_buildGRCh38_M1_001_ensg_beta_se.csv
MR30440	GCST90081670	/gpfs/chencao/qinminzhang/workflow/ldsc/GWAS/all/MR30440.txt.gz	/gpfs/chencao/qinminzhang/workflow/catalog_lof/run_all/data/GCST90081670_buildGRCh38_M1_001_ensg_beta_se.csv
MR31209	GCST90081671	/gpfs/chencao/qinminzhang/workflow/ldsc/GWAS/all/MR31209.txt.gz	/gpfs/chencao/qinminzhang/workflow/catalog_lof/run_all/data/GCST90081671_buildGRCh38_M1_001_ensg_beta_se.csv
MR34201	GCST90081673	/gpfs/chencao/qinminzhang/workflow/ldsc/GWAS/all/MR34201.txt.gz	/gpfs/chencao/qinminzhang/workflow/catalog_lof/run_all/data/GCST90081673_buildGRCh38_M1_001_ensg_beta_se.csv
MR06705	GCST90081675	/gpfs/chencao/qinminzhang/workflow/ldsc/GWAS/all/MR06705.txt.gz	/gpfs/chencao/qinminzhang/workflow/catalog_lof/run_all/data/GCST90081675_buildGRCh38_M1_001_ensg_beta_se.csv
MR11804	GCST90081677	/gpfs/chencao/qinminzhang/workflow/ldsc/GWAS/all/MR11804.txt.gz	/gpfs/chencao/qinminzhang/workflow/catalog_lof/run_all/data/GCST90081677_buildGRCh38_M1_001_ensg_beta_se.csv
GCST90078417	GCST90082402	/gpfs/chencao/qinminzhang/workflow/ldsc/GWAS/all/GCST90078417.txt.gz	/gpfs/chencao/qinminzhang/workflow/catalog_lof/run_all/data/GCST90082402_buildGRCh38_M1_001_ensg_beta_se.csv
GCST90078766	GCST90082752	/gpfs/chencao/qinminzhang/workflow/ldsc/GWAS/all/GCST90078766.txt.gz	/gpfs/chencao/qinminzhang/workflow/catalog_lof/run_all/data/GCST90082752_buildGRCh38_M1_001_ensg_beta_se.csv
GCST90078767	GCST90082753	/gpfs/chencao/qinminzhang/workflow/ldsc/GWAS/all/GCST90078767.txt.gz	/gpfs/chencao/qinminzhang/workflow/catalog_lof/run_all/data/GCST90082753_buildGRCh38_M1_001_ensg_beta_se.csv
GCST90078768	GCST90082754	/gpfs/chencao/qinminzhang/workflow/ldsc/GWAS/all/GCST90078768.txt.gz	/gpfs/chencao/qinminzhang/workflow/catalog_lof/run_all/data/GCST90082754_buildGRCh38_M1_001_ensg_beta_se.csv
GCST90078769	GCST90082755	/gpfs/chencao/qinminzhang/workflow/ldsc/GWAS/all/GCST90078769.txt.gz	/gpfs/chencao/qinminzhang/workflow/catalog_lof/run_all/data/GCST90082755_buildGRCh38_M1_001_ensg_beta_se.csv
GCST90078770	GCST90082756	/gpfs/chencao/qinminzhang/workflow/ldsc/GWAS/all/GCST90078770.txt.gz	/gpfs/chencao/qinminzhang/workflow/catalog_lof/run_all/data/GCST90082756_buildGRCh38_M1_001_ensg_beta_se.csv
GCST90078771	GCST90082757	/gpfs/chencao/qinminzhang/workflow/ldsc/GWAS/all/GCST90078771.txt.gz	/gpfs/chencao/qinminzhang/workflow/catalog_lof/run_all/data/GCST90082757_buildGRCh38_M1_001_ensg_beta_se.csv
GCST90078772	GCST90082758	/gpfs/chencao/qinminzhang/workflow/ldsc/GWAS/all/GCST90078772.txt.gz	/gpfs/chencao/qinminzhang/workflow/catalog_lof/run_all/data/GCST90082758_buildGRCh38_M1_001_ensg_beta_se.csv
GCST90078773	GCST90082759	/gpfs/chencao/qinminzhang/workflow/ldsc/GWAS/all/GCST90078773.txt.gz	/gpfs/chencao/qinminzhang/workflow/catalog_lof/run_all/data/GCST90082759_buildGRCh38_M1_001_ensg_beta_se.csv
GCST90078774	GCST90082760	/gpfs/chencao/qinminzhang/workflow/ldsc/GWAS/all/GCST90078774.txt.gz	/gpfs/chencao/qinminzhang/workflow/catalog_lof/run_all/data/GCST90082760_buildGRCh38_M1_001_ensg_beta_se.csv
GCST90077606	GCST90081595	/gpfs/chencao/qinminzhang/workflow/ldsc/GWAS/all/GCST90077606.txt.gz	/gpfs/chencao/qinminzhang/workflow/catalog_lof/run_all/data/GCST90081595_buildGRCh38_M1_001_ensg_beta_se.csv
GCST90078793	GCST90082777	/gpfs/chencao/qinminzhang/workflow/ldsc/GWAS/all/GCST90078793.txt.gz	/gpfs/chencao/qinminzhang/workflow/catalog_lof/run_all/data/GCST90082777_buildGRCh38_M1_001_ensg_beta_se.csv
MR32640	GCST90081678	/gpfs/chencao/qinminzhang/workflow/ldsc/GWAS/all/MR32640.txt.gz	/gpfs/chencao/qinminzhang/workflow/catalog_lof/run_all/data/GCST90081678_buildGRCh38_M1_001_ensg_beta_se.csv
MR10215	GCST90081679	/gpfs/chencao/qinminzhang/workflow/ldsc/GWAS/all/MR10215.txt.gz	/gpfs/chencao/qinminzhang/workflow/catalog_lof/run_all/data/GCST90081679_buildGRCh38_M1_001_ensg_beta_se.csv
GCST90079479	GCST90083468	/gpfs/chencao/qinminzhang/workflow/ldsc/GWAS/all/GCST90079479.txt.gz	/gpfs/chencao/qinminzhang/workflow/catalog_lof/run_all/data/GCST90083468_buildGRCh38_M1_001_ensg_beta_se.csv
GCST90078694	GCST90082675	/gpfs/chencao/qinminzhang/workflow/ldsc/GWAS/all/GCST90078694.txt.gz	/gpfs/chencao/qinminzhang/workflow/catalog_lof/run_all/data/GCST90082675_buildGRCh38_M1_001_ensg_beta_se.csv
GCST90078889	GCST90082875	/gpfs/chencao/qinminzhang/workflow/ldsc/GWAS/all/GCST90078889.txt.gz	/gpfs/chencao/qinminzhang/workflow/catalog_lof/run_all/data/GCST90082875_buildGRCh38_M1_001_ensg_beta_se.csv
MR22724	GCST90081680	/gpfs/chencao/qinminzhang/workflow/ldsc/GWAS/all/MR22724.txt.gz	/gpfs/chencao/qinminzhang/workflow/catalog_lof/run_all/data/GCST90081680_buildGRCh38_M1_001_ensg_beta_se.csv
GCST90691607	GCST90081683	/gpfs/chencao/qinminzhang/workflow/ldsc/GWAS/all/GCST90691607.txt.gz	/gpfs/chencao/qinminzhang/workflow/catalog_lof/run_all/data/GCST90081683_buildGRCh38_M1_001_ensg_beta_se.csv
MR35467	GCST90081685	/gpfs/chencao/qinminzhang/workflow/ldsc/GWAS/all/MR35467.txt.gz	/gpfs/chencao/qinminzhang/workflow/catalog_lof/run_all/data/GCST90081685_buildGRCh38_M1_001_ensg_beta_se.csv
MR38018	GCST90081687	/gpfs/chencao/qinminzhang/workflow/ldsc/GWAS/all/MR38018.txt.gz	/gpfs/chencao/qinminzhang/workflow/catalog_lof/run_all/data/GCST90081687_buildGRCh38_M1_001_ensg_beta_se.csv
MR40795	GCST90081688	/gpfs/chencao/qinminzhang/workflow/ldsc/GWAS/all/MR40795.txt.gz	/gpfs/chencao/qinminzhang/workflow/catalog_lof/run_all/data/GCST90081688_buildGRCh38_M1_001_ensg_beta_se.csv
MR42232	GCST90081690	/gpfs/chencao/qinminzhang/workflow/ldsc/GWAS/all/MR42232.txt.gz	/gpfs/chencao/qinminzhang/workflow/catalog_lof/run_all/data/GCST90081690_buildGRCh38_M1_001_ensg_beta_se.csv
MR22885	GCST90081692	/gpfs/chencao/qinminzhang/workflow/ldsc/GWAS/all/MR22885.txt.gz	/gpfs/chencao/qinminzhang/workflow/catalog_lof/run_all/data/GCST90081692_buildGRCh38_M1_001_ensg_beta_se.csv
GCST90079524	GCST90083507	/gpfs/chencao/qinminzhang/workflow/ldsc/GWAS/all/GCST90079524.txt.gz	/gpfs/chencao/qinminzhang/workflow/catalog_lof/run_all/data/GCST90083507_buildGRCh38_M1_001_ensg_beta_se.csv
GCST90078540	GCST90082526	/gpfs/chencao/qinminzhang/workflow/ldsc/GWAS/all/GCST90078540.txt.gz	/gpfs/chencao/qinminzhang/workflow/catalog_lof/run_all/data/GCST90082526_buildGRCh38_M1_001_ensg_beta_se.csv
GCST90078529	GCST90082512	/gpfs/chencao/qinminzhang/workflow/ldsc/GWAS/all/GCST90078529.txt.gz	/gpfs/chencao/qinminzhang/workflow/catalog_lof/run_all/data/GCST90082512_buildGRCh38_M1_001_ensg_beta_se.csv
MR18942	GCST90081694	/gpfs/chencao/qinminzhang/workflow/ldsc/GWAS/all/MR18942.txt.gz	/gpfs/chencao/qinminzhang/workflow/catalog_lof/run_all/data/GCST90081694_buildGRCh38_M1_001_ensg_beta_se.csv
MR22441	GCST90081696	/gpfs/chencao/qinminzhang/workflow/ldsc/GWAS/all/MR22441.txt.gz	/gpfs/chencao/qinminzhang/workflow/catalog_lof/run_all/data/GCST90081696_buildGRCh38_M1_001_ensg_beta_se.csv
MR12973	GCST90081697	/gpfs/chencao/qinminzhang/workflow/ldsc/GWAS/all/MR12973.txt.gz	/gpfs/chencao/qinminzhang/workflow/catalog_lof/run_all/data/GCST90081697_buildGRCh38_M1_001_ensg_beta_se.csv
GCST90078882	GCST90082865	/gpfs/chencao/qinminzhang/workflow/ldsc/GWAS/all/GCST90078882.txt.gz	/gpfs/chencao/qinminzhang/workflow/catalog_lof/run_all/data/GCST90082865_buildGRCh38_M1_001_ensg_beta_se.csv
GCST90078538	GCST90082527	/gpfs/chencao/qinminzhang/workflow/ldsc/GWAS/all/GCST90078538.txt.gz	/gpfs/chencao/qinminzhang/workflow/catalog_lof/run_all/data/GCST90082527_buildGRCh38_M1_001_ensg_beta_se.csv
GCST90078407	GCST90082394	/gpfs/chencao/qinminzhang/workflow/ldsc/GWAS/all/GCST90078407.txt.gz	/gpfs/chencao/qinminzhang/workflow/catalog_lof/run_all/data/GCST90082394_buildGRCh38_M1_001_ensg_beta_se.csv
GCST90078464	GCST90082448	/gpfs/chencao/qinminzhang/workflow/ldsc/GWAS/all/GCST90078464.txt.gz	/gpfs/chencao/qinminzhang/workflow/catalog_lof/run_all/data/GCST90082448_buildGRCh38_M1_001_ensg_beta_se.csv
GCST90078505	GCST90082490	/gpfs/chencao/qinminzhang/workflow/ldsc/GWAS/all/GCST90078505.txt.gz	/gpfs/chencao/qinminzhang/workflow/catalog_lof/run_all/data/GCST90082490_buildGRCh38_M1_001_ensg_beta_se.csv
GCST90078602	GCST90082587	/gpfs/chencao/qinminzhang/workflow/ldsc/GWAS/all/GCST90078602.txt.gz	/gpfs/chencao/qinminzhang/workflow/catalog_lof/run_all/data/GCST90082587_buildGRCh38_M1_001_ensg_beta_se.csv
GCST90078589	GCST90082575	/gpfs/chencao/qinminzhang/workflow/ldsc/GWAS/all/GCST90078589.txt.gz	/gpfs/chencao/qinminzhang/workflow/catalog_lof/run_all/data/GCST90082575_buildGRCh38_M1_001_ensg_beta_se.csv
GCST90077583	GCST90081567	/gpfs/chencao/qinminzhang/workflow/ldsc/GWAS/all/GCST90077583.txt.gz	/gpfs/chencao/qinminzhang/workflow/catalog_lof/run_all/data/GCST90081567_buildGRCh38_M1_001_ensg_beta_se.csv
GCST90078462	GCST90082449	/gpfs/chencao/qinminzhang/workflow/ldsc/GWAS/all/GCST90078462.txt.gz	/gpfs/chencao/qinminzhang/workflow/catalog_lof/run_all/data/GCST90082449_buildGRCh38_M1_001_ensg_beta_se.csv
GCST90079132	GCST90083118	/gpfs/chencao/qinminzhang/workflow/ldsc/GWAS/all/GCST90079132.txt.gz	/gpfs/chencao/qinminzhang/workflow/catalog_lof/run_all/data/GCST90083118_buildGRCh38_M1_001_ensg_beta_se.csv
GCST90078518	GCST90082504	/gpfs/chencao/qinminzhang/workflow/ldsc/GWAS/all/GCST90078518.txt.gz	/gpfs/chencao/qinminzhang/workflow/catalog_lof/run_all/data/GCST90082504_buildGRCh38_M1_001_ensg_beta_se.csv
GCST90079423	GCST90083409	/gpfs/chencao/qinminzhang/workflow/ldsc/GWAS/all/GCST90079423.txt.gz	/gpfs/chencao/qinminzhang/workflow/catalog_lof/run_all/data/GCST90083409_buildGRCh38_M1_001_ensg_beta_se.csv
GCST90079426	GCST90083412	/gpfs/chencao/qinminzhang/workflow/ldsc/GWAS/all/GCST90079426.txt.gz	/gpfs/chencao/qinminzhang/workflow/catalog_lof/run_all/data/GCST90083412_buildGRCh38_M1_001_ensg_beta_se.csv
GCST90078426	GCST90082412	/gpfs/chencao/qinminzhang/workflow/ldsc/GWAS/all/GCST90078426.txt.gz	/gpfs/chencao/qinminzhang/workflow/catalog_lof/run_all/data/GCST90082412_buildGRCh38_M1_001_ensg_beta_se.csv
GCST90078454	GCST90082437	/gpfs/chencao/qinminzhang/workflow/ldsc/GWAS/all/GCST90078454.txt.gz	/gpfs/chencao/qinminzhang/workflow/catalog_lof/run_all/data/GCST90082437_buildGRCh38_M1_001_ensg_beta_se.csv
GCST90078552	GCST90082538	/gpfs/chencao/qinminzhang/workflow/ldsc/GWAS/all/GCST90078552.txt.gz	/gpfs/chencao/qinminzhang/workflow/catalog_lof/run_all/data/GCST90082538_buildGRCh38_M1_001_ensg_beta_se.csv
GCST90078598	GCST90082584	/gpfs/chencao/qinminzhang/workflow/ldsc/GWAS/all/GCST90078598.txt.gz	/gpfs/chencao/qinminzhang/workflow/catalog_lof/run_all/data/GCST90082584_buildGRCh38_M1_001_ensg_beta_se.csv
GCST90078672	GCST90082657	/gpfs/chencao/qinminzhang/workflow/ldsc/GWAS/all/GCST90078672.txt.gz	/gpfs/chencao/qinminzhang/workflow/catalog_lof/run_all/data/GCST90082657_buildGRCh38_M1_001_ensg_beta_se.csv
GCST90078414	GCST90082403	/gpfs/chencao/qinminzhang/workflow/ldsc/GWAS/all/GCST90078414.txt.gz	/gpfs/chencao/qinminzhang/workflow/catalog_lof/run_all/data/GCST90082403_buildGRCh38_M1_001_ensg_beta_se.csv
GCST90078893	GCST90082879	/gpfs/chencao/qinminzhang/workflow/ldsc/GWAS/all/GCST90078893.txt.gz	/gpfs/chencao/qinminzhang/workflow/catalog_lof/run_all/data/GCST90082879_buildGRCh38_M1_001_ensg_beta_se.csv
GCST90078676	GCST90082661	/gpfs/chencao/qinminzhang/workflow/ldsc/GWAS/all/GCST90078676.txt.gz	/gpfs/chencao/qinminzhang/workflow/catalog_lof/run_all/data/GCST90082661_buildGRCh38_M1_001_ensg_beta_se.csv
GCST90078550	GCST90082539	/gpfs/chencao/qinminzhang/workflow/ldsc/GWAS/all/GCST90078550.txt.gz	/gpfs/chencao/qinminzhang/workflow/catalog_lof/run_all/data/GCST90082539_buildGRCh38_M1_001_ensg_beta_se.csv
GCST90078880	GCST90082866	/gpfs/chencao/qinminzhang/workflow/ldsc/GWAS/all/GCST90078880.txt.gz	/gpfs/chencao/qinminzhang/workflow/catalog_lof/run_all/data/GCST90082866_buildGRCh38_M1_001_ensg_beta_se.csv
GCST90079087	GCST90083073	/gpfs/chencao/qinminzhang/workflow/ldsc/GWAS/all/GCST90079087.txt.gz	/gpfs/chencao/qinminzhang/workflow/catalog_lof/run_all/data/GCST90083073_buildGRCh38_M1_001_ensg_beta_se.csv
GCST90079138	GCST90083124	/gpfs/chencao/qinminzhang/workflow/ldsc/GWAS/all/GCST90079138.txt.gz	/gpfs/chencao/qinminzhang/workflow/catalog_lof/run_all/data/GCST90083124_buildGRCh38_M1_001_ensg_beta_se.csv
GCST90078453	GCST90082438	/gpfs/chencao/qinminzhang/workflow/ldsc/GWAS/all/GCST90078453.txt.gz	/gpfs/chencao/qinminzhang/workflow/catalog_lof/run_all/data/GCST90082438_buildGRCh38_M1_001_ensg_beta_se.csv
GCST90078680	GCST90082665	/gpfs/chencao/qinminzhang/workflow/ldsc/GWAS/all/GCST90078680.txt.gz	/gpfs/chencao/qinminzhang/workflow/catalog_lof/run_all/data/GCST90082665_buildGRCh38_M1_001_ensg_beta_se.csv
GCST90078375	GCST90082361	/gpfs/chencao/qinminzhang/workflow/ldsc/GWAS/all/GCST90078375.txt.gz	/gpfs/chencao/qinminzhang/workflow/catalog_lof/run_all/data/GCST90082361_buildGRCh38_M1_001_ensg_beta_se.csv
GCST90078376	GCST90082362	/gpfs/chencao/qinminzhang/workflow/ldsc/GWAS/all/GCST90078376.txt.gz	/gpfs/chencao/qinminzhang/workflow/catalog_lof/run_all/data/GCST90082362_buildGRCh38_M1_001_ensg_beta_se.csv
GCST90078521	GCST90082508	/gpfs/chencao/qinminzhang/workflow/ldsc/GWAS/all/GCST90078521.txt.gz	/gpfs/chencao/qinminzhang/workflow/catalog_lof/run_all/data/GCST90082508_buildGRCh38_M1_001_ensg_beta_se.csv
GCST90077582	GCST90081568	/gpfs/chencao/qinminzhang/workflow/ldsc/GWAS/all/GCST90077582.txt.gz	/gpfs/chencao/qinminzhang/workflow/catalog_lof/run_all/data/GCST90081568_buildGRCh38_M1_001_ensg_beta_se.csv
GCST90079424	GCST90083410	/gpfs/chencao/qinminzhang/workflow/ldsc/GWAS/all/GCST90079424.txt.gz	/gpfs/chencao/qinminzhang/workflow/catalog_lof/run_all/data/GCST90083410_buildGRCh38_M1_001_ensg_beta_se.csv
GCST90078971	GCST90082957	/gpfs/chencao/qinminzhang/workflow/ldsc/GWAS/all/GCST90078971.txt.gz	/gpfs/chencao/qinminzhang/workflow/catalog_lof/run_all/data/GCST90082957_buildGRCh38_M1_001_ensg_beta_se.csv
GCST90078574	GCST90082560	/gpfs/chencao/qinminzhang/workflow/ldsc/GWAS/all/GCST90078574.txt.gz	/gpfs/chencao/qinminzhang/workflow/catalog_lof/run_all/data/GCST90082560_buildGRCh38_M1_001_ensg_beta_se.csv
GCST90079085	GCST90083071	/gpfs/chencao/qinminzhang/workflow/ldsc/GWAS/all/GCST90079085.txt.gz	/gpfs/chencao/qinminzhang/workflow/catalog_lof/run_all/data/GCST90083071_buildGRCh38_M1_001_ensg_beta_se.csv
GCST90079086	GCST90083072	/gpfs/chencao/qinminzhang/workflow/ldsc/GWAS/all/GCST90079086.txt.gz	/gpfs/chencao/qinminzhang/workflow/catalog_lof/run_all/data/GCST90083072_buildGRCh38_M1_001_ensg_beta_se.csv
GCST90079427	GCST90083413	/gpfs/chencao/qinminzhang/workflow/ldsc/GWAS/all/GCST90079427.txt.gz	/gpfs/chencao/qinminzhang/workflow/catalog_lof/run_all/data/GCST90083413_buildGRCh38_M1_001_ensg_beta_se.csv
GCST90079134	GCST90083120	/gpfs/chencao/qinminzhang/workflow/ldsc/GWAS/all/GCST90079134.txt.gz	/gpfs/chencao/qinminzhang/workflow/catalog_lof/run_all/data/GCST90083120_buildGRCh38_M1_001_ensg_beta_se.csv
GCST90078378	GCST90082364	/gpfs/chencao/qinminzhang/workflow/ldsc/GWAS/all/GCST90078378.txt.gz	/gpfs/chencao/qinminzhang/workflow/catalog_lof/run_all/data/GCST90082364_buildGRCh38_M1_001_ensg_beta_se.csv
GCST90078379	GCST90082365	/gpfs/chencao/qinminzhang/workflow/ldsc/GWAS/all/GCST90078379.txt.gz	/gpfs/chencao/qinminzhang/workflow/catalog_lof/run_all/data/GCST90082365_buildGRCh38_M1_001_ensg_beta_se.csv
GCST90078522	GCST90082509	/gpfs/chencao/qinminzhang/workflow/ldsc/GWAS/all/GCST90078522.txt.gz	/gpfs/chencao/qinminzhang/workflow/catalog_lof/run_all/data/GCST90082509_buildGRCh38_M1_001_ensg_beta_se.csv
MR00169	GCST90083452	/gpfs/chencao/qinminzhang/workflow/ldsc/GWAS/all/MR00169.txt.gz	/gpfs/chencao/qinminzhang/workflow/catalog_lof/run_all/data/GCST90083452_buildGRCh38_M1_001_ensg_beta_se.csv
MR09563	GCST90083453	/gpfs/chencao/qinminzhang/workflow/ldsc/GWAS/all/MR09563.txt.gz	/gpfs/chencao/qinminzhang/workflow/catalog_lof/run_all/data/GCST90083453_buildGRCh38_M1_001_ensg_beta_se.csv
MR14320	GCST90083454	/gpfs/chencao/qinminzhang/workflow/ldsc/GWAS/all/MR14320.txt.gz	/gpfs/chencao/qinminzhang/workflow/catalog_lof/run_all/data/GCST90083454_buildGRCh38_M1_001_ensg_beta_se.csv
MR18842	GCST90083455	/gpfs/chencao/qinminzhang/workflow/ldsc/GWAS/all/MR18842.txt.gz	/gpfs/chencao/qinminzhang/workflow/catalog_lof/run_all/data/GCST90083455_buildGRCh38_M1_001_ensg_beta_se.csv
MR27935	GCST90083456	/gpfs/chencao/qinminzhang/workflow/ldsc/GWAS/all/MR27935.txt.gz	/gpfs/chencao/qinminzhang/workflow/catalog_lof/run_all/data/GCST90083456_buildGRCh38_M1_001_ensg_beta_se.csv
GCST90078381	GCST90082367	/gpfs/chencao/qinminzhang/workflow/ldsc/GWAS/all/GCST90078381.txt.gz	/gpfs/chencao/qinminzhang/workflow/catalog_lof/run_all/data/GCST90082367_buildGRCh38_M1_001_ensg_beta_se.csv
GCST90078382	GCST90082368	/gpfs/chencao/qinminzhang/workflow/ldsc/GWAS/all/GCST90078382.txt.gz	/gpfs/chencao/qinminzhang/workflow/catalog_lof/run_all/data/GCST90082368_buildGRCh38_M1_001_ensg_beta_se.csv
GCST90078384	GCST90082370	/gpfs/chencao/qinminzhang/workflow/ldsc/GWAS/all/GCST90078384.txt.gz	/gpfs/chencao/qinminzhang/workflow/catalog_lof/run_all/data/GCST90082370_buildGRCh38_M1_001_ensg_beta_se.csv
GCST90078385	GCST90082371	/gpfs/chencao/qinminzhang/workflow/ldsc/GWAS/all/GCST90078385.txt.gz	/gpfs/chencao/qinminzhang/workflow/catalog_lof/run_all/data/GCST90082371_buildGRCh38_M1_001_ensg_beta_se.csv
MR02265	GCST90083423	/gpfs/chencao/qinminzhang/workflow/ldsc/GWAS/all/MR02265.txt.gz	/gpfs/chencao/qinminzhang/workflow/catalog_lof/run_all/data/GCST90083423_buildGRCh38_M1_001_ensg_beta_se.csv
GCST90691700	GCST90083424	/gpfs/chencao/qinminzhang/workflow/ldsc/GWAS/all/GCST90691700.txt.gz	/gpfs/chencao/qinminzhang/workflow/catalog_lof/run_all/data/GCST90083424_buildGRCh38_M1_001_ensg_beta_se.csv
GCST90079486	GCST90083472	/gpfs/chencao/qinminzhang/workflow/ldsc/GWAS/all/GCST90079486.txt.gz	/gpfs/chencao/qinminzhang/workflow/catalog_lof/run_all/data/GCST90083472_buildGRCh38_M1_001_ensg_beta_se.csv
GCST90078410	GCST90082398	/gpfs/chencao/qinminzhang/workflow/ldsc/GWAS/all/GCST90078410.txt.gz	/gpfs/chencao/qinminzhang/workflow/catalog_lof/run_all/data/GCST90082398_buildGRCh38_M1_001_ensg_beta_se.csv
GCST90079425	GCST90083411	/gpfs/chencao/qinminzhang/workflow/ldsc/GWAS/all/GCST90079425.txt.gz	/gpfs/chencao/qinminzhang/workflow/catalog_lof/run_all/data/GCST90083411_buildGRCh38_M1_001_ensg_beta_se.csv
MR07952	GCST90083425	/gpfs/chencao/qinminzhang/workflow/ldsc/GWAS/all/MR07952.txt.gz	/gpfs/chencao/qinminzhang/workflow/catalog_lof/run_all/data/GCST90083425_buildGRCh38_M1_001_ensg_beta_se.csv
GCST90078608	GCST90082594	/gpfs/chencao/qinminzhang/workflow/ldsc/GWAS/all/GCST90078608.txt.gz	/gpfs/chencao/qinminzhang/workflow/catalog_lof/run_all/data/GCST90082594_buildGRCh38_M1_001_ensg_beta_se.csv
GCST90079428	GCST90083414	/gpfs/chencao/qinminzhang/workflow/ldsc/GWAS/all/GCST90079428.txt.gz	/gpfs/chencao/qinminzhang/workflow/catalog_lof/run_all/data/GCST90083414_buildGRCh38_M1_001_ensg_beta_se.csv
GCST90078523	GCST90082510	/gpfs/chencao/qinminzhang/workflow/ldsc/GWAS/all/GCST90078523.txt.gz	/gpfs/chencao/qinminzhang/workflow/catalog_lof/run_all/data/GCST90082510_buildGRCh38_M1_001_ensg_beta_se.csv
GCST90079102	GCST90083088	/gpfs/chencao/qinminzhang/workflow/ldsc/GWAS/all/GCST90079102.txt.gz	/gpfs/chencao/qinminzhang/workflow/catalog_lof/run_all/data/GCST90083088_buildGRCh38_M1_001_ensg_beta_se.csv
GCST90079103	GCST90083089	/gpfs/chencao/qinminzhang/workflow/ldsc/GWAS/all/GCST90079103.txt.gz	/gpfs/chencao/qinminzhang/workflow/catalog_lof/run_all/data/GCST90083089_buildGRCh38_M1_001_ensg_beta_se.csv
GCST90079104	GCST90083090	/gpfs/chencao/qinminzhang/workflow/ldsc/GWAS/all/GCST90079104.txt.gz	/gpfs/chencao/qinminzhang/workflow/catalog_lof/run_all/data/GCST90083090_buildGRCh38_M1_001_ensg_beta_se.csv
GCST90079105	GCST90083091	/gpfs/chencao/qinminzhang/workflow/ldsc/GWAS/all/GCST90079105.txt.gz	/gpfs/chencao/qinminzhang/workflow/catalog_lof/run_all/data/GCST90083091_buildGRCh38_M1_001_ensg_beta_se.csv
GCST90079090	GCST90083076	/gpfs/chencao/qinminzhang/workflow/ldsc/GWAS/all/GCST90079090.txt.gz	/gpfs/chencao/qinminzhang/workflow/catalog_lof/run_all/data/GCST90083076_buildGRCh38_M1_001_ensg_beta_se.csv
GCST90078571	GCST90082557	/gpfs/chencao/qinminzhang/workflow/ldsc/GWAS/all/GCST90078571.txt.gz	/gpfs/chencao/qinminzhang/workflow/catalog_lof/run_all/data/GCST90082557_buildGRCh38_M1_001_ensg_beta_se.csv
GCST90078548	GCST90082534	/gpfs/chencao/qinminzhang/workflow/ldsc/GWAS/all/GCST90078548.txt.gz	/gpfs/chencao/qinminzhang/workflow/catalog_lof/run_all/data/GCST90082534_buildGRCh38_M1_001_ensg_beta_se.csv
GCST90079519	GCST90083510	/gpfs/chencao/qinminzhang/workflow/ldsc/GWAS/all/GCST90079519.txt.gz	/gpfs/chencao/qinminzhang/workflow/catalog_lof/run_all/data/GCST90083510_buildGRCh38_M1_001_ensg_beta_se.csv
GCST90078605	GCST90082591	/gpfs/chencao/qinminzhang/workflow/ldsc/GWAS/all/GCST90078605.txt.gz	/gpfs/chencao/qinminzhang/workflow/catalog_lof/run_all/data/GCST90082591_buildGRCh38_M1_001_ensg_beta_se.csv
GCST90079114	GCST90083100	/gpfs/chencao/qinminzhang/workflow/ldsc/GWAS/all/GCST90079114.txt.gz	/gpfs/chencao/qinminzhang/workflow/catalog_lof/run_all/data/GCST90083100_buildGRCh38_M1_001_ensg_beta_se.csv
